#
# There is insufficient memory for the Java Runtime Environment to continue.
# Native memory allocation (malloc) failed to allocate 1999696 bytes. Error detail: Chunk::new
# Possible reasons:
#   The system is out of physical RAM or swap space
#   This process is running with CompressedOops enabled, and the Java Heap may be blocking the growth of the native heap
# Possible solutions:
#   Reduce memory load on the system
#   Increase physical memory or swap space
#   Check if swap backing store is full
#   Decrease Java heap size (-Xmx/-Xms)
#   Decrease number of Java threads
#   Decrease Java thread stack sizes (-Xss)
#   Set larger code cache with -XX:ReservedCodeCacheSize=
#   JVM is running with Unscaled Compressed Oops mode in which the Java heap is
#     placed in the first 4GB address space. The Java Heap base address is the
#     maximum limit for the native heap growth. Please use -XX:HeapBaseMinAddress
#     to set the Java Heap base and to place the Java Heap above 4GB virtual address.
# This output file may be truncated or incomplete.
#
#  Out of Memory Error (arena.cpp:168), pid=14876, tid=9012
#
# JRE version: OpenJDK Runtime Environment Temurin-21.0.12.1+1 (21.0.12.1+1) (build 21.0.12.1+1-LTS)
# Java VM: OpenJDK 64-Bit Server VM Temurin-21.0.12.1+1 (21.0.12.1+1-LTS, mixed mode, sharing, tiered, compressed oops, compressed class ptrs, parallel gc, windows-amd64)
# No core dump will be written. Minidumps are not enabled by default on client versions of Windows
#

---------------  S U M M A R Y ------------

Command Line: --add-modules=ALL-SYSTEM --add-opens=java.base/java.util=ALL-UNNAMED --add-opens=java.base/java.lang=ALL-UNNAMED --add-opens=java.base/sun.nio.fs=ALL-UNNAMED -Declipse.application=org.eclipse.jdt.ls.core.id1 -Dosgi.bundles.defaultStartLevel=4 -Declipse.product=org.eclipse.jdt.ls.core.product -Djava.import.generatesMetadataFilesAtProjectRoot=false -Dm2e.project.cache.size=50 -DDetectVMInstallationsJob.disabled=true -Dfile.encoding=utf8 -XX:+UseParallelGC -XX:GCTimeRatio=4 -XX:AdaptiveSizePolicyWeight=90 -Dsun.zip.disableMemoryMapping=true -Xmx2G -Xms100m -Xlog:disable -javaagent:c:\Users\Cesde\.cursor\extensions\redhat.java-1.56.0-win32-x64\lombok\lombok-1.18.39-4050.jar -XX:+HeapDumpOnOutOfMemoryError -XX:HeapDumpPath=c:\Users\Cesde\AppData\Roaming\Cursor\User\workspaceStorage\4ef8faa889a9d1ca3221bf840ce08ccb\redhat.java -Daether.dependencyCollector.impl=bf c:\Users\Cesde\.cursor\extensions\redhat.java-1.56.0-win32-x64\server\plugins\org.eclipse.equinox.launcher_1.8.0.v20260804-1928.jar -configuration c:\Users\Cesde\AppData\Roaming\Cursor\User\globalStorage\redhat.java\1.56.0\config_win -data c:\Users\Cesde\AppData\Roaming\Cursor\User\workspaceStorage\4ef8faa889a9d1ca3221bf840ce08ccb\redhat.java\jdt_ws --stdio

Host: 11th Gen Intel(R) Core(TM) i7-1165G7 @ 2.80GHz, 8 cores, 15G,  Windows 11 , 64 bit Build 26100 (10.0.26100.9444)
Time: Fri Sep 18 20:25:21 2026 Hora est. Pacífico, Sudamérica elapsed time: 1918.396259 seconds (0d 0h 31m 58s)

---------------  T H R E A D  ---------------

Current thread (0x00000298926eb600):  JavaThread "C2 CompilerThread0" daemon [_thread_in_native, id=9012, stack(0x000000ffe4b00000,0x000000ffe4c00000) (1024K)]


Current CompileTask:
C2:1918396 23121   !   4       org.gradle.launcher.daemon.registry.PersistentDaemonRegistry::getDaemonsMatching (104 bytes)

Stack: [0x000000ffe4b00000,0x000000ffe4c00000]
Native frames: (J=compiled Java code, j=interpreted, Vv=VM code, C=native code)
V  [jvm.dll+0x6d83e9]
V  [jvm.dll+0x8b5736]
V  [jvm.dll+0x8b7cee]
V  [jvm.dll+0x8b83d3]
V  [jvm.dll+0x284596]
V  [jvm.dll+0xc685d]
V  [jvm.dll+0xc6da1]
V  [jvm.dll+0x3bf151]
V  [jvm.dll+0x38b6d2]
V  [jvm.dll+0x38ab1a]
V  [jvm.dll+0x24c700]
V  [jvm.dll+0x24bce0]
V  [jvm.dll+0x1cb4ae]
V  [jvm.dll+0x25baad]
V  [jvm.dll+0x25a03a]
V  [jvm.dll+0x3f8aae]
V  [jvm.dll+0x8600cd]
V  [jvm.dll+0x6d6c1d]
C  [ucrtbase.dll+0x2cd30]
C  [KERNEL32.DLL+0x2cd87]
C  [ntdll.dll+0xacaec]


---------------  P R O C E S S  ---------------

Threads class SMR info:
_java_thread_list=0x00000298f76d1c80, length=3425, elements={
0x000002989275e300, 0x000002989281c890, 0x00000298926d3fb0, 0x00000298926d97b0,
0x00000298926da690, 0x00000298926dec90, 0x00000298926df6f0, 0x00000298926eb600,
0x000002989270e760, 0x00000298ebca1dc0, 0x00000298ebd4f2c0, 0x00000298f05cd160,
0x00000298f046ada0, 0x00000298f01bd760, 0x00000298f0b027f0, 0x00000298f0eb4140,
0x00000298f1323570, 0x00000298ebc0f3a0, 0x00000298f074aab0, 0x00000298f074be60,
0x00000298f0749700, 0x00000298f074b7d0, 0x00000298f2cdf2b0, 0x00000298f2ce1380,
0x00000298f2cdf940, 0x00000298f2ce1a10, 0x00000298f2ce3450, 0x00000298f2ce4800,
0x00000298f2ce4e90, 0x00000298f23946e0, 0x00000298f2392610, 0x00000298f23918f0,
0x00000298f38afa10, 0x00000298f38b2800, 0x00000298f38b5c80, 0x00000298f38b3520,
0x00000298f38b4240, 0x00000298f38b48d0, 0x00000298f77d1680, 0x00000298f77d4470,
0x00000298f77d5190, 0x00000298f77d7260, 0x00000298f0378590, 0x00000298f2f1b260,
0x00000298f2f1e6e0, 0x00000298f08d5e60, 0x00000298f4b69550, 0x00000298f4b72c40,
0x00000298ebcf7b60, 0x00000298f6f94d90, 0x00000298f6fab680, 0x00000298f81012d0,
0x00000298fd0c1dc0, 0x00000298fd0c2450, 0x00000298fd0c86c0, 0x00000298fd0c6c80,
0x00000298fd0cbb40, 0x00000298fd0d37f0, 0x00000298fd0dc1c0, 0x00000298f6f9b690,
0x00000298f6fa39d0, 0x00000298f81105a0, 0x00000298f1e6c590, 0x00000298f1e73520,
0x00000298f77d23a0, 0x00000298f77d5820, 0x00000298f4b681a0, 0x00000298fd0dc850,
0x00000298f8111950, 0x00000298f69a0ff0, 0x00000298f08d3070, 0x00000298f1e71450,
0x00000298f1e6dfd0, 0x00000298f6fa1900, 0x00000298f80a92d0, 0x00000298f2f1b8f0,
0x00000298f6fb1260, 0x00000298f1e776c0, 0x00000298f6faaff0, 0x00000298f6f9fec0,
0x00000298f699e890, 0x00000298f67c0aa0, 0x00000298f67aaed0, 0x00000298f67acfa0,
0x00000298f67b1e60, 0x00000298f67b38a0, 0x00000298f8114dd0, 0x00000298f80c0250,
0x00000298fdd85260, 0x00000298fdd89a90, 0x00000298fdd8b4d0, 0x00000298fdd92460,
0x00000298fdd93ea0, 0x00000298fdd96c90, 0x00000298f6fb2610, 0x0000029907a09270,
0x0000029907a16b00, 0x0000029907a1e120, 0x0000029907a19f80, 0x0000029907a201f0,
0x00000299079efb90, 0x00000299079fa630, 0x00000298fdda7310, 0x00000298fdd7e2d0,
0x00000298fdd7bb70, 0x00000298fdd89400, 0x00000298fdd8c880, 0x00000298fdd8cf10,
0x00000298fdd91740, 0x00000298fdd8f670, 0x00000298fdd90390, 0x00000298fdd84bd0,
0x00000298fdd95f70, 0x00000298fdd96600, 0x00000298fdd979b0, 0x00000298fdd9e2b0,
0x0000029907a0a620, 0x0000029907a0c060, 0x0000029907a0acb0, 0x0000029907a12960,
0x0000029907a1f4d0, 0x0000029907a22fe0, 0x0000029907a298e0, 0x0000029907a28bc0,
0x00000298f4882270, 0x0000029907a071a0, 0x00000299079f6490, 0x00000299079f36a0,
0x00000299079f08b0, 0x00000299079fe140, 0x0000029907a18540, 0x0000029907a1b9c0,
0x0000029907a10890, 0x00000299079facc0, 0x0000029907a05760, 0x0000029907a23670,
0x00000298fdd6b4f0, 0x00000298fdd6c8a0, 0x00000298fdd703b0, 0x00000298fdd73830,
0x00000298fdd7a130, 0x00000298fdd803a0, 0x00000298fdd85f80, 0x00000298fdd8c1f0,
0x00000298fdd88d70, 0x00000298fdd9e940, 0x00000298f81040c0, 0x00000298f8111fe0,
0x00000298f6fa5aa0, 0x00000298fd0c1730, 0x00000298fd0dbb30, 0x00000298f08d3700,
0x00000298f08d5140, 0x00000298f6faca30, 0x00000298f4889200, 0x00000298ebcf67b0,
0x00000298f6f9ca40, 0x00000299084af2d0, 0x00000299084afff0, 0x00000299084b1a30,
0x00000299084b13a0, 0x00000299084b3470, 0x00000299084b4eb0, 0x00000299084b5bd0,
0x00000299084b89c0, 0x00000299084b96e0, 0x00000299084b7ca0, 0x00000299084b9d70,
0x00000299084be5a0, 0x00000299084bcb60, 0x00000299084c2dd0, 0x00000299084c4810,
0x00000299084c3af0, 0x00000299084c4ea0, 0x00000299084c9d60, 0x00000299084ca3f0,
0x00000299084c7c90, 0x00000299084c6f70, 0x00000299084c9040, 0x00000299084caa80,
0x00000299084ce590, 0x00000299084cd870, 0x00000299084cd1e0, 0x00000299084cf940,
0x00000299084d0660, 0x00000299084cffd0, 0x00000299084d1380, 0x00000299084cf2b0,
0x00000299084d4e90, 0x00000299084d2730, 0x00000299084d3450, 0x00000299084d3ae0,
0x00000299084d6f60, 0x00000299084d68d0, 0x00000299084d75f0, 0x00000299084d9030,
0x00000299084d9d50, 0x00000299084da3e0, 0x00000299084d8310, 0x00000299084dbe20,
0x00000299084d96c0, 0x00000299084db100, 0x00000299084df2a0, 0x00000299084de580,
0x00000299084dc4b0, 0x00000299084dffc0, 0x00000299084e1a00, 0x00000299084e2090,
0x00000299084e4160, 0x00000299084e0ce0, 0x00000299084e6f50, 0x00000299084e5510,
0x00000299084e6230, 0x00000299084b6f80, 0x00000299084b9050, 0x00000299079ee7e0,
0x00000299079f22f0, 0x0000029907a03d20, 0x00000299079f7ed0, 0x0000029907a1c050,
0x0000029907a00f30, 0x00000298fdd6d5c0, 0x00000298fdd74550, 0x00000298fdd6e970,
0x00000298fdd78060, 0x00000298f8101960, 0x00000298f81033a0, 0x00000298f6f967d0,
0x00000298f2ce3ae0, 0x00000298f2ce0660, 0x00000298f6fa4060, 0x0000029907a07830,
0x00000298f67bcf90, 0x00000298f81140b0, 0x00000298f037fbb0, 0x0000029908fb1940,
0x0000029908fb3380, 0x0000029908fb0c20, 0x0000029908fb1fd0, 0x0000029908fb6170,
0x0000029908fb5ae0, 0x0000029908fb40a0, 0x0000029908fb7bb0, 0x0000029908fb5450,
0x0000029908fb4dc0, 0x0000029908fba310, 0x0000029908fb88d0, 0x0000029908fb7520,
0x0000029908fbb6c0, 0x0000029908fbbd50, 0x0000029908fbd100, 0x0000029908fba9a0,
0x0000029908fc12a0, 0x0000029908fc1930, 0x0000029908fbfef0, 0x0000029908fc0c10,
0x0000029908fbf1d0, 0x0000029908fc6160, 0x0000029908fc4090, 0x0000029908fc3370,
0x0000029908fc3a00, 0x0000029908fc4db0, 0x0000029908fc2ce0, 0x0000029908fc6e80,
0x0000029908fcbd40, 0x0000029908fc88c0, 0x0000029908fc9c70, 0x0000029908fcca60,
0x0000029908fcf1c0, 0x0000029908fceb30, 0x0000029908fd1fb0, 0x0000029908fd3360,
0x0000029908fd4710, 0x0000029908f97540, 0x0000029908f97bd0, 0x0000029908f9b050,
0x0000029908f98260, 0x0000029908f9eb60, 0x0000029908fa1950, 0x0000029908f9e4d0,
0x0000029908fa4dd0, 0x0000029908fa8f70, 0x0000029908fa6180, 0x0000029908fa3390,
0x0000029908fa8250, 0x0000029908fa9c90, 0x0000029908faa320, 0x0000029908fa6ea0,
0x0000029908faa9b0, 0x0000029908fac3f0, 0x00000299084b6260, 0x00000298f1e6bf00,
0x00000298f1e69110, 0x00000298f80bb390, 0x00000298f80b5120, 0x00000299084ba400,
0x00000298f77d30c0, 0x0000029908fae4c0, 0x00000298f6fa0be0, 0x00000298f70f4760,
0x00000298f037ee90, 0x00000298f67ae9e0, 0x00000298f6fa9c40, 0x0000029908d0c700,
0x0000029908d0b350, 0x0000029908d143b0, 0x0000029908d13d20, 0x0000029908d19270,
0x0000029908d1d410, 0x0000029908d1b340, 0x0000029908d1ee50, 0x0000029908d1fb70,
0x0000029908d1daa0, 0x0000029908d1f4e0, 0x0000029908d1cd80, 0x0000029908d22960,
0x0000029908d20890, 0x0000029908d22ff0, 0x0000029908d25de0, 0x0000029908d29f80,
0x0000029908d2aca0, 0x0000029908d29260, 0x0000029908d2a610, 0x0000029908d25750,
0x0000029908d28540, 0x0000029908d2ee40, 0x0000029908d30880, 0x0000029908cf1c70,
0x0000029908cf7ee0, 0x0000029908cf5e10, 0x0000029908cf9290, 0x0000029908cfacd0,
0x0000029908cfdac0, 0x0000029908cff500, 0x0000029908cfe7e0, 0x0000029908d043c0,
0x0000029908d04a50, 0x0000029908d03010, 0x0000029908d05770, 0x0000029908d08bf0,
0x0000029908d06490, 0x0000029908d071b0, 0x0000029908d06b20, 0x0000029908d11c50,
0x0000029908d0e7d0, 0x0000029908f94de0, 0x0000029908f98f80, 0x0000029908f96820,
0x0000029908f9bd70, 0x0000029908f9f1f0, 0x0000029908fcb020, 0x00000298f80aba30,
0x00000298f80a9ff0, 0x00000298f80ac750, 0x00000298f80b5e40, 0x00000298f80b57b0,
0x00000298f67a80e0, 0x00000298f67a66a0, 0x00000298f67bdcb0, 0x00000298f67bb550,
0x00000298fd0db4a0, 0x00000298fd0cb4b0, 0x0000029908d0ee60, 0x0000029908d0f4f0,
0x0000029908d26b00, 0x00000298f1e75c80, 0x00000298f4b66df0, 0x00000298fdda3800,
0x00000298f70f4df0, 0x00000298f70f8900, 0x00000298f70f8f90, 0x00000298f487e760,
0x00000298f4889890, 0x00000298f08d85c0, 0x00000298f811a320, 0x00000298f8117530,
0x00000298f80fff20, 0x00000298f8108260, 0x00000298f8110c30, 0x00000298f810ff10,
0x00000298f810e4d0, 0x00000298f8116ea0, 0x00000298fd0d86b0, 0x00000298f4b704e0,
0x00000298f80afbd0, 0x00000298f80b1ca0, 0x00000298f2395400, 0x0000029907a150c0,
0x00000298f67a6010, 0x00000298f4885060, 0x00000298f23939c0, 0x00000298f77d8ca0,
0x00000298fdd8a7b0, 0x00000298ebcf6120, 0x00000298f70f3a40, 0x00000298f1e76310,
0x00000298f4b73ff0, 0x00000299079f8bf0, 0x0000029907a0fb70, 0x0000029907a10200,
0x00000298fd0dcee0, 0x00000298f2392ca0, 0x00000299079f3d30, 0x00000299084df930,
0x00000298fd0d5f50, 0x00000298fd0ccef0, 0x00000298fd0d65e0, 0x00000298f67c45b0,
0x00000299084e0650, 0x00000299079f0220, 0x00000298f67adcc0, 0x00000299084b20c0,
0x00000298ebcfa2c0, 0x0000029907a1da90, 0x000002990b1e90e0, 0x000002990b1e9e00,
0x000002990b1e83c0, 0x000002990b1ee630, 0x000002990b1ebed0, 0x000002990b1edfa0,
0x000002990b1ec560, 0x000002990b1f0700, 0x000002990b1ed280, 0x000002990b1f0d90,
0x000002990b1b3bc0, 0x000002990b1b4f70, 0x000002990b1b48e0, 0x000002990b1b3530,
0x000002990b1f1ab0, 0x000002990b1b4250, 0x000002990b1b5600, 0x000002990b1b2ea0,
0x000002990b1b2810, 0x000002990b1b97a0, 0x000002990b1b9e30, 0x000002990b1b83f0,
0x000002990b1b9110, 0x000002990b1bc590, 0x000002990b1be660, 0x000002990b1bf380,
0x000002990b1c0dc0, 0x000002990b1c1ae0, 0x000002990b1c4f60, 0x000002990b1becf0,
0x000002990b1c2800, 0x000002990b1c4240, 0x000002990b1c2e90, 0x000002990b1c6310,
0x000002990b1c55f0, 0x000002990b1c9100, 0x000002990b1c9790, 0x000002990b1c9e20,
0x000002990b1c7d50, 0x000002990b1cb860, 0x000002990b1cd930, 0x000002990b1cf370,
0x000002990b1cc580, 0x000002990b1d0090, 0x000002990b1ce650, 0x000002990b1d1440,
0x000002990b1d27f0, 0x000002990b1d2e80, 0x000002990b1cfa00, 0x000002990b1d2160,
0x000002990b1d48c0, 0x000002990b1d1ad0, 0x000002990b1d55e0, 0x000002990b1d7020,
0x000002990b1d6990, 0x000002990b1d9e10, 0x000002990b1d90f0, 0x000002990b1d76b0,
0x000002990b1dab30, 0x000002990b1da4a0, 0x000002990b1ddfb0, 0x000002990b1df9f0,
0x000002990b1e0080, 0x000002990b1dbee0, 0x000002990b1e0710, 0x000002990b1c76c0,
0x000002990b1cdfc0, 0x000002990b1cece0, 0x000002990b1cd2a0, 0x000002990b1de640,
0x000002990b1e27e0, 0x000002990b1e4220, 0x000002990b1e2e70, 0x000002990b1e4f40,
0x000002990b1e1ac0, 0x000002990b1e48b0, 0x000002990b1e55d0, 0x000002990b1e3b90,
0x000002990b1cb1d0, 0x00000298fdd81750, 0x00000298fdda4520, 0x00000298fdda0a10,
0x00000298f67af700, 0x00000298f67af070, 0x00000298f67b5970, 0x00000298f67be340,
0x00000298f6faeb00, 0x00000298f6f9bd20, 0x00000298f6f9c3b0, 0x00000298f6fa6e50,
0x00000298f6fa95b0, 0x00000298f1e6ecf0, 0x00000298f1e700a0, 0x00000298f80fde50,
0x00000298f80ff890, 0x00000299084ea3d0, 0x00000299084c1390, 0x0000029907a122d0,
0x00000298f699b410, 0x00000298f2f1e050, 0x00000298f6f96140, 0x00000298f70f2d20,
0x00000298f80a5e50, 0x00000298fd0d2440, 0x00000298f0379fd0, 0x00000298f6fad750,
0x00000298f6fa8f20, 0x00000298fd0d8d40, 0x00000298fd0dd570, 0x00000298f810ca90,
0x00000298f487e0d0, 0x00000298f4881be0, 0x00000298f4880830, 0x0000029908fc7510,
0x0000029908faf1e0, 0x0000029908fc8230, 0x0000029908f96eb0, 0x00000298f4b67b10,
0x00000298f8100c40, 0x00000298fdda65f0, 0x00000298fdd958e0, 0x00000298f037acf0,
0x00000298fd0d4510, 0x00000298f2ce2730, 0x00000298f487f480, 0x00000298f1e72e90,
0x00000298f810b6e0, 0x00000298f67b52e0, 0x00000299079f43c0, 0x000002990cf00140,
0x000002990cf00e60, 0x000002990cefe070, 0x000002990cefe700, 0x000002990cf014f0,
0x000002990cf028a0, 0x000002990cf07760, 0x000002990cf06a40, 0x000002990cf04970,
0x000002990cf09ec0, 0x000002990cf0ccb0, 0x000002990cf0d9d0, 0x000002990cf0e060,
0x000002990cf0a550, 0x000002990cf10e50, 0x000002990cf0faa0, 0x000002990cf12200,
0x000002990cf17de0, 0x000002990cf15680, 0x000002990cf170c0, 0x000002990cf11b70,
0x000002990cf13c40, 0x000002990cf1a540, 0x00000299079f1c60, 0x0000029907a0cd80,
0x0000029908d18be0, 0x0000029908d18550, 0x000002990cf19190, 0x0000029908fa3a20,
0x000002990b1df360, 0x00000298f4885d80, 0x00000298f1e70730, 0x00000298f1e72800,
0x00000298f1e74240, 0x000002990b1decd0, 0x00000298f38af380, 0x00000298fd0cc1d0,
0x00000298fd0cdc10, 0x00000298f4b6c9d0, 0x00000298f037ba10, 0x0000029907a26460,
0x00000298f38b6310, 0x000002990a7c8540, 0x000002990a7ca610, 0x000002990a7cc050,
0x000002990a7cee40, 0x000002990a7d01f0, 0x000002990a7d1c30, 0x000002990a7d4a20,
0x000002990a7db9b0, 0x000002990a7dcd60, 0x000002990a7e2fd0, 0x000002990a7e2940,
0x000002990cf05000, 0x000002990cf0ed80, 0x000002990cf0b270, 0x000002990cf10130,
0x000002990cf142d0, 0x000002990cf12890, 0x000002990cf163a0, 0x0000029908f9ca90,
0x0000029908fa7530, 0x0000029908fbde20, 0x0000029908fcd0f0, 0x0000029908fd4080,
0x0000029908fca990, 0x00000299079f2980, 0x00000299079f6b20, 0x00000299079ffb80,
0x0000029907a1b330, 0x00000298f80ad470, 0x00000298f80bc0b0, 0x00000299084adf20,
0x00000299084b2750, 0x000002990cf18470, 0x000002990cf15d10, 0x000002990cf19eb0,
0x00000298f6f96e60, 0x000002990a7c7eb0, 0x000002990a7c9f80, 0x000002990a7c8bd0,
0x00000298f4b71f20, 0x00000298f8117bc0, 0x000002990b1cab40, 0x00000298fd0d93d0,
0x00000298f6fb2ca0, 0x000002990a7ce7b0, 0x000002990a7cf4d0, 0x000002990a7c6470,
0x00000298f6faa960, 0x00000298f80c0f70, 0x000002990b1dd290, 0x00000298f037cdc0,
0x00000298f38b1ae0, 0x00000298fdd98040, 0x000002990cf02f30, 0x00000299084b0680,
0x000002990cf05690, 0x000002990a7d0f10, 0x000002990a7d2fe0, 0x000002990a7caca0,
0x000002990cf007d0, 0x000002990cf05d20, 0x000002990a7d7ea0, 0x000002990a7dc040,
0x000002990a7d8bc0, 0x000002990a7e1590, 0x0000029908fd1290, 0x00000298ebcfbd00,
0x000002990a7d50b0, 0x000002990a7c7820, 0x000002990a7e22b0, 0x00000298f80b3d70,
0x00000298fdd6fd20, 0x00000298fdd7c890, 0x000002990a7d0880, 0x000002990a7d15a0,
0x000002990a7d5740, 0x000002990a7da600, 0x000002990a7db320, 0x000002990a7e3cf0,
0x00000298fdd75270, 0x00000298fdd79410, 0x00000298ebcfc390, 0x00000298f6fa1f90,
0x00000298f67abbf0, 0x0000029908f95470, 0x00000298f70f5b10, 0x00000299079ecda0,
0x000002990a7e1c20, 0x0000029908d13000, 0x00000298f6f9a970, 0x00000298f81005b0,
0x00000298f1e73bb0, 0x00000298f67a9b20, 0x00000298f2f19190, 0x000002990cf03c50,
0x00000298f810de40, 0x00000298f48801a0, 0x000002990fa46200, 0x000002990fa48960,
0x000002990fa475b0, 0x000002990fa47c40, 0x000002990fa48ff0, 0x000002990fa4a3a0,
0x000002990fa46f20, 0x000002990fa4b0c0, 0x000002990fa4cb00, 0x000002990fa4d190,
0x000002990fa4d820, 0x000002990fa4deb0, 0x000002990fa4ebd0, 0x000002990fa4f260,
0x000002990fa4bde0, 0x000002990fa50610, 0x000002990fa4b750, 0x000002990fa4ff80,
0x000002990fa51330, 0x000002990fa4f8f0, 0x000002990fa519c0, 0x000002990fa526e0,
0x000002990fa554d0, 0x000002990fa54e40, 0x000002990fa561f0, 0x000002990fa52d70,
0x000002990fa53400, 0x000002990fa575a0, 0x000002990fa55b60, 0x000002990fa54120,
0x000002990fa582c0, 0x000002990fa5b0b0, 0x000002990fa59670, 0x000002990fa58950,
0x000002990fa59d00, 0x000002990fa5a390, 0x000002990fa53a90, 0x000002990fa5aa20,
0x000002990fa5b740, 0x000002990fa5bdd0, 0x000002990fa5c460, 0x000002990fa5f8e0,
0x000002990fa5caf0, 0x000002990fa5ebc0, 0x000002990fa5d180, 0x000002990fa5f250,
0x000002990fa5dea0, 0x000002990fa61320, 0x000002990fa633f0, 0x000002990fa619b0,
0x000002990fa62040, 0x000002990fa60c90, 0x000002990fa60600, 0x000002990fa64110,
0x000002990fa647a0, 0x000002990fa654c0, 0x000002990fa65b50, 0x000002990fa661e0,
0x000002990fa62d60, 0x000002990fa626d0, 0x000002990fa63a80, 0x000002990fa67c20,
0x000002990fa69660, 0x000002990fa68940, 0x000002990fa68fd0, 0x000002990fa69cf0,
0x000002990fa682b0, 0x000002990fa6aa10, 0x000002990fa67590, 0x000002990fa6b0a0,
0x000002990fa6d170, 0x000002990fa6b730, 0x000002990fa6ff60, 0x000002990fa705f0,
0x000002990fa70c80, 0x000002990fa6e520, 0x000002990fa6f8d0, 0x000002990fa71310,
0x000002990fa719a0, 0x000002990fa72030, 0x000002990fa726c0, 0x000002990fa74100,
0x000002990fa75b40, 0x000002990fa761d0, 0x000002990fa733e0, 0x000002990fa74790,
0x000002990fa76860, 0x000002990fa73a70, 0x000002990fa782a0, 0x000002990fa74e20,
0x000002990fa77580, 0x000002990fa78fc0, 0x000002990fa7a370, 0x000002990fa78930,
0x000002990fa7de80, 0x000002990fa7aa00, 0x000002990fa7b720, 0x000002990fa7cad0,
0x000002990fa7d7f0, 0x000002990fa7eba0, 0x000002990fa7f230, 0x000002990fa7bdb0,
0x000002990fa81990, 0x000002990fa80c70, 0x000002990fa826b0, 0x000002990fa82d40,
0x000002990fa7f8c0, 0x000002990fa84780, 0x000002990fa840f0, 0x000002990fa81300,
0x000002990fa84e10, 0x000002990fa854a0, 0x000002990fa85b30, 0x0000029908fd2640,
0x0000029908fcf850, 0x0000029908fb3a10, 0x00000298fdd7c200, 0x00000298fdd910b0,
0x000002990a7d9250, 0x0000029908d09910, 0x0000029908d250c0, 0x000002990cf19820,
0x00000299084d5520, 0x00000298fdd9efd0, 0x000002990a7dda80, 0x000002990cf042e0,
0x000002990fc8b200, 0x000002990fc8bf20, 0x000002990fc8a4e0, 0x000002990fc8cc40,
0x000002990fc8d2d0, 0x000002990fc8ed10, 0x000002990fc8d960, 0x000002990fc8b890,
0x000002990fc91b00, 0x000002990fc8fa30, 0x000002990fc90de0, 0x000002990fc900c0,
0x000002990fc91470, 0x000002990fc92190, 0x000002990fc92820, 0x000002990fc96330,
0x000002990fc948f0, 0x000002990fc94f80, 0x000002990fc95ca0, 0x000002990fc93bd0,
0x000002990fc92eb0, 0x000002990fc969c0, 0x000002990fc93540, 0x000002990fc97d70,
0x000002990fc97050, 0x000002990fc98a90, 0x000002990fc95610, 0x000002990fc99e40,
0x000002990fc9a4d0, 0x000002990fc997b0, 0x000002990fc976e0, 0x000002990fc9c5a0,
0x000002990fc9cc30, 0x000002990fc9d2c0, 0x000002990fc9b1f0, 0x000002990fc9b880,
0x000002990fca0dd0, 0x000002990fc9dfe0, 0x000002990fca2180, 0x000002990fca2810,
0x000002990fca2ea0, 0x000002990fc9f390, 0x000002990fca0740, 0x000002990fca1460,
0x000002990fc9fa20, 0x000002990fca3530, 0x000002990fca00b0, 0x000002990fca3bc0,
0x000002990fca5600, 0x000002990fca4250, 0x000002990fca5c90, 0x000002990fca48e0,
0x000002990fca83f0, 0x000002990fca6320, 0x000002990fca8a80, 0x000002990fca7040,
0x000002990fca4f70, 0x000002990fca9e30, 0x000002990fcaa4c0, 0x000002990fcacc20,
0x000002990fcae660, 0x000002990fcadfd0, 0x000002990fcab870, 0x000002990fcaf380,
0x000002990fcaecf0, 0x000002990fcb00a0, 0x000002990fcb0730, 0x000002990fc73560,
0x000002990fcabf00, 0x000002990fc721b0, 0x000002990fc72840, 0x000002990fc72ed0,
0x000002990fc700e0, 0x000002990fc74910, 0x000002990fc75630, 0x000002990fc74fa0,
0x000002990fc74280, 0x000002990fc78ab0, 0x000002990fc79140, 0x000002990fc797d0,
0x000002990fc79e60, 0x000002990fc77070, 0x000002990fc77700, 0x000002990fc77d90,
0x000002990fc7f3b0, 0x000002990fc7bf30, 0x000002990fc7e000, 0x000002990fc80760,
0x000002990fc81b10, 0x000002990fc83550, 0x000002990fc84f90, 0x000002990fc83be0,
0x000002990fc85620, 0x000002990fc88410, 0x00000298f67b0420, 0x00000298f67b4c50,
0x00000298f67ae350, 0x00000298f67c3f20, 0x00000298f67b3210, 0x0000029907a13d10,
0x0000029907a1e7b0, 0x00000298f80aad10, 0x000002990fc89130, 0x00000298fdd8dc30,
0x00000298f8106190, 0x00000298f8106eb0, 0x00000298fdd8fd00, 0x00000299102e4b70,
0x00000299102e65b0, 0x00000299102ea750, 0x00000299102ee8f0, 0x00000299102e8d10,
0x00000299102efca0, 0x00000299102ec820, 0x00000299102edbd0, 0x00000299102ef610,
0x00000299102f1d70, 0x00000299102f51f0, 0x00000299102f65a0, 0x00000299102f3120,
0x00000299102f6c30, 0x00000299102f72c0, 0x00000299102f7fe0, 0x00000299102f9390,
0x00000299102f5f10, 0x00000299102f3e40, 0x00000299102fa740, 0x00000299102fc810,
0x00000299102fbaf0, 0x00000299102fe8e0, 0x00000299102fc180, 0x00000299103009b0,
0x00000299102fdbc0, 0x0000029910301d60, 0x00000299102fcea0, 0x00000299103023f0,
0x00000299102ff600, 0x0000029910301040, 0x0000029910303110, 0x00000299103016d0,
0x00000299102fd530, 0x0000029910305f00, 0x0000029910306590, 0x0000029910307fd0,
0x00000299102ca770, 0x00000299102ce910, 0x00000299102d3140, 0x00000299102d37d0,
0x00000299102d3e60, 0x00000299102d5210, 0x00000299102d2420, 0x00000299102d7970,
0x00000299102d8690, 0x00000299102d5f30, 0x00000299102d8d20, 0x00000299102d8000,
0x00000299102d58a0, 0x00000299102d65c0, 0x00000299102d6c50, 0x00000299102d9a40,
0x00000299102d72e0, 0x00000299102ddbe0, 0x00000299102dcec0, 0x00000299102def90,
0x00000299102de900, 0x00000299102dbb10, 0x00000299102dc1a0, 0x00000298f4881550,
0x000002991122de80, 0x000002991122e510, 0x00000299112305e0, 0x000002991122eba0,
0x00000299112333d0, 0x0000029911234e10, 0x0000029911238920, 0x0000029911236ee0,
0x0000029911238fb0, 0x00000299112361c0, 0x000002991123de70, 0x0000029911241980,
0x000002991123e500, 0x0000029911242010, 0x0000029911240c60, 0x0000029911242d30,
0x00000299112405d0, 0x0000029911246ed0, 0x00000299112461b0, 0x0000029911246840,
0x000002991124b070, 0x000002991124cab0, 0x000002991124b700, 0x000002991124f8a0,
0x000002991124c420, 0x000002991124ff30, 0x000002991124e4f0, 0x0000029911251970,
0x0000029911252d20, 0x0000029911250c50, 0x00000299112533b0, 0x0000029911252000,
0x00000299112540d0, 0x0000029911254df0, 0x000002991122b090, 0x000002991122d7f0,
0x0000029911248910, 0x000002991124eb80, 0x0000029911252690, 0x0000029911248280,
0x000002991122b720, 0x000002991122cad0, 0x0000029911236850, 0x000002991123d150,
0x000002991123a9f0, 0x000002991123b710, 0x000002991123a360, 0x000002991123f220,
0x000002991123bda0, 0x00000299112433c0, 0x000002991123ff40, 0x0000029911258270,
0x000002991125b6f0, 0x0000029911258f90, 0x000002991125c410, 0x000002991125d130,
0x000002991125f200, 0x000002991125eb70, 0x000002991125de50, 0x000002991125d7c0,
0x0000029911260c40, 0x0000029911261ff0, 0x0000029911264750, 0x0000029911268260,
0x0000029911269610, 0x0000029911266820, 0x000002991126a330, 0x0000029910302a80,
0x00000299102ffc90, 0x0000029910304b50, 0x00000299102cae00, 0x00000299102c93c0,
0x00000299102cb490, 0x00000299102cced0, 0x00000299102cfcc0, 0x00000299102d1070,
0x00000299102d1700, 0x00000299102ce280, 0x00000299102d4b80, 0x00000299102dadf0,
0x00000299102e0340, 0x00000299102e2410, 0x00000299102d44f0, 0x00000299102dfcb0,
0x00000299102e16f0, 0x00000299102e9a30, 0x00000299102ea0c0, 0x00000299102ee260,
0x00000299102eef80, 0x00000299102ec190, 0x00000299102f16e0, 0x00000299102f2400,
0x00000299102f09c0, 0x00000299102f1050, 0x0000029910308660, 0x00000299102e1060,
0x000002990fc70770, 0x000002990fc71b20, 0x000002990fc75cc0, 0x000002990fc7b210,
0x000002990fc7d970, 0x000002990fc7e690, 0x000002990fc7c5c0, 0x000002990fc7fa40,
0x000002990fc7cc50, 0x000002990fc81480, 0x000002990fc7ed20, 0x000002990fc84270,
0x000002990fc84900, 0x000002990fc82ec0, 0x000002990fc88aa0, 0x000002990fc80df0,
0x000002990fc70e00, 0x000002990fc85cb0, 0x000002990fc87060, 0x000002990fc876f0,
0x000002990fc87d80, 0x000002990fcaab50, 0x00000299079ed430, 0x00000299079f0f40,
0x00000299079f9280, 0x0000029907a2b320, 0x0000029907a0daa0, 0x000002991122c440,
0x000002991123f8b0, 0x0000029911243a50, 0x0000029911247bf0, 0x000002991124d7d0,
0x0000029911259cb0, 0x000002991124de60, 0x0000029911257550, 0x00000299112426a0,
0x000002991125a9d0, 0x0000029911262680, 0x0000029908d2c050, 0x0000029908d2d400,
0x0000029908d2e120, 0x0000029908d050e0, 0x0000029908d09280, 0x0000029908d12970,
0x0000029908d1a620, 0x00000299102e6c40, 0x00000299102e5200, 0x00000299102e3e50,
0x00000299102e5890, 0x00000299102f0330, 0x00000299102f4b60, 0x00000299102f8670,
0x00000299102e1d80, 0x00000298fdda8030, 0x00000298fdd8efe0, 0x00000298fddaa100,
0x00000298fdd7b4e0, 0x00000298fdd7fd10, 0x00000298f80bfbc0, 0x00000298f80bd460,
0x00000298f80b0f80, 0x00000298f80adb00, 0x00000298f80b3050, 0x0000029911256830,
0x000002991125ff20, 0x000002991122ff50, 0x00000299112340f0, 0x00000298f67bd620,
0x00000298f67c0410, 0x00000298f67c4c40, 0x00000299084b2de0, 0x00000299084b68f0,
0x000002991123c430, 0x000002990cf18b00, 0x000002990cf1c610, 0x0000029908fa9600,
0x0000029908fcde10, 0x0000029908fcb6b0, 0x000002991125b060, 0x000002991123b080,
0x000002991125caa0, 0x0000029911248fa0, 0x00000298fd0c10a0, 0x00000298fd0d2ad0,
0x00000298f4b6d060, 0x00000298f4b6eaa0, 0x00000298f80b4a90, 0x00000298f67aa1b0,
0x00000298f1e6f380, 0x00000298f699ef20, 0x00000298f6fa6130, 0x00000298fdd6ae60,
0x00000298fdd71760, 0x000002991123cac0, 0x00000299102e37c0, 0x00000298f4888b70,
0x00000298f2f1bf80, 0x000002990a7cfb60, 0x00000298f037c730, 0x00000298f4b69be0,
0x00000298f6fa1270, 0x00000298fdd77340, 0x000002990fa56880, 0x00000298f2f1ed70,
0x0000029911249630, 0x0000029911232020, 0x0000029911253a40, 0x0000029911254760,
0x00000299102c8d30, 0x00000299102dd550, 0x00000299112640c0, 0x0000029911255b10,
0x0000029911258900, 0x00000299112612d0, 0x00000299112605b0, 0x0000029911264de0,
0x0000029911235b30, 0x00000299112688f0, 0x0000029911265b00, 0x000002991126a9c0,
0x0000029911269ca0, 0x00000299102e5f20, 0x00000299102e09d0, 0x00000299102fb460,
0x00000299102e3130, 0x0000029907a0d410, 0x0000029907a1cd70, 0x0000029907a03000,
0x0000029907a00210, 0x00000298fd0c4bb0, 0x00000298fd0c5240, 0x00000298fd0c9a70,
0x000002990fc7b8a0, 0x000002990fcac590, 0x0000029911266190, 0x0000029911244770,
0x0000029907a2c040, 0x0000029907a03690, 0x00000299102e44e0, 0x000002990fa56f10,
0x0000029912be3560, 0x0000029912be1b20, 0x0000029912be2ed0, 0x0000029912be21b0,
0x0000029912be00e0, 0x0000029912be0770, 0x0000029912be4280, 0x0000029912be0e00,
0x0000029912be7070, 0x0000029912be4fa0, 0x0000029912be4910, 0x0000029912be6350,
0x0000029912be69e0, 0x0000029912be5630, 0x0000029912be9140, 0x0000029912beb8a0,
0x0000029912be8420, 0x0000029912bebf30, 0x0000029912be8ab0, 0x0000029912be9e60,
0x0000029912bea4f0, 0x0000029912be97d0, 0x0000029912bef3b0, 0x0000029912bed2e0,
0x0000029912bee000, 0x0000029912bee690, 0x0000029912bf0df0, 0x0000029912bf0760,
0x0000029912bf00d0, 0x0000029912bf1b10, 0x0000029912bf21a0, 0x0000029912beed20,
0x0000029912bf5cb0, 0x0000029912bf5620, 0x0000029912bf3be0, 0x0000029912bf6340,
0x0000029912bf4f90, 0x0000029912bf2ec0, 0x0000029912bf9e50, 0x0000029912bf7d80,
0x0000029912bf8410, 0x0000029912bf9130, 0x0000029912bf97c0, 0x0000029912bf4900,
0x0000029912bfc5b0, 0x0000029912bfa4e0, 0x0000029912bfab70, 0x0000029912bfb200,
0x0000029912bfb890, 0x0000029912bfed10, 0x0000029912bfe680, 0x0000029912bff3a0,
0x0000029912c02820, 0x0000029912c02190, 0x0000029912c00de0, 0x0000029912c00750,
0x0000029912c02eb0, 0x0000029912c000c0, 0x0000029912c01b00, 0x0000029912bffa30,
0x0000029912c03540, 0x0000029912c03bd0, 0x0000029912c04f80, 0x0000029912c076e0,
0x0000029912c05ca0, 0x0000029912c06330, 0x0000029912c069c0, 0x0000029912c04260,
0x0000029912c07d70, 0x0000029912c08400, 0x0000029912c0bf10, 0x0000029912c0b880,
0x0000029912c0b1f0, 0x0000029912c0a4d0, 0x0000029912c08a90, 0x0000029912c0cc30,
0x0000029912c0d950, 0x0000029912c0dfe0, 0x0000029912c0ab60, 0x0000029912c10740,
0x0000029912c0e670, 0x0000029912c0f390, 0x0000029912c0ed00, 0x0000029912c0fa20,
0x0000029912c100b0, 0x0000029912c0c5a0, 0x0000029912c13530, 0x0000029912c10dd0,
0x0000029912c09e40, 0x0000029912c12810, 0x0000029912c11460, 0x0000029912c11af0,
0x0000029912c12ea0, 0x0000029912c14250, 0x0000029912c17040, 0x0000029912beab80,
0x0000029912bf4270, 0x0000029912bf8aa0, 0x0000029912c176d0, 0x0000029912bfd960,
0x0000029912c13bc0, 0x0000029912c183f0, 0x0000029912c18a80, 0x0000029912c169b0,
0x0000029912c15c90, 0x0000029912c197a0, 0x0000029912c1c590, 0x0000029912c16320,
0x0000029912c1bf00, 0x0000029912c1cc20, 0x0000029912c1b870, 0x0000029912c1a4c0,
0x0000029912c1dfd0, 0x0000029912c1e660, 0x0000029912c1fa10, 0x0000029912c1ecf0,
0x0000029912c1f380, 0x0000029912c200a0, 0x0000029912c1d940, 0x0000029912c048f0,
0x0000029912bed970, 0x0000029912be3bf0, 0x0000029912bf2830, 0x0000029912c01470,
0x0000029912bfd2d0, 0x0000029912c05610, 0x0000029912c07050, 0x0000029912c19110,
0x0000029912be5cc0, 0x0000029912c20730, 0x0000029912beb210, 0x00000298fdd858f0,
0x00000298fdd879c0, 0x00000298fdd6bb80, 0x00000298fdd6a140, 0x00000298fdd6dc50,
0x00000298fdd74be0, 0x00000298fdd72b10, 0x00000298fdd71df0, 0x00000298fdd76cb0,
0x00000298fdd75900, 0x00000298fdda10a0, 0x00000298fdda2450, 0x00000298fdda2ae0,
0x00000298fdda3170, 0x00000298fdd8e2c0, 0x00000298fdd88050, 0x00000298fdd6f690,
0x00000298fdd8bb60, 0x00000298fdd92af0, 0x00000298fdd94bc0, 0x00000298fdd9b4c0,
0x00000298fdd94530, 0x00000298fdd91dd0, 0x00000298fdda6c80, 0x00000298fdda1730,
0x00000298fdda5240, 0x00000298fdd6e2e0, 0x00000298fdd72480, 0x00000298fdd7dc40,
0x00000298fdda86c0, 0x00000298fdda93e0, 0x00000298fdd7eff0, 0x00000298fdd7f680,
0x00000298fdd83190, 0x00000298fdd86610, 0x00000298fdd8a120, 0x00000298fdd75f90,
0x00000298fdd86ca0, 0x00000298fdd78d80, 0x00000298fdd731a0, 0x00000298fdd7a7c0,
0x00000298fdd81de0, 0x00000298fdd70a40, 0x00000298fdd79aa0, 0x00000298fdd8d5a0,
0x00000298fdd993f0, 0x00000298fdd99a80, 0x00000298fdd9c1e0, 0x00000298fdda9a70,
0x00000298fdd9fcf0, 0x00000298fdd7d5b0, 0x00000298fddaa790, 0x0000029907a09f90,
0x0000029907a08550, 0x0000029907a0b340, 0x0000029907a0c6f0, 0x0000029907a09900,
0x0000029907a0ee50, 0x0000029907a115b0, 0x0000029907a0e130, 0x0000029907a11c40,
0x0000029907a0f4e0, 0x0000029907a17eb0, 0x0000029907a14a30, 0x0000029907a0b9d0,
0x0000029907a18bd0, 0x0000029907a15de0, 0x0000029907a0e7c0, 0x0000029907a16470,
0x0000029907a17820, 0x0000029907a1a610, 0x0000029907a1fb60, 0x0000029907a222c0,
0x0000029907a198f0, 0x0000029907a26af0, 0x0000029907a24a20, 0x0000029907a2a600,
0x0000029907a20880, 0x0000029907a2b9b0, 0x0000029907a2ac90, 0x0000029907a29f70,
0x00000299079f4a50, 0x00000299079f3010, 0x00000299079f7840, 0x00000299079f71b0,
0x00000299079f9910, 0x00000299079fc700, 0x00000299079fc070, 0x00000299079eee70,
0x00000299079fee60, 0x0000029907a01c50, 0x00000299079fd420, 0x0000029907a02970,
0x00000299079fb9e0, 0x0000029907a008a0, 0x0000029907a050d0, 0x0000029908fb6800,
0x0000029908fb6e90, 0x0000029908fb4730, 0x0000029908fbd790, 0x0000029908fbf860,
0x0000029908fb95f0, 0x0000029908fb8f60, 0x0000029908fbe4b0, 0x0000029908fc5440,
0x0000029908fc2650, 0x0000029908fc67f0, 0x0000029908fc7ba0, 0x0000029908fcc3d0,
0x0000029908fc4720, 0x0000029908fd0570, 0x0000029908fcd780, 0x0000029908fce4a0,
0x0000029908fc95e0, 0x0000029908fd0c00, 0x0000029908fa2d00, 0x0000029908fade30,
0x0000029908fc5ad0, 0x0000029908cf71c0, 0x0000029908cf0f50, 0x0000029908cf5780,
0x0000029908cf64a0, 0x0000029908cf9920, 0x0000029908cf7850, 0x0000029908cfc710,
0x0000029908cfd430, 0x0000029908cfcda0, 0x0000029908cfa640, 0x0000029908cf8c00,
0x0000029908cf9fb0, 0x0000029908cffb90, 0x0000029908d036a0, 0x0000029908d02980,
0x0000029908d03d30, 0x0000029908d07ed0, 0x0000029908d00220, 0x0000029908d108a0,
0x0000029908d150d0, 0x0000029908d15760, 0x0000029908d115c0, 0x0000029908d19f90,
0x0000029908d1b9d0, 0x0000029908d23680, 0x0000029908d21c40, 0x0000029908d1e7c0,
0x0000029908d20200, 0x0000029908d24a30, 0x0000029908d27eb0, 0x0000029908d26470,
0x0000029908d2b330, 0x0000029908d28bd0, 0x0000029908d2e7b0, 0x0000029908d2cd70,
0x00000299084c68e0, 0x00000299084c7600, 0x00000299084c96d0, 0x00000299084cb110,
0x00000299084cb7a0, 0x00000299084c8320, 0x00000299084c89b0, 0x00000299084cec20,
0x00000299084cbe30, 0x00000299084d2dc0, 0x00000299084d0cf0, 0x00000299084cdf00,
0x00000299084d5bb0, 0x00000299084d4170, 0x00000299084d1a10, 0x00000299084dcb40,
0x00000299084dd1d0, 0x00000299084d6240, 0x00000299084dd860, 0x00000299084ddef0,
0x00000299084dec10, 0x00000299084cc4c0, 0x00000299084e75e0, 0x00000299084e2720,
0x00000299084e7c70, 0x00000299084eb780, 0x00000299084b7610, 0x00000299084c0670,
0x00000299102e72d0, 0x00000299102ebb00, 0x00000299102e8680, 0x00000299102f44d0,
0x00000299102f37b0, 0x00000299102ed540, 0x00000299102f9a20, 0x00000299102fa0b0,
0x00000299102e7960, 0x00000299102fe250, 0x0000029910307940, 0x00000299103051e0,
0x00000299102cbb20, 0x00000299103037a0, 0x00000299102cd560, 0x00000299102d0350,
0x00000299102cf630, 0x00000299102c86a0, 0x00000299102d1d90, 0x00000299102db480,
0x00000299102de270, 0x00000299102df620, 0x00000299102f8d00, 0x0000029911230c70,
0x00000299112354a0, 0x00000299112440e0, 0x0000029911231990, 0x0000029911245b20,
0x0000029911245490, 0x00000299112412f0, 0x000002991124f210, 0x00000299112512e0,
0x000002991125a340, 0x0000029911256ec0, 0x0000029911267bd0, 0x000002991126b050,
0x00000298fd0c7310, 0x00000298fd0c5f60, 0x00000298fd0c79a0, 0x00000298fd0c8d50,
0x00000298fd0cd580, 0x00000298fd0ca100, 0x00000298fd0c93e0, 0x00000298fd0c3e90,
0x00000298fd0ce930, 0x00000298fd0cfce0, 0x00000298fd0d9a60, 0x00000298fd0d6c70,
0x00000298fd0d7990, 0x00000298fd0dae10, 0x00000298fd0da780, 0x00000298f80c1600,
0x00000298f80c1c90, 0x00000298f80be180, 0x00000298f80a4410, 0x00000298f80a85b0,
0x00000298f80ae190, 0x00000298f80b0260, 0x00000298f80be810, 0x00000298f80b4400,
0x00000298f80ab3a0, 0x00000298f80b9950, 0x00000298f80b64d0, 0x00000298f80b7880,
0x00000298f80b08f0, 0x00000298f80fd130, 0x00000298f80fe4e0, 0x00000298f80fb060,
0x00000298f8105b00, 0x00000298f8102d10, 0x00000298f8109610, 0x00000298f810a9c0,
0x00000298f8107540, 0x00000298f810bd70, 0x00000298f8102680, 0x00000298f810d120,
0x00000298f8112670, 0x00000298f81112c0, 0x00000298f8114740, 0x00000298f8116180,
0x00000298f8108f80, 0x00000298f67a7a50, 0x00000298f67a8770, 0x00000298f67ac280,
0x00000298f67b3f30, 0x00000298f67a6d30, 0x00000298f67ab560, 0x00000298f67b6690,
0x00000298f67b45c0, 0x00000298f67b8760, 0x00000298f67bf060, 0x00000298f67b8df0,
0x00000298f67be9d0, 0x00000298f67c3200, 0x00000298f67c2b70, 0x00000298f67c17c0,
0x00000298f67c52d0, 0x0000029908cf3020, 0x0000029908cfe150, 0x0000029908cfc080,
0x0000029908cfb360, 0x0000029908d0c070, 0x0000029908d0cd90, 0x0000029908d1e130,
0x0000029908d171a0, 0x0000029908d1c6f0, 0x0000029908d2b9c0, 0x0000029908d122e0,
0x0000029908d0fb80, 0x0000029908d10f30, 0x0000029908d022f0, 0x0000029908d008b0,
0x000002990a7cb330, 0x000002990a7cb9c0, 0x000002990a7c98f0, 0x000002990a7c50c0,
0x000002990a7cc6e0, 0x000002990a7ccd70, 0x000002990a7cda90, 0x000002990a7c5750,
0x000002990a7d6af0, 0x000002990a7d5dd0, 0x000002990a7d2950, 0x000002990a7cd400,
0x000002990a7d3d00, 0x000002990a7d3670, 0x000002990a7ce120, 0x000002990a7d7180,
0x000002990a7dfb50, 0x000002990a7e3660, 0x000002990a7d7810, 0x0000029912c148e0,
0x0000029912c1ab50, 0x0000029912be7700, 0x0000029912be2840, 0x0000029912bf3550,
0x0000029912c09120, 0x0000029912bf1480, 0x0000029912c097b0, 0x0000029912bfdff0,
0x00000298f4b6a900, 0x00000298f4b67480, 0x00000298f4b68830, 0x00000298f4b6b620,
0x00000298f4b6e410, 0x00000298f4b68ec0, 0x00000298f4b6fe50, 0x00000298f4b6f130,
0x00000298f4b71200, 0x00000298f4b6f7c0, 0x00000298f4b6af90, 0x00000298f4b74680,
0x00000298f4b75a30, 0x00000298f4b725b0, 0x00000298f4b70b70, 0x00000298f4b760c0,
0x00000298fd0c2ae0, 0x00000298fd0c4520, 0x00000298fd0c3800, 0x00000298fd0d1db0,
0x00000298fd0cc860, 0x00000298fd0d0370, 0x00000298fd0c3170, 0x00000298fd0d8020,
0x00000298fd0d4ba0, 0x00000298fd0df640, 0x0000029908f99610, 0x0000029908f96190,
0x0000029908f9b6e0, 0x0000029908f988f0, 0x0000029908f99ca0, 0x0000029908f9ff10,
0x0000029908faf870, 0x0000029908fd2cd0, 0x0000029911261960, 0x0000029911265470,
0x0000029911262d10, 0x00000299112633a0, 0x0000029911263a30, 0x000002991122f230,
0x000002991122d160, 0x0000029911233a60, 0x000002991122f8c0, 0x000002991124a9e0,
0x000002991124d140, 0x0000029911234780, 0x0000029911249cc0, 0x000002991124a350,
0x0000029911268f80, 0x00000298f80a36f0, 0x00000298f80a4aa0, 0x00000298f80a6b70,
0x00000298f80a3060, 0x00000298f80acde0, 0x00000298f80a9960, 0x00000298f80aeeb0,
0x00000298f80b29c0, 0x00000298f80aa680, 0x00000298f80b71f0, 0x00000298f80b85a0,
0x00000298f80bcdd0, 0x00000298f80b36e0, 0x00000298f80bad00, 0x00000298f80bdaf0,
0x00000298f80c2320, 0x00000299084e68c0, 0x00000299084e1370, 0x00000299084e2db0,
0x00000299084e8990, 0x00000299084e8300, 0x00000299084af960, 0x00000299084ac4e0,
0x00000299084acb70, 0x00000299084aec40, 0x00000299084b3b00, 0x00000299084bbe40,
0x00000299084b0d10, 0x00000299084b8330, 0x00000299084b4820, 0x00000299084bffe0,
0x00000299084c0d00, 0x00000299102cdbf0, 0x00000299102cc840, 0x00000299102d09e0,
0x00000299102da0d0, 0x00000299102e2aa0, 0x00000299102e7ff0, 0x00000299102eceb0,
0x00000299102fadd0, 0x00000299103072b0, 0x00000299102f7950, 0x00000299102fef70,
0x00000299103044c0, 0x0000029910305870, 0x00000299102d2ab0, 0x00000299102f5880,
0x00000299102da760, 0x00000298f8103a30, 0x00000298f8104750, 0x00000298f8116810,
0x00000298f81188e0, 0x00000298f8105470, 0x00000298f8109ca0, 0x00000298f8101ff0,
0x00000298f80fc410, 0x00000298f8119c90, 0x00000298f67a8e00, 0x00000298f67aa840,
0x00000298f67b9b10, 0x00000298f67bc900, 0x00000298f67c3890, 0x00000298f67c1e50,
0x00000298f67b80d0, 0x000002990cf02210, 0x000002990cf0abe0, 0x000002990cf0b900,
0x000002990cf07df0, 0x000002990cf0d340, 0x000002990cf12f20, 0x000002990cf1d330,
0x00000298fdd7cf20, 0x00000298fdd9a7a0, 0x00000298fdda0380, 0x00000298fdd810c0,
0x00000298ebcf6e40, 0x00000298ebcf74d0, 0x00000298ebcf95a0, 0x00000298ebcf81f0,
0x00000298ebcfb670, 0x0000029908cf4a60, 0x0000029908cf8570, 0x0000029908cfb9f0,
0x0000029908d08560, 0x0000029908d09fa0, 0x0000029908d10210, 0x0000029908d01c60,
0x0000029908d17830, 0x0000029908d2c6e0, 0x0000029912bfbf20, 0x0000029912c14f70,
0x0000029912c12180, 0x0000029912c1d2b0, 0x0000029912bf69d0, 0x0000029912bf76f0,
0x0000029912bf7060, 0x00000298fd0d1720, 0x00000298fd0d1090, 0x00000298fd0ce2a0,
0x00000298fd0ddc00, 0x0000029908fa7bc0, 0x0000029908fb9c80, 0x0000029908fd39f0,
0x00000298f80a7890, 0x00000298f80b2330, 0x00000298f80a8c40, 0x00000298f80af540,
0x00000298f80b1610, 0x00000298f80b6b60, 0x000002991123d7e0, 0x00000299112505c0,
0x000002991125f890, 0x00000298f38b0dc0, 0x00000298f38b2e90, 0x00000298f38b00a0,
0x00000298f38b3bb0, 0x00000298f67a9490, 0x00000298f67ba830, 0x00000298f67b73b0,
0x00000298f67bbbe0, 0x000002990a7d4390, 0x000002990a7dac90, 0x000002990a7e01e0,
0x000002990a7e4380, 0x00000298f2f18b00, 0x00000298f2f1cca0, 0x00000298f2f1c610,
0x00000298f4b6dd80, 0x00000298f8107bd0, 0x00000298f81088f0, 0x00000298f810f1f0,
0x0000029912c0d2c0, 0x00000298f4b732d0, 0x00000299084ad890, 0x00000299084bf2c0,
0x000002990cf08480, 0x000002990cf14ff0, 0x000002991123eb90, 0x0000029910300320,
0x00000299079f5770, 0x00000299079ff4f0, 0x00000299079fdab0, 0x0000029907a022e0,
0x0000029907a05df0, 0x0000029907a043b0, 0x0000029907a08be0, 0x0000029907a10f20,
0x0000029907a13680, 0x0000029907a22950, 0x0000029907a1d400, 0x0000029907a250b0,
0x0000029907a21c30, 0x0000029907a28530, 0x0000029907a23d00, 0x0000029907a1aca0,
0x0000029907a215a0, 0x0000029907a25740, 0x0000029912be7d90, 0x0000029912c15600,
0x00000298f67b24f0, 0x0000029911237570, 0x000002991125e4e0, 0x00000298fdd9bb50,
0x00000298f074c4f0, 0x0000029908d1c060, 0x0000029908cfee70, 0x0000029908d23d10,
0x00000298ebcf8f10, 0x00000298ebcfd0b0, 0x00000298ebcfafe0, 0x000002990a7d9f70,
0x00000298fdd6f000, 0x00000298f77d2a30, 0x00000298f77d4b00, 0x00000298f77d6bd0,
0x00000298f77d1d10, 0x00000298f77d3de0, 0x00000298f77d7f80, 0x00000298f699ad80,
0x00000298f699c130, 0x00000298f699baa0, 0x00000298f699a060, 0x00000298f699db70,
0x00000298f699f5b0, 0x00000298f699fc40, 0x00000298f69a0960, 0x000002990cf1cca0,
0x000002990cf1abd0, 0x000002990cf0e6f0, 0x00000298fdd9c870, 0x00000298f699a6f0,
0x0000029908fa1fe0, 0x0000029908f9c400, 0x0000029908fa6810, 0x00000298f77d78f0,
0x00000298f77d5eb0, 0x00000298f80bf530, 0x00000298f80bc740, 0x0000029910306c20,
0x00000298f4b73960, 0x00000298fd0defb0, 0x00000298f810b050, 0x00000298f67b17d0,
0x00000298ebcf8880, 0x00000298fdd82470, 0x000002991126b6e0, 0x00000298f2f19eb0,
0x00000298f38b55f0, 0x00000298ebcfca20, 0x00000298ebcf9c30, 0x00000298f074b140,
0x00000298f67c24e0, 0x00000298f67ad630, 0x00000298f67b9480, 0x00000298f0749d90,
0x000002990cf14960, 0x00000298f23967b0, 0x00000298f23974d0, 0x00000298f2391f80,
0x00000298f2394050, 0x00000298f2394d70, 0x00000298f2396120, 0x00000298f2398f10,
0x00000298f2397b60, 0x00000298f2395a90, 0x00000298f2393330, 0x000002990a7de110,
0x00000298f70f5480, 0x00000298f70f40d0, 0x00000298f70f6ec0, 0x00000298f70f7550,
0x00000298f70f7be0, 0x00000298f70f33b0, 0x00000298f2ce4170, 0x0000029908fa40b0,
0x0000029908fb8240, 0x00000298fdd76620, 0x00000298f80ff200, 0x00000298f8112d00,
0x00000298f8118250, 0x00000298f8115460, 0x00000299112561a0, 0x0000029911257be0,
0x00000298f2ce0cf0, 0x00000298f2ce5520, 0x00000298fdd7ae50, 0x0000029911231300,
0x0000029911247560, 0x0000029911259620, 0x00000299084e47f0, 0x00000299084e96b0,
0x00000298f67bc270, 0x0000029908f9d7b0, 0x0000029908faff00, 0x0000029908fcfee0,
0x00000298fdda79a0, 0x0000029911238290, 0x00000298fdd6cf30, 0x00000298fdd83eb0,
0x00000298f70f2690, 0x00000298f67b0ab0, 0x00000298f67b2b80, 0x00000298f1e6b870,
0x00000298f1e6ab50, 0x00000298f1e697a0, 0x00000298f1e6a4c0, 0x00000298f1e6d940,
0x00000298f1e769a0, 0x00000298f1e72170, 0x000002990cf0bf90, 0x00000298f03792b0,
0x000002990b1d4230, 0x000002990b1d3510, 0x000002990b1d7d40, 0x000002990b1dc570,
0x000002990b1dcc00, 0x000002990b1db850, 0x000002990b1eb840, 0x000002990b1ed910,
0x000002990b1eecc0, 0x000002990b1f1420, 0x000002990b1b6320, 0x000002990b1bfa10,
0x000002990b1c48d0, 0x000002990fa7c440, 0x000002990fa7ff50, 0x000002990fa833d0,
0x000002990fa482d0, 0x000002990fa861c0, 0x000002990fa49d10, 0x000002990fa4e540,
0x000002990fa547b0, 0x000002990fa52050, 0x000002990fa57c30, 0x000002990fa58fe0,
0x000002990fa5ff70, 0x000002990fa64e30, 0x000002990fa66870, 0x000002990fa66f00,
0x000002990fa6f240, 0x000002990fa6d800, 0x000002990fa72d50, 0x000002990fa5d810,
0x00000298fd0d7300, 0x00000298fd0cf650, 0x00000298fd0da0f0, 0x000002990b1c00a0,
0x00000299084e3440, 0x00000298f810f880, 0x00000298f810c400, 0x00000298f8119600,
0x000002990b1bdfd0, 0x000002990b1bab50, 0x000002990b1c69a0, 0x000002990b1d83d0,
0x000002990b1e3500, 0x000002990b1e62f0, 0x000002990fa7e510, 0x000002990fa82020,
0x000002990fa7b090, 0x000002990b1d0720, 0x000002990b1e7010, 0x000002990fa754b0,
0x00000298f037e800, 0x00000298f0378c20, 0x00000298f037d450, 0x000002990b1e1430,
0x00000298f487cd20, 0x00000298f487b970, 0x00000298f487b2e0, 0x00000298f4880ec0,
0x00000298f4886410, 0x00000298f48877c0, 0x00000298f4884340, 0x00000298f4883cb0,
0x00000298f48856f0, 0x00000298f4889f20, 0x00000298f488a5b0, 0x00000298f6faf190,
0x00000298f6fb0540, 0x00000298f6fb0bd0, 0x00000298f6fb3330, 0x00000298f6fafeb0,
0x00000298f6fb39c0, 0x00000298f6f97b80, 0x00000298f6f974f0, 0x00000298f6fb18f0,
0x00000298f6fb1f80, 0x00000298f6f9b000, 0x00000298f6f95420, 0x00000298f6f988a0,
0x00000298f6f9a2e0, 0x00000298f6fa0550, 0x00000298f6f9f1a0, 0x00000298f6fa5410,
0x00000298f6f9ddf0, 0x00000298f6fa2cb0, 0x00000298f6fa3340, 0x00000298f6fa74e0,
0x00000298f6fa4d80, 0x00000298f6f9eb10, 0x00000298f6fa46f0, 0x00000298f6fa8890,
0x00000298f6fad0c0, 0x00000298f6f98f30, 0x00000298f6fae470, 0x00000298f6fa67c0,
0x00000298f6fabd10, 0x00000298f6fac3a0, 0x000002990b1e6980, 0x000002990b1eab20,
0x000002990b1e76a0, 0x000002990b1eb1b0, 0x000002990b1b7d60, 0x000002990b1b8a80,
0x000002990b1ba4c0, 0x000002990b1bb1e0, 0x000002990b1b76d0, 0x000002990b1bd2b0,
0x000002990b1bd940, 0x000002990b1bb870, 0x000002990b1c3bb0, 0x000002990b1c0730,
0x000002990b1c2170, 0x000002990b1c8a70, 0x000002990b1c5c80, 0x000002990b1cbef0,
0x000002990b1ccc10, 0x000002990b1d0db0, 0x000002990b1db1c0, 0x000002990b1d8a60,
0x000002990b1e7d30, 0x000002990b1e8a50, 0x000002990b1ef9e0, 0x000002990b1f0070,
0x000002990b1ecbf0, 0x00000299084d7c80, 0x00000299084e5ba0, 0x00000299084e3ad0,
0x00000299084eb0f0, 0x00000299084eaa60, 0x00000299084e9020, 0x00000299084abe50,
0x00000299084db790, 0x0000029908d0dab0, 0x0000029908d0d420, 0x0000029908d0e140,
0x0000029908d13690, 0x00000299079f15d0, 0x00000299079fcd90, 0x0000029907a015c0,
0x00000298f67bfd80, 0x00000298f80b9fe0, 0x0000029908d215b0, 0x0000029907a06480,
0x00000298f4b6d6f0, 0x000002990b1bbf00, 0x000002990b1bcc20, 0x00000298f2f1d9c0,
0x00000298f1e783e0, 0x00000298f1e74f60, 0x0000029908d222d0, 0x00000298f2ce20a0,
0x00000298fd0d58c0, 0x00000298f6f9e480, 0x0000029908fb12b0, 0x0000029908fbb030,
0x0000029908fa5460, 0x0000029908fb2cf0, 0x000002990b1c7030, 0x000002990fa4c470,
0x000002990fa86850, 0x00000298f6fa7b70, 0x00000298f2f1f400, 0x00000298f2f20120,
0x0000029907a143a0, 0x0000029907a27810, 0x000002990fa50ca0, 0x0000029908d27820,
0x00000298f69a1680, 0x000002990fa6c450, 0x00000298f80fd7c0, 0x00000298f70f61a0,
0x000002990fa6ebb0, 0x00000299102c9a50, 0x00000298ebcfa950, 0x00000298fdd8ae40,
0x00000298fdd8e950, 0x00000298fdd95250, 0x00000298fdd93810, 0x00000298fdd97320,
0x00000298fdd9a110, 0x00000298fdd986d0, 0x00000298fdda5f60, 0x00000298fdd7e960,
0x00000298fdd82b00, 0x00000298fdd83820, 0x00000298fdd80a30, 0x00000298fdd9d590,
0x0000029908fbca70, 0x000002990b1d3ba0, 0x00000298fdda1dc0, 0x000002990cf0c620,
0x000002990cf09830, 0x0000029908f9d120, 0x0000029908fad110, 0x00000298f487c690,
0x00000298f4883620, 0x00000298f487da40, 0x00000298f037c0a0, 0x00000298f037a660,
0x00000298f4882900, 0x000002990fc73bf0, 0x000002990fc8dff0, 0x000002990fc8ab70,
0x000002990fc90750, 0x000002990fc8e680, 0x000002990fc8f3a0, 0x000002990fc94260,
0x000002990fc9d950, 0x000002990fc98400, 0x000002990fca1af0, 0x000002990fca97a0,
0x000002990fcab1e0, 0x000002990fc7d2e0, 0x000002990fcad2b0, 0x000002990fca76d0,
0x000002990fc9ed00, 0x000002990fa46890, 0x000002990fa6de90, 0x00000298f487edf0,
0x00000298f6faa2d0, 0x000002990fc821a0, 0x000002990fcad940, 0x0000029908cf2990,
0x00000299084d20a0, 0x00000299079fb350, 0x000002990b1ef350, 0x00000298f810a330,
0x000002990b1e2150, 0x00000298f48849d0, 0x00000298f08d29e0, 0x00000298f08d4420,
0x00000298f08d7210, 0x00000298f08da000, 0x00000298f08d78a0, 0x0000029908cf50f0,
0x0000029908cf36b0, 0x00000298f80b92c0, 0x00000298f80c08e0, 0x00000299112326b0,
0x00000298f08d64f0, 0x00000298f08d7f30, 0x0000029908d07840, 0x0000029908d0acc0,
0x0000029908d2da90, 0x0000029908d0a630, 0x00000298f38b1450, 0x0000029911244e00,
0x0000029911255480, 0x00000298f6fadde0, 0x0000029908f9a9c0, 0x0000029908fa2670,
0x0000029908fab6d0, 0x0000029908fc1fc0, 0x000002990fc89e50, 0x0000029908cf3d40,
0x0000029908d301f0, 0x0000029908cf2300, 0x00000299084ad200, 0x0000029908fa12c0,
0x0000029908fa5af0, 0x0000029908fca300, 0x00000298f67a73c0, 0x00000298f67afd90,
0x000002990a7d22c0, 0x00000298f2f1abd0, 0x00000298f4b6bcb0, 0x0000029908d05e00,
0x00000299084ae5b0, 0x00000298f487fb10, 0x000002990cf114e0, 0x0000029907a07ec0,
0x0000029907a06b10, 0x00000299079edac0, 0x00000299079f50e0, 0x0000029908fbc3e0,
0x00000298fdd886e0, 0x00000298fd0c0a10, 0x00000298f77d8610, 0x00000298f77d6540,
0x00000299102d93b0, 0x0000029908f95b00, 0x0000029908fabd60, 0x00000298fdda4bb0,
0x00000298fdd9dc20, 0x0000029912becc50, 0x0000029912be1490, 0x000002990fa4aa30,
0x00000298f08d9970, 0x00000298f80a3d80, 0x00000299079ee150, 0x00000299079ec710,
0x00000299102cefa0, 0x00000298f80fbd80, 0x000002990fa805e0, 0x000002990b1e0da0,
0x00000298fdda58d0, 0x0000029911232d40, 0x00000298f4b6a270, 0x00000298f38b4f60,
0x00000298f1e6d2b0, 0x000002990fa83a60, 0x00000298fdd73ec0, 0x00000298f67b1140,
0x00000298f67baec0, 0x00000298f1e70dc0, 0x00000298f1e77030, 0x0000029908cf43d0,
0x0000029908d2f4d0, 0x0000029908d14a40, 0x000002990fc769e0, 0x000002990fc7a4f0,
0x000002990fc8c5b0, 0x000002990fc99120, 0x0000029908d00f40, 0x0000029908d16b10,
0x000002990fc9e670, 0x000002990fc82830, 0x000002990a7d8530, 0x0000029908d2fb60,
0x0000029908d243a0, 0x000002990b1b69b0, 0x000002990b1c3520, 0x000002990fc71490,
0x000002990fc78420, 0x0000029908d015d0, 0x00000298f1e748d0, 0x00000298f67bf6f0,
0x000002990fca69b0, 0x00000298f037f520, 0x00000298f037dae0, 0x00000298f80a7f20,
0x000002990cf1bf80, 0x00000298f6f9f830, 0x00000298f6faf820, 0x0000029908d1acb0,
0x00000298f67ba1a0, 0x00000299079f9fa0, 0x00000298f1e6fa10, 0x000002990fa6a380,
0x000002990fa49680, 0x000002990fc86340, 0x0000029910303e30, 0x00000298f80a7200,
0x00000298f08d57d0, 0x00000298f70f6830, 0x00000298f08d92e0, 0x00000298f8115af0,
0x000002991601df20, 0x000002991601ec40, 0x000002991601e5b0, 0x000002991601c4e0,
0x000002991601f2d0, 0x000002991601f960, 0x000002991601fff0, 0x000002991601d200,
0x0000029916022750, 0x000002991601d890, 0x0000029916022de0, 0x0000029916023b00,
0x0000029916023470, 0x0000029916020680, 0x000002991601be50, 0x0000029916024190,
0x0000029916024820, 0x0000029916024eb0, 0x0000029916020d10, 0x0000029916021a30,
0x0000029916026260, 0x00000299160268f0, 0x0000029916025bd0, 0x0000029916027610,
0x0000029915fe7ce0, 0x0000029915fe8370, 0x00000299160220c0, 0x0000029916026f80,
0x0000029915feaad0, 0x0000029915fe8a00, 0x0000029915fee5e0, 0x0000029915fecba0,
0x0000029915febe80, 0x0000029915fea440, 0x0000029915fef300, 0x0000029915feec70,
0x0000029915ff13d0, 0x0000029915ff20f0, 0x0000029915ff2780, 0x0000029915ff2e10,
0x0000029915ff34a0, 0x0000029915fef990, 0x0000029915ff0020, 0x0000029915ff06b0,
0x0000029915ff6290, 0x0000029915ff5570, 0x0000029915fedf50, 0x0000029915ff3b30,
0x0000029915ff4850, 0x0000029915ff7640, 0x0000029915ff5c00, 0x0000029915ff41c0,
0x0000029915ff6fb0, 0x0000029915ff8360, 0x0000029915ff4ee0, 0x0000029915ff9710,
0x0000029915ff7cd0, 0x0000029915ff1a60, 0x0000029915ffa430, 0x0000029915ff9da0,
0x0000029915ffb7e0, 0x0000029915ff89f0, 0x0000029915ff9080, 0x0000029915ffc500,
0x0000029915ffcb90, 0x0000029915ffdf40, 0x0000029915ffe5d0, 0x0000029915ff6920,
0x0000029915ffb150, 0x0000029915ffd8b0, 0x0000029915fff2f0, 0x0000029915ffec60,
0x0000029915ffbe70, 0x0000029915fff980, 0x0000029915ffd220, 0x0000029915ffaac0,
0x00000299160006a0, 0x0000029916000010, 0x0000029916002770, 0x0000029916003b20,
0x0000029916005560, 0x0000029916002e00, 0x0000029916004840, 0x0000029916004ed0,
0x0000029916001a50, 0x0000029916003490, 0x0000029916007630, 0x0000029916007cc0,
0x0000029916005bf0, 0x00000299160041b0, 0x00000299160020e0, 0x00000299160089e0,
0x000002991600a420, 0x0000029916006fa0, 0x0000029916006280, 0x0000029916009070,
0x0000029916006910, 0x000002991600be60, 0x0000029916009700, 0x000002991600aab0,
0x000002991600b7d0, 0x000002991600c4f0, 0x0000029916009d90, 0x0000029916008350,
0x000002991600cb80, 0x000002991600f970, 0x000002991600e5c0, 0x000002991600f2e0,
0x000002991600d210, 0x0000029916010000, 0x000002991600b140, 0x000002991600df30,
0x000002991600ec50, 0x000002991600d8a0, 0x0000029916010690, 0x0000029916012760,
0x0000029916013b10, 0x0000029916013480, 0x0000029916011a40, 0x0000029916015550,
0x0000029916016f90, 0x0000029916014ec0, 0x0000029916014830, 0x0000029916016270,
0x0000029915fec510, 0x0000029915fe9720, 0x0000029915feb160, 0x0000029915fed230,
0x0000029915fe9db0, 0x0000029915fed8c0, 0x0000029915feb7f0, 0x0000029915ff0d40,
0x0000029916000d30, 0x00000299160120d0, 0x0000029916010d20, 0x00000299160113b0,
0x0000029916018340, 0x0000029916017cb0, 0x00000299160189d0, 0x0000029916019060,
0x0000029916012df0, 0x0000029916017620, 0x0000029916015be0, 0x00000299160141a0,
0x000002991601b7c0, 0x00000299160196f0, 0x000002991601b130, 0x0000029907a12ff0,
0x0000029907a1ee40, 0x0000029907a1c6e0, 0x0000029907a24390, 0x0000029907a25dd0,
0x0000029907a29250, 0x0000029907a2c6d0, 0x00000299079ef500, 0x0000029907a20f10,
0x00000299079f8560, 0x00000298f6f95ab0, 0x00000298f6f99c50, 0x00000298f6f995c0,
0x00000298f6f9d760, 0x0000029911239cd0, 0x0000029911266eb0, 0x0000029911267540,
0x000002991125bd80, 0x0000029911239640, 0x0000029908f9de40, 0x0000029908fab040,
0x0000029916019d80, 0x0000029916016900, 0x000002991601a410, 0x00000298fdda3e90,
0x00000298fdda8d50, 0x00000298fdd93180, 0x0000029908cf15e0, 0x0000029908cf6b30,
0x0000029908d27190, 0x0000029908d19900, 0x00000298f487d3b0, 0x00000298f4887130,
0x00000298f48884e0, 0x00000298f4882f90, 0x00000299102ca0e0, 0x00000299102e93a0,
0x00000299102eade0, 0x00000299102eb470, 0x000002990fa77c10, 0x000002990fa5e530,
0x000002990fa79650, 0x00000298f80a5130, 0x00000298f80ae820, 0x0000029912c1b1e0,
0x0000029907a17190, 0x0000029907a04a40, 0x0000029908fb2660, 0x0000029908f9f880,
0x0000029912c17d60, 0x0000029912c19e30, 0x00000298f1e6cc20, 0x00000298fd0d5230,
0x00000298fd0de290, 0x00000298f80beea0, 0x00000298f1e77d50, 0x00000298f1e755f0,
0x00000298f67ac910, 0x00000298f67c1130, 0x00000298f6fa2620, 0x00000298f23981f0,
0x000002990cf063b0, 0x00000298f8106820, 0x00000298f8113390, 0x00000298f08d8c50,
0x000002990cf1b260, 0x000002990cf091a0, 0x00000299160013c0, 0x00000298f6f94700,
0x00000298f699c7c0, 0x00000298f699d4e0, 0x00000298f699e200, 0x00000298fdd9ae30,
0x00000298f4b74d10, 0x00000298f0749070, 0x00000298f4b71890, 0x000002990b1d6300,
0x000002990b1d5c70, 0x00000298fdd6c210, 0x00000298fdd710d0, 0x00000298fd0d3e80,
0x000002990b1ea490, 0x000002990a7c6b00, 0x000002990a7c7190, 0x000002990a7c5de0,
0x000002990a7de7a0, 0x00000298f08d4ab0, 0x00000298f4b753a0, 0x00000298f037b380,
0x00000298f0379940, 0x0000029908fc8f50, 0x000002990a7e0870, 0x000002990fcafa10,
0x000002990fc7ab80, 0x000002990fc800d0, 0x000002990fc897c0, 0x000002990fc9bf10,
0x000002990fca9110, 0x0000029915fe7650, 0x000002991601aaa0, 0x000002990fc9ab60,
0x0000029908fb0590, 0x0000029908fbeb40, 0x00000298f38b2170, 0x00000298f38b0730,
0x0000029915fe9090, 0x00000298f2ce5bb0, 0x00000298f037e170, 0x00000298f38aecf0,
0x00000299084e9d40, 0x00000298f2cdec20, 0x00000298f2cdffd0, 0x00000299084e4e80,
0x000002991601cb70, 0x00000299084c6250, 0x00000298f08d3d90, 0x00000298f4886aa0,
0x00000298f80b8c30, 0x00000298f2398880, 0x00000299160213a0, 0x000002990fc76350,
0x00000299079fe7d0, 0x00000298f67b7a40, 0x00000298f2f1d330, 0x00000299102f2a90,
0x00000298f6fa8200, 0x000002990a7d98e0, 0x00000298f074a420, 0x0000029908d17ec0,
0x0000029912bfcc40, 0x000002990fa6bdc0, 0x0000029915543500, 0x0000029915541430,
0x0000029915542150, 0x0000029915542e70, 0x0000029915540080, 0x0000029915541ac0,
0x0000029915540710, 0x0000029915543b90, 0x00000299155427e0, 0x0000029915540da0,
0x0000029915544f40, 0x0000029915545c60, 0x00000299155462f0, 0x00000299155455d0,
0x0000029915547d30, 0x0000029915547010, 0x0000029915544220, 0x00000299155448b0,
0x000002991554a490, 0x0000029915549770, 0x0000029915549e00, 0x000002991554ab20,
0x000002991554b840, 0x00000299155483c0, 0x0000029915548a50, 0x000002991554bed0,
0x000002991554cbf0, 0x000002991554d910, 0x000002991554c560, 0x00000299155490e0,
0x000002991554e630, 0x000002991554f9e0, 0x000002991554d280, 0x000002991554dfa0,
0x0000029915550070, 0x0000029915552140, 0x000002991554b1b0, 0x0000029915550700,
0x000002991554f350, 0x0000029915550d90, 0x0000029915551420, 0x000002991554ecc0,
0x00000299155534f0, 0x0000029915551ab0, 0x0000029915552e60, 0x00000299155562e0,
0x00000299155548a0, 0x0000029915557000, 0x00000299155476a0, 0x0000029915554210,
0x0000029915546980, 0x0000029915557690, 0x0000029915557d20, 0x0000029915558a40,
0x0000029915555c50, 0x0000029915559760, 0x00000299155590d0, 0x0000029915559df0,
0x00000299155583b0, 0x000002991555d900, 0x000002991555b830, 0x000002991555a480,
0x000002991555d270, 0x000002991555c550, 0x000002991555cbe0, 0x0000029915561aa0,
0x000002991555e620, 0x000002991555f340, 0x0000029915562e50, 0x000002991555ecb0,
0x000002991555bec0, 0x0000029915560060, 0x00000299155634e0, 0x0000029915562130,
0x0000029915563b70, 0x00000299155606f0, 0x0000029915560d80, 0x0000029915565c40,
0x0000029915564890, 0x0000029915564f20, 0x00000299155627c0, 0x0000029915569750,
0x0000029915568a30, 0x00000299155655b0, 0x00000299155683a0, 0x00000299155662d0,
0x00000299155690c0, 0x0000029915567d10, 0x000002991556a470, 0x0000029915566ff0,
0x000002991556ab00, 0x000002991556beb0, 0x000002991556d8f0, 0x000002991556b820,
0x000002991556b190, 0x000002991556eca0, 0x000002991556f330, 0x000002991556d260,
0x000002991555b1a0, 0x000002991556f9c0, 0x000002991556cbd0, 0x000002991556c540,
0x0000029915573b60, 0x00000299155734d0, 0x0000029915572e40, 0x00000299155706e0,
0x00000299155741f0, 0x00000299155727b0, 0x0000029915571a90, 0x0000029915572120,
0x0000029915571400, 0x0000029915577d00, 0x0000029915578390, 0x0000029915577670,
0x0000029915574880, 0x0000029915574f10, 0x00000299155755a0, 0x0000029915566960,
0x0000029915567680, 0x0000029915576950, 0x0000029915578a20, 0x00000299155790b0,
0x0000029915575c30, 0x0000029915579dd0, 0x0000029915576fe0, 0x000002991557c530,
0x0000029915579740, 0x000002991557b810, 0x000002991557aaf0, 0x000002991557cbc0,
0x000002991557d250, 0x000002991557d8e0, 0x00000299155762c0, 0x000002991557b180,
0x000002991557f9b0, 0x000002991557bea0, 0x000002991557a460, 0x0000029915580040,
0x000002991557df70, 0x000002991557f320, 0x0000029915554f30, 0x00000299155555c0,
0x0000029915564200, 0x000002991557ec90, 0x00000299155527d0, 0x0000029915556970,
0x0000029915553b80, 0x00000299155806d0, 0x000002990b1d4f50, 0x000002990b1f2140,
0x000002990fca7d60, 0x0000029908f940c0, 0x00000298fdd9f660, 0x00000298f1e6e660,
0x00000298f1e6b1e0, 0x00000299102dc830, 0x000002991557e600, 0x0000029908d15df0,
0x000002990fa6cae0, 0x0000029915569de0, 0x00000298f4887e50, 0x000002990fc869d0,
0x000002990b1c83e0, 0x0000029911237c00, 0x0000029908fc0580, 0x00000299102cc1b0,
0x00000298fdd87330, 0x000002991556e610, 0x000002991556df80, 0x0000029917791910,
0x0000029917791280, 0x000002991778f1b0, 0x000002991778fed0, 0x000002991778e490,
0x000002991778f840, 0x0000029917790560, 0x000002991778eb20, 0x0000029917792630,
0x0000029917794070, 0x0000029917791fa0, 0x0000029917790bf0, 0x0000029917794d90,
0x0000029917796140, 0x0000029917795420, 0x0000029917792cc0, 0x00000299177967d0,
0x0000029917794700, 0x0000029917796e60, 0x00000299177939e0, 0x0000029917795ab0,
0x0000029917793350, 0x00000299177988a0, 0x00000299177974f0, 0x0000029917798f30,
0x0000029917799c50, 0x00000299177995c0, 0x000002991779a2e0, 0x000002991779a970,
0x000002991779f830, 0x000002991779d760, 0x000002991779e480, 0x000002991779d0d0,
0x000002991779ddf0, 0x000002991779bd20, 0x000002991779c3b0, 0x000002991779b690,
0x00000299177a0550, 0x00000299177a3340, 0x000002991779fec0, 0x00000299177a4060,
0x00000299177a1f90, 0x00000299177a39d0, 0x00000299177a1270, 0x00000299177a1900,
0x00000299177a0be0, 0x00000299177a5aa0, 0x00000299177a74e0, 0x00000299177a6e50,
0x00000299177a7b70, 0x00000299177a5410, 0x00000299177a6130, 0x00000299177a8200,
0x00000299177a46f0, 0x00000299177aa960, 0x000002991779eb10, 0x0000029917797b80,
0x00000299177a4d80, 0x00000299177ab680, 0x00000299177a8f20, 0x00000299177a95b0,
0x00000299177a9c40, 0x00000299177abd10, 0x00000299177aaff0, 0x00000299177a67c0,
0x00000299177a8890, 0x00000299177ad0c0, 0x00000299177aa2d0, 0x0000029917798210,
0x00000299177ad750, 0x00000299177afeb0, 0x00000299177af820, 0x00000299177adde0,
0x00000299177b1260, 0x00000299177aeb00, 0x00000299177ae470, 0x000002991779f1a0,
0x00000299177aca30, 0x000002991779ca40, 0x00000299177af190, 0x00000299177ac3a0,
0x00000299177b2ca0, 0x0000029917776160, 0x00000299177b18f0, 0x0000029917776e80,
0x0000029917775ad0, 0x0000029917774090, 0x0000029917775440, 0x0000029917778f50,
0x00000299177795e0, 0x000002991777a990, 0x0000029917778230, 0x0000029917777510,
0x000002991777b020, 0x000002991777f1c0, 0x000002991777fee0, 0x0000029917780570,
0x0000029917782cd0, 0x00000299177839f0, 0x00000299177867e0, 0x0000029917782640,
0x000002991778a2f0, 0x0000029917787b90, 0x0000029917787500, 0x00000299177895d0,
0x0000029917785430, 0x000002991778b6a0, 0x000002991778ca50, 0x0000029917789c60,
0x000002991778d770, 0x0000029917788f40, 0x000002991778d0e0, 0x0000029908d0b9e0,
0x0000029912befa40, 0x0000029915561410, 0x00000298fdd9cf00, 0x0000029917552820,
0x0000029917554260, 0x0000029917552eb0, 0x00000299175548f0, 0x0000029917552190,
0x0000029917556330, 0x0000029917557050, 0x00000299175576e0, 0x0000029917557d70,
0x00000299175569c0, 0x0000029917551b00, 0x0000029917558a90, 0x0000029917555610,
0x0000029917555ca0, 0x000002991755b880, 0x0000029917558400, 0x000002991755c5a0,
0x0000029917559e40, 0x00000299175597b0, 0x000002991755bf10, 0x0000029917559120,
0x000002991755d2c0, 0x000002991755d950, 0x000002991755ab60, 0x000002991755a4d0,
0x000002991755e670, 0x000002991755b1f0, 0x000002991755fa20, 0x000002991755ed00,
0x000002991755dfe0, 0x000002991755cc30, 0x0000029917560dd0, 0x0000029917562810,
0x000002991755f390, 0x0000029917563bc0, 0x0000029917561460, 0x0000029917563530,
0x00000299175648e0, 0x0000029917561af0, 0x0000029917560740, 0x0000029917562ea0,
0x00000299175600b0, 0x0000029917564250, 0x0000029917564f70, 0x0000029917565600,
0x0000029917550de0, 0x0000029917568a80, 0x0000029917565c90, 0x0000029917562180,
0x0000029917567040, 0x0000029917566320, 0x0000029917569110, 0x000002991756a4c0,
0x0000029917569e30, 0x00000299175669b0, 0x00000299175676d0, 0x000002991756c590,
0x000002991756cc20, 0x00000299175700a0, 0x000002991756b1e0, 0x0000029917570dc0,
0x00000299175748d0, 0x0000029917575c80, 0x0000029917576310, 0x0000029917574f60,
0x0000029917573bb0, 0x0000029917572e90, 0x00000299175755f0, 0x0000029917537700,
0x00000299175369e0, 0x000002991753d2e0, 0x000002991753d970, 0x000002991753e690,
0x000002991753bf30, 0x000002991753c5c0, 0x000002991753ab80, 0x000002991753cc50,
0x0000029917540760, 0x000002991753b8a0, 0x0000029917541b10, 0x00000299175421a0,
0x000002991753fa40, 0x000002991753f3b0, 0x0000029917547060, 0x0000029917542830,
0x0000029917544270, 0x0000029917544900, 0x0000029917547d80, 0x0000029917545620,
0x0000029917543be0, 0x0000029917546340, 0x0000029917545cb0, 0x0000029917549e50,
0x00000299175476f0, 0x000002991754b890, 0x000002991754b200, 0x000002991754ab70,
0x000002991754bf20, 0x0000029917548aa0, 0x000002991754e680, 0x000002991754dff0,
0x000002991754ed10, 0x000002991754fa30, 0x000002991754f3a0, 0x000002991754c5b0,
0x000002991754d2d0, 0x0000029917550750, 0x000002991754d960, 0x000002991777ca60,
0x0000029917783360, 0x000002991779b000, 0x000002991555f9d0, 0x000002990a7df4c0,
0x000002990a7dc6d0, 0x000002991754cc40, 0x00000299084bf950, 0x00000299084bc4d0,
0x00000299084c2740, 0x00000299084c20b0, 0x000002990cf0f410, 0x000002991555ab10,
0x000002990cf107c0, 0x00000298f1e71ae0, 0x0000029908f94750, 0x000002990b1c1450,
0x0000029916b221b0, 0x0000029916b21b20, 0x0000029916b20770, 0x0000029916b269e0,
0x0000029916b27700, 0x0000029916b20e00, 0x0000029916b24280, 0x0000029916b2c5c0,
0x0000029916b2b8a0, 0x0000029916b297d0, 0x0000029916b2bf30, 0x0000029916b2a4f0,
0x0000029916b2e690, 0x0000029916b29140, 0x0000029916b2f3b0, 0x0000029916b2d970,
0x0000029916b2fa40, 0x0000029916b300d0, 0x0000029916b2ed20, 0x0000029916b2cc50,
0x0000029916b34f90, 0x0000029916b32830, 0x0000029916b31b10, 0x0000029916b35cb0,
0x0000029916b376f0, 0x0000029916b36340, 0x0000029916b321a0, 0x0000029916b3bf20,
0x0000029916b3ab70, 0x0000029916b3cc40, 0x0000029916b3b890, 0x0000029916b34270,
0x0000029916b3ed10, 0x0000029916b3fa30, 0x0000029916b400c0, 0x0000029916b3f3a0,
0x0000029916b3dff0, 0x0000029916b42190, 0x0000029916b42820, 0x0000029916b43540,
0x0000029916b43bd0, 0x0000029916b41b00, 0x0000029916b40de0, 0x0000029916b41470,
0x0000029916b448f0, 0x0000029916b47050, 0x0000029916b45610, 0x0000029916b48400,
0x0000029916b48a90, 0x0000029916b45ca0, 0x0000029916b4a4d0, 0x0000029916b497b0,
0x0000029916b476e0, 0x0000029916b4b1f0, 0x0000029916b4bf10, 0x0000029916b4b880,
0x0000029916b4f390, 0x0000029916b4cc30, 0x0000029916b44f80, 0x0000029916b47d70,
0x0000029916b50dd0, 0x0000029916b500b0, 0x0000029916b49120, 0x0000029916b53bc0,
0x0000029916b54250, 0x0000029916b576d0, 0x0000029916b548e0, 0x0000029916b52180,
0x0000029916b52ea0, 0x0000029916b55c90, 0x0000029916b583f0, 0x0000029916b569b0,
0x0000029916b58a80, 0x0000029916b54f70, 0x0000029916b59110, 0x0000029916b55600,
0x0000029916b5b870, 0x0000029916b59e30, 0x0000029916b5a4c0, 0x0000029916b5c590,
0x0000029916b5bf00, 0x0000029916b5d2b0, 0x0000029916b597a0, 0x0000029916b5e660,
0x0000029916b5f380, 0x0000029916b5ecf0, 0x0000029916b397c0, 0x0000029916b39e50,
0x0000029917539140, 0x0000029917538420, 0x000002991756b870, 0x0000029917538ab0,
0x000002991753b210, 0x0000029917539e60, 0x000002991753a4f0, 0x0000029917541480,
0x0000029917548410, 0x00000299175497c0, 0x000002991754a4e0, 0x0000029917540df0,
0x0000029917549130, 0x000002991756bf00, 0x000002991756dfd0, 0x000002991756d2b0,
0x00000299175397d0, 0x000002991756f380, 0x0000029917542ec0, 0x0000029917543550,
0x0000029917553bd0, 0x0000029917554f80, 0x00000299175400d0, 0x0000029917553540,
0x00000299175500c0, 0x000002991756ab50, 0x000002991756d940, 0x00000299175683f0,
0x0000029917571ae0, 0x0000029917572170, 0x0000029917573520, 0x0000029917570730,
0x0000029917572800, 0x000002991777d0f0, 0x0000029917777ba0, 0x000002991777c3d0,
0x000002991777d780, 0x000002991777eb30, 0x00000299177788c0, 0x0000029917781fb0,
0x0000029917774db0, 0x000002991777a300, 0x000002991777de10, 0x000002991777f850,
0x0000029917774720, 0x000002991777bd40, 0x000002991777e4a0, 0x0000029917784710,
0x0000029917780c00, 0x0000029917785ac0, 0x0000029917786150, 0x0000029917781290,
0x0000029917779c70, 0x00000299177767f0, 0x0000029917788220, 0x00000299177888b0,
0x00000299177b1f80, 0x00000299177b3330, 0x00000299177b4050, 0x0000029917781920,
0x0000029917786e70, 0x000002991778de00, 0x000002991778c3c0, 0x00000299177b2610,
0x00000299177b39c0, 0x00000299177b0540, 0x000002991778a980, 0x00000299177a2cb0,
0x00000299177b0bd0, 0x000002991778b010, 0x00000299177a2620, 0x00000299084b5540,
0x00000299084bdf10, 0x00000299084bd1f0, 0x00000299084b4190, 0x00000299084bd880,
0x00000299084bec30, 0x00000299084baa90, 0x00000299084c4180, 0x00000299084bb120,
0x00000299084c5bc0, 0x00000298f80fb6f0, 0x00000298f810d7b0, 0x00000298f80fcaa0,
0x00000298f8118f70, 0x000002990b1b2180, 0x00000299084bb7b0, 0x00000299084c3460,
0x00000299084c5530, 0x00000299084ccb50, 0x000002991555df90, 0x0000029915570d70,
0x000002990b1ca4b0, 0x000002990b1e9770, 0x000002990cf16a30, 0x000002990cf17750,
0x0000029907a27ea0, 0x00000299079ec080, 0x000002990a7dee30, 0x0000029917537070,
0x00000299175469d0, 0x000002991756e660, 0x0000029917567d60, 0x0000029917784080,
0x00000298f67b6000, 0x00000298f67b6d20, 0x0000029908fd1920, 0x00000298f80a64e0,
0x00000298fd0d3160, 0x00000298f6f9d0d0, 0x0000029907a19260, 0x0000029908faeb50,
0x0000029916b22ed0, 0x0000029916b21490, 0x0000029916b200e0, 0x0000029916b24fa0,
0x0000029916b25630, 0x0000029916b26350, 0x0000029916b56320, 0x0000029916b5ab50,
0x0000029916b27d90, 0x0000029916b25cc0, 0x0000029916b23560, 0x0000029916b29e60,
0x0000029916b2ab80, 0x0000029916b2e000, 0x0000029916b30760, 0x0000029916b2d2e0,
0x0000029916b28420, 0x0000029916b28ab0, 0x0000029916b27070, 0x0000029916b30df0,
0x0000029916b33550, 0x0000029916b31480, 0x0000029916b369d0, 0x0000029916b57d60,
0x0000029916b33be0, 0x0000029916b37060, 0x0000029916b32ec0, 0x0000029916b38aa0,
0x0000029916b39130, 0x0000029916b34900, 0x0000029916b3a4e0, 0x0000029916b3c5b0,
0x0000029916b3b200, 0x0000029916b3d960, 0x0000029916b3e680, 0x0000029916b3d2d0,
0x0000029916b42eb0, 0x0000029916b40750, 0x0000029916b44260, 0x0000029916b46330,
0x0000029916b4c5a0, 0x0000029916b49e40, 0x0000029916b5d940, 0x0000029916b57040,
0x0000029916b5dfd0, 0x0000029916b5fa10, 0x0000029916b4d950, 0x0000029916b4ab60,
0x0000029916b4d2c0, 0x0000029916b4e670, 0x0000029916b469c0, 0x0000029916b51af0,
0x0000029916b50740, 0x0000029916b52810, 0x0000029916b4ed00, 0x0000029916b53530,
0x0000029916b51460, 0x0000029916b5b1e0, 0x0000029916b35620, 0x0000029916b4fa20,
0x0000029916b38410, 0x0000029916b37d80, 0x000002990cf08b10, 0x000002990cf135b0,
0x00000299177b46e0, 0x000002991777b6b0, 0x000002991753e000, 0x0000029917551470,
0x0000029916b600a0, 0x0000029916b23bf0, 0x000002991756ecf0, 0x000002990b1dd920,
0x0000029917544f90, 0x0000029916b5cc20, 0x00000298f810eb60, 0x00000298fdd90a20,
0x00000298fdd786f0, 0x00000298f8113a20, 0x00000299084c1a20, 0x00000298f77d3750,
0x000002991778bd30, 0x00000298fd0cae20, 0x00000298ebcfd740, 0x0000029915570050,
0x00000298f08d6b80, 0x0000029916025540, 0x000002990b1b7040, 0x000002990a7c9260,
0x000002991753ed20, 0x0000029908d20f20, 0x00000299179a7f10, 0x00000299179aa670,
0x00000299179a9950, 0x00000299179a85a0, 0x00000299179aad00, 0x00000299179ac0b0,
0x00000299179a8c30, 0x00000299179ab390, 0x00000299179ac740, 0x00000299179aba20,
0x00000299179af530, 0x00000299179afbc0, 0x00000299179a7880, 0x00000299179acdd0,
0x00000299179ad460, 0x00000299179a92c0, 0x00000299179b0f70, 0x00000299179a9fe0,
0x00000299179adaf0, 0x00000299179b08e0, 0x00000299179b1600, 0x00000299179ae180,
0x00000299179b1c90, 0x00000299179b2320, 0x00000299179aeea0, 0x00000299179b29b0,
0x00000299179b3040, 0x00000299179b36d0, 0x00000299179ae810, 0x0000029917973da0,
0x0000029917974430, 0x0000029917975e70, 0x00000299179757e0, 0x0000029917973710,
0x0000029917976500, 0x0000029917974ac0, 0x0000029917973080, 0x0000029917975150,
0x00000299179792f0, 0x00000299179778b0, 0x0000029917979980, 0x00000299179785d0,
0x0000029917978c60, 0x0000029917976b90, 0x0000029917977f40, 0x000002991797c770,
0x000002991797a6a0, 0x000002991797ce00, 0x000002991797c0e0, 0x000002991797d490,
0x000002991797a010, 0x000002991797db20, 0x0000029917981630, 0x0000029917977220,
0x0000029917980280, 0x000002991797e1b0, 0x000002991797f560, 0x000002991797e840,
0x000002991797b3c0, 0x0000029917981cc0, 0x000002991797eed0, 0x000002991797ba50,
0x0000029917983700, 0x0000029917982350, 0x0000029917986b80, 0x000002991797fbf0,
0x0000029917983d90, 0x00000299179885c0, 0x00000299179878a0, 0x0000029917985e60,
0x0000029917985140, 0x000002991798ba40, 0x000002991798c0d0, 0x0000029917988c50,
0x0000029917989970, 0x000002991798ad20, 0x000002991798a000, 0x000002991798c760,
0x000002991798a690, 0x0000029917980910, 0x0000029917984ab0, 0x00000299179829e0,
0x0000029917987f30, 0x00000299179892e0, 0x00000299179864f0, 0x000002991798b3b0,
0x000002991798e1a0, 0x0000029917984420, 0x0000029917990270, 0x000002991798d480,
0x000002991798f550, 0x000002991798db10, 0x0000029917992340, 0x0000029917983070,
0x000002991798fbe0, 0x000002991798eec0, 0x0000029917993d80, 0x000002991797ad30,
0x000002991798cdf0, 0x0000029917990900, 0x0000029917993060, 0x0000029917990f90,
0x0000029917995130, 0x00000299179957c0, 0x0000029917995e50, 0x0000029917994410,
0x0000029917991cb0, 0x0000029917996b70, 0x00000299179964e0, 0x0000029917994aa0,
0x0000029917987210, 0x0000029917991620, 0x000002991798e830, 0x00000299179929d0,
0x00000299179936f0
}

Java Threads: ( => current thread )
  0x000002989275e300 JavaThread "main"                              [_thread_blocked, id=8472, stack(0x000000ffe4100000,0x000000ffe4200000) (1024K)]
  0x000002989281c890 JavaThread "Reference Handler"          daemon [_thread_blocked, id=11516, stack(0x000000ffe4500000,0x000000ffe4600000) (1024K)]
  0x00000298926d3fb0 JavaThread "Finalizer"                  daemon [_thread_blocked, id=19440, stack(0x000000ffe4600000,0x000000ffe4700000) (1024K)]
  0x00000298926d97b0 JavaThread "Signal Dispatcher"          daemon [_thread_blocked, id=18356, stack(0x000000ffe4700000,0x000000ffe4800000) (1024K)]
  0x00000298926da690 JavaThread "Attach Listener"            daemon [_thread_blocked, id=6928, stack(0x000000ffe4800000,0x000000ffe4900000) (1024K)]
  0x00000298926dec90 JavaThread "Service Thread"             daemon [_thread_blocked, id=18532, stack(0x000000ffe4900000,0x000000ffe4a00000) (1024K)]
  0x00000298926df6f0 JavaThread "Monitor Deflation Thread"   daemon [_thread_blocked, id=3712, stack(0x000000ffe4a00000,0x000000ffe4b00000) (1024K)]
=>0x00000298926eb600 JavaThread "C2 CompilerThread0"         daemon [_thread_in_native, id=9012, stack(0x000000ffe4b00000,0x000000ffe4c00000) (1024K)]
  0x000002989270e760 JavaThread "C1 CompilerThread0"         daemon [_thread_blocked, id=5432, stack(0x000000ffe4c00000,0x000000ffe4d00000) (1024K)]
  0x00000298ebca1dc0 JavaThread "Common-Cleaner"             daemon [_thread_blocked, id=15668, stack(0x000000ffe4e00000,0x000000ffe4f00000) (1024K)]
  0x00000298ebd4f2c0 JavaThread "Notification Thread"        daemon [_thread_blocked, id=16496, stack(0x000000ffe4f00000,0x000000ffe5000000) (1024K)]
  0x00000298f05cd160 JavaThread "Active Thread: Equinox Container: 608c6170-1ebf-486d-98de-40f11f2ed902"        [_thread_blocked, id=1728, stack(0x000000ffe4d00000,0x000000ffe4e00000) (1024K)]
  0x00000298f046ada0 JavaThread "Refresh Thread: Equinox Container: 608c6170-1ebf-486d-98de-40f11f2ed902" daemon [_thread_blocked, id=10460, stack(0x000000ffe5800000,0x000000ffe5900000) (1024K)]
  0x00000298f01bd760 JavaThread "Framework Event Dispatcher: Equinox Container: 608c6170-1ebf-486d-98de-40f11f2ed902" daemon [_thread_blocked, id=14364, stack(0x000000ffe5900000,0x000000ffe5a00000) (1024K)]
  0x00000298f0b027f0 JavaThread "Start Level: Equinox Container: 608c6170-1ebf-486d-98de-40f11f2ed902" daemon [_thread_blocked, id=5248, stack(0x000000ffe5a00000,0x000000ffe5b00000) (1024K)]
  0x00000298f0eb4140 JavaThread "Bundle File Closer"         daemon [_thread_blocked, id=8696, stack(0x000000ffe5c00000,0x000000ffe5d00000) (1024K)]
  0x00000298f1323570 JavaThread "SCR Component Actor"        daemon [_thread_blocked, id=17656, stack(0x000000ffe5600000,0x000000ffe5700000) (1024K)]
  0x00000298ebc0f3a0 JavaThread "Worker-JM"                         [_thread_blocked, id=3284, stack(0x000000ffe5e00000,0x000000ffe5f00000) (1024K)]
  0x00000298f074aab0 JavaThread "Worker-0: Initialize workspace"        [_thread_blocked, id=12752, stack(0x000000ffe5b00000,0x000000ffe5c00000) (1024K)]
  0x00000298f074be60 JavaThread "Java indexing"              daemon [_thread_blocked, id=17876, stack(0x000000ffe6200000,0x000000ffe6300000) (1024K)]
  0x00000298f0749700 JavaThread "JNA Cleaner"                daemon [_thread_blocked, id=3268, stack(0x000000ffe6400000,0x000000ffe6500000) (1024K)]
  0x00000298f074b7d0 JavaThread "Worker-4: Initialize workspace"        [_thread_blocked, id=16264, stack(0x000000ffe6700000,0x000000ffe6800000) (1024K)]
  0x00000298f2cdf2b0 JavaThread "pool-2-thread-1"                   [_thread_blocked, id=14372, stack(0x000000ffe6900000,0x000000ffe6a00000) (1024K)]
  0x00000298f2ce1380 JavaThread "WorkspaceEventsHandler"            [_thread_blocked, id=7244, stack(0x000000ffe6b00000,0x000000ffe6c00000) (1024K)]
  0x00000298f2cdf940 JavaThread "pool-1-thread-1"                   [_thread_blocked, id=6392, stack(0x000000ffe6c00000,0x000000ffe6d00000) (1024K)]
  0x00000298f2ce1a10 JavaThread "Timer-0"                           [_thread_blocked, id=2964, stack(0x000000ffe6100000,0x000000ffe6200000) (1024K)]
  0x00000298f2ce3450 JavaThread "Timer-1"                           [_thread_blocked, id=3768, stack(0x000000ffe6e00000,0x000000ffe6f00000) (1024K)]
  0x00000298f2ce4800 JavaThread "Timer-2"                           [_thread_blocked, id=6328, stack(0x000000ffe7300000,0x000000ffe7400000) (1024K)]
  0x00000298f2ce4e90 JavaThread "Timer-3"                           [_thread_blocked, id=2416, stack(0x000000ffe5f00000,0x000000ffe6000000) (1024K)]
  0x00000298f23946e0 JavaThread "Timer-4"                           [_thread_blocked, id=18676, stack(0x000000ffe3e00000,0x000000ffe3f00000) (1024K)]
  0x00000298f2392610 JavaThread "Timer-5"                           [_thread_blocked, id=18464, stack(0x000000ffe7400000,0x000000ffe7500000) (1024K)]
  0x00000298f23918f0 JavaThread "Timer-6"                           [_thread_blocked, id=6152, stack(0x000000ffe7500000,0x000000ffe7600000) (1024K)]
  0x00000298f38afa10 JavaThread "Worker-14: Initialize workspace"        [_thread_blocked, id=17424, stack(0x000000ffe8500000,0x000000ffe8600000) (1024K)]
  0x00000298f38b2800 JavaThread "Worker-16: Initialize workspace"        [_thread_blocked, id=17516, stack(0x000000ffe8b00000,0x000000ffe8c00000) (1024K)]
  0x00000298f38b5c80 JavaThread "ForkJoinPool.commonPool-worker-1" daemon [_thread_blocked, id=6988, stack(0x000000ffe9000000,0x000000ffe9100000) (1024K)]
  0x00000298f38b3520 JavaThread "ForkJoinPool.commonPool-worker-2" daemon [_thread_blocked, id=10936, stack(0x000000ffe9100000,0x000000ffe9200000) (1024K)]
  0x00000298f38b4240 JavaThread "ForkJoinPool.commonPool-worker-5" daemon [_thread_blocked, id=17716, stack(0x000000ffe9200000,0x000000ffe9300000) (1024K)]
  0x00000298f38b48d0 JavaThread "ForkJoinPool.commonPool-worker-3" daemon [_thread_blocked, id=18044, stack(0x000000ffe9300000,0x000000ffe9400000) (1024K)]
  0x00000298f77d1680 JavaThread "ForkJoinPool.commonPool-worker-4" daemon [_thread_blocked, id=2244, stack(0x000000ffe9400000,0x000000ffe9500000) (1024K)]
  0x00000298f77d4470 JavaThread "ForkJoinPool.commonPool-worker-6" daemon [_thread_blocked, id=13632, stack(0x000000ffe9500000,0x000000ffe9600000) (1024K)]
  0x00000298f77d5190 JavaThread "ForkJoinPool.commonPool-worker-7" daemon [_thread_blocked, id=14008, stack(0x000000ffe9600000,0x000000ffe9700000) (1024K)]
  0x00000298f77d7260 JavaThread "Worker-18: Initialize workspace"        [_thread_blocked, id=15132, stack(0x000000ffea500000,0x000000ffea600000) (1024K)]
  0x00000298f0378590 JavaThread "Worker-31: Initialize workspace"        [_thread_blocked, id=5144, stack(0x000000ffecd00000,0x000000ffece00000) (1024K)]
  0x00000298f2f1b260 JavaThread "Worker-37: Initialize workspace"        [_thread_blocked, id=7520, stack(0x000000ffedc00000,0x000000ffedd00000) (1024K)]
  0x00000298f2f1e6e0 JavaThread "Worker-41: Initialize workspace"        [_thread_blocked, id=3636, stack(0x000000ffee600000,0x000000ffee700000) (1024K)]
  0x00000298f08d5e60 JavaThread "Worker-49: Initialize workspace"        [_thread_blocked, id=21328, stack(0x000000fff1800000,0x000000fff1900000) (1024K)]
  0x00000298f4b69550 JavaThread "Worker-92: Initialize workspace"        [_thread_blocked, id=8076, stack(0x000000fff2e00000,0x000000fff2f00000) (1024K)]
  0x00000298f4b72c40 JavaThread "Worker-120: Initialize workspace"        [_thread_blocked, id=20052, stack(0x000000fff4500000,0x000000fff4600000) (1024K)]
  0x00000298ebcf7b60 JavaThread "Worker-178: Initialize workspace"        [_thread_blocked, id=21852, stack(0x000000fff7400000,0x000000fff7500000) (1024K)]
  0x00000298f6f94d90 JavaThread "Worker-206: Initialize workspace"        [_thread_blocked, id=22636, stack(0x000000fff8b00000,0x000000fff8c00000) (1024K)]
  0x00000298f6fab680 JavaThread "Worker-282: Initialize workspace"        [_thread_blocked, id=24548, stack(0x000000fffc400000,0x000000fffc500000) (1024K)]
  0x00000298f81012d0 JavaThread "Worker-448: Initialize workspace"        [_thread_blocked, id=27572, stack(0x000000ff83600000,0x000000ff83700000) (1024K)]
  0x00000298fd0c1dc0 JavaThread "Worker-581: Initialize workspace"        [_thread_blocked, id=29116, stack(0x000000ff88f00000,0x000000ff89000000) (1024K)]
  0x00000298fd0c2450 JavaThread "Worker-588: Initialize workspace"        [_thread_blocked, id=2068, stack(0x000000ff89000000,0x000000ff89100000) (1024K)]
  0x00000298fd0c86c0 JavaThread "Worker-603: Initialize workspace"        [_thread_blocked, id=24216, stack(0x000000ff89b00000,0x000000ff89c00000) (1024K)]
  0x00000298fd0c6c80 JavaThread "Worker-617: Initialize workspace"        [_thread_blocked, id=29276, stack(0x000000ff8a100000,0x000000ff8a200000) (1024K)]
  0x00000298fd0cbb40 JavaThread "Worker-621: Initialize workspace"        [_thread_blocked, id=1100, stack(0x000000ff8ab00000,0x000000ff8ac00000) (1024K)]
  0x00000298fd0d37f0 JavaThread "Worker-668: Initialize workspace"        [_thread_blocked, id=21428, stack(0x000000ff8c200000,0x000000ff8c300000) (1024K)]
  0x00000298fd0dc1c0 JavaThread "Worker-697: Initialize workspace"        [_thread_blocked, id=23980, stack(0x000000ff8d700000,0x000000ff8d800000) (1024K)]
  0x00000298f6f9b690 JavaThread "Worker-705: Initialize workspace"        [_thread_blocked, id=30004, stack(0x000000ff80800000,0x000000ff80900000) (1024K)]
  0x00000298f6fa39d0 JavaThread "Worker-713: Initialize workspace"        [_thread_blocked, id=25792, stack(0x000000ff81600000,0x000000ff81700000) (1024K)]
  0x00000298f81105a0 JavaThread "Worker-740: Initialize workspace"        [_thread_blocked, id=9888, stack(0x000000ff88900000,0x000000ff88a00000) (1024K)]
  0x00000298f1e6c590 JavaThread "Worker-747: Initialize workspace"        [_thread_blocked, id=28204, stack(0x000000ff8e800000,0x000000ff8e900000) (1024K)]
  0x00000298f1e73520 JavaThread "Worker-754: Initialize workspace"        [_thread_blocked, id=29820, stack(0x000000ff8ee00000,0x000000ff8ef00000) (1024K)]
  0x00000298f77d23a0 JavaThread "Worker-761: Initialize workspace"        [_thread_blocked, id=8904, stack(0x000000ff8f400000,0x000000ff8f500000) (1024K)]
  0x00000298f77d5820 JavaThread "Worker-766: Initialize workspace"        [_thread_blocked, id=14588, stack(0x000000ff8f100000,0x000000ff8f200000) (1024K)]
  0x00000298f4b681a0 JavaThread "Worker-785: Initialize workspace"        [_thread_blocked, id=23236, stack(0x000000ff8fc00000,0x000000ff8fd00000) (1024K)]
  0x00000298fd0dc850 JavaThread "Worker-807: Initialize workspace"        [_thread_blocked, id=30324, stack(0x000000ff8ff00000,0x000000ff90000000) (1024K)]
  0x00000298f8111950 JavaThread "Worker-835: Initialize workspace"        [_thread_blocked, id=31040, stack(0x000000ff85600000,0x000000ff85700000) (1024K)]
  0x00000298f69a0ff0 JavaThread "Worker-844: Initialize workspace"        [_thread_blocked, id=31512, stack(0x000000ff8c300000,0x000000ff8c400000) (1024K)]
  0x00000298f08d3070 JavaThread "Worker-865: Initialize workspace"        [_thread_blocked, id=14492, stack(0x000000ff92200000,0x000000ff92300000) (1024K)]
  0x00000298f1e71450 JavaThread "Worker-882: Initialize workspace"        [_thread_blocked, id=24536, stack(0x000000ff92900000,0x000000ff92a00000) (1024K)]
  0x00000298f1e6dfd0 JavaThread "Worker-894: Initialize workspace"        [_thread_blocked, id=23372, stack(0x000000ff93400000,0x000000ff93500000) (1024K)]
  0x00000298f6fa1900 JavaThread "Worker-902: Initialize workspace"        [_thread_blocked, id=30952, stack(0x000000ff8e700000,0x000000ff8e800000) (1024K)]
  0x00000298f80a92d0 JavaThread "Worker-916: Initialize workspace"        [_thread_blocked, id=10444, stack(0x000000ff94300000,0x000000ff94400000) (1024K)]
  0x00000298f2f1b8f0 JavaThread "Worker-922: Initialize workspace"        [_thread_blocked, id=5068, stack(0x000000ff94700000,0x000000ff94800000) (1024K)]
  0x00000298f6fb1260 JavaThread "Worker-989: Initialize workspace"        [_thread_blocked, id=25464, stack(0x000000ff96d00000,0x000000ff96e00000) (1024K)]
  0x00000298f1e776c0 JavaThread "Worker-995: Initialize workspace"        [_thread_blocked, id=24724, stack(0x000000ff90400000,0x000000ff90500000) (1024K)]
  0x00000298f6faaff0 JavaThread "Worker-1006: Initialize workspace"        [_thread_blocked, id=22276, stack(0x000000ff97200000,0x000000ff97300000) (1024K)]
  0x00000298f6f9fec0 JavaThread "Worker-1010: Initialize workspace"        [_thread_blocked, id=29624, stack(0x000000ff97500000,0x000000ff97600000) (1024K)]
  0x00000298f699e890 JavaThread "Worker-1026: Initialize workspace"        [_thread_blocked, id=7828, stack(0x000000ff98300000,0x000000ff98400000) (1024K)]
  0x00000298f67c0aa0 JavaThread "Worker-1043: Initialize workspace"        [_thread_blocked, id=21732, stack(0x000000ff98f00000,0x000000ff99000000) (1024K)]
  0x00000298f67aaed0 JavaThread "Worker-1058: Initialize workspace"        [_thread_blocked, id=30520, stack(0x000000ff99600000,0x000000ff99700000) (1024K)]
  0x00000298f67acfa0 JavaThread "Worker-1072: Initialize workspace"        [_thread_blocked, id=28552, stack(0x000000ff99e00000,0x000000ff99f00000) (1024K)]
  0x00000298f67b1e60 JavaThread "Worker-1076: Initialize workspace"        [_thread_blocked, id=24696, stack(0x000000ff9a200000,0x000000ff9a300000) (1024K)]
  0x00000298f67b38a0 JavaThread "Worker-1081: Initialize workspace"        [_thread_blocked, id=15836, stack(0x000000ff9a700000,0x000000ff9a800000) (1024K)]
  0x00000298f8114dd0 JavaThread "Worker-1129: Initialize workspace"        [_thread_blocked, id=21684, stack(0x000000ff9bb00000,0x000000ff9bc00000) (1024K)]
  0x00000298f80c0250 JavaThread "Worker-1179: Initialize workspace"        [_thread_blocked, id=16604, stack(0x000000ff80d00000,0x000000ff80e00000) (1024K)]
  0x00000298fdd85260 JavaThread "Worker-1236: Initialize workspace"        [_thread_blocked, id=20656, stack(0x000000ffa3000000,0x000000ffa3100000) (1024K)]
  0x00000298fdd89a90 JavaThread "ForkJoinPool.commonPool-worker-8" daemon [_thread_blocked, id=14752, stack(0x000000ffa3800000,0x000000ffa3900000) (1024K)]
  0x00000298fdd8b4d0 JavaThread "ForkJoinPool.commonPool-worker-9" daemon [_thread_blocked, id=28924, stack(0x000000ffa3c00000,0x000000ffa3d00000) (1024K)]
  0x00000298fdd92460 JavaThread "Worker-1250: Initialize workspace"        [_thread_blocked, id=23944, stack(0x000000ffa4d00000,0x000000ffa4e00000) (1024K)]
  0x00000298fdd93ea0 JavaThread "Worker-1259: Initialize workspace"        [_thread_blocked, id=30788, stack(0x000000ffa5400000,0x000000ffa5500000) (1024K)]
  0x00000298fdd96c90 JavaThread "Worker-1263: Initialize workspace"        [_thread_blocked, id=20288, stack(0x000000ff9dc00000,0x000000ff9dd00000) (1024K)]
  0x00000298f6fb2610 JavaThread "Worker-1293: Initialize workspace"        [_thread_blocked, id=29596, stack(0x000000ffa8500000,0x000000ffa8600000) (1024K)]
  0x0000029907a09270 JavaThread "Worker-1318: Initialize workspace"        [_thread_blocked, id=28468, stack(0x000000ffaa200000,0x000000ffaa300000) (1024K)]
  0x0000029907a16b00 JavaThread "Worker-1328: Initialize workspace"        [_thread_blocked, id=16052, stack(0x000000ffab600000,0x000000ffab700000) (1024K)]
  0x0000029907a1e120 JavaThread "Connection worker"                 [_thread_blocked, id=21424, stack(0x000000ff96600000,0x000000ff96700000) (1024K)]
  0x0000029907a19f80 JavaThread "pool-199-thread-1"                 [_thread_blocked, id=26200, stack(0x000000ffac800000,0x000000ffac900000) (1024K)]
  0x0000029907a201f0 JavaThread "Worker-1345: Initialize workspace"        [_thread_blocked, id=16692, stack(0x000000ffac700000,0x000000ffac800000) (1024K)]
  0x00000299079efb90 JavaThread "Worker-1368: Initialize workspace"        [_thread_blocked, id=18536, stack(0x000000ff83800000,0x000000ff83900000) (1024K)]
  0x00000299079fa630 JavaThread "Worker-1380: Initialize workspace"        [_thread_blocked, id=34404, stack(0x000000ffa5a00000,0x000000ffa5b00000) (1024K)]
  0x00000298fdda7310 JavaThread "Worker-1393: Initialize workspace"        [_thread_blocked, id=10340, stack(0x000000ffa7d00000,0x000000ffa7e00000) (1024K)]
  0x00000298fdd7e2d0 JavaThread "Worker-1402: Initialize workspace"        [_thread_blocked, id=29228, stack(0x000000ff99700000,0x000000ff99800000) (1024K)]
  0x00000298fdd7bb70 JavaThread "Worker-1411: Initialize workspace"        [_thread_blocked, id=35224, stack(0x000000ffae900000,0x000000ffaea00000) (1024K)]
  0x00000298fdd89400 JavaThread "Worker-1418: Initialize workspace"        [_thread_blocked, id=35428, stack(0x000000ffa4c00000,0x000000ffa4d00000) (1024K)]
  0x00000298fdd8c880 JavaThread "Connection worker"                 [_thread_blocked, id=35812, stack(0x000000ffaf200000,0x000000ffaf300000) (1024K)]
  0x00000298fdd8cf10 JavaThread "Connection worker"                 [_thread_blocked, id=26960, stack(0x000000ffaf600000,0x000000ffaf700000) (1024K)]
  0x00000298fdd91740 JavaThread "Worker-1430: Initialize workspace"        [_thread_blocked, id=21736, stack(0x000000ffaf500000,0x000000ffaf600000) (1024K)]
  0x00000298fdd8f670 JavaThread "pool-209-thread-1"                 [_thread_blocked, id=28464, stack(0x000000ffaf700000,0x000000ffaf800000) (1024K)]
  0x00000298fdd90390 JavaThread "pool-210-thread-1"                 [_thread_blocked, id=34908, stack(0x000000ffaf300000,0x000000ffaf400000) (1024K)]
  0x00000298fdd84bd0 JavaThread "Worker-1437: Initialize workspace"        [_thread_blocked, id=17956, stack(0x000000ffa2f00000,0x000000ffa3000000) (1024K)]
  0x00000298fdd95f70 JavaThread "Worker-1444: Initialize workspace"        [_thread_blocked, id=34820, stack(0x000000ffafa00000,0x000000ffafb00000) (1024K)]
  0x00000298fdd96600 JavaThread "Worker-1452: Initialize workspace"        [_thread_blocked, id=28412, stack(0x000000ffabc00000,0x000000ffabd00000) (1024K)]
  0x00000298fdd979b0 JavaThread "Worker-1461: Initialize workspace"        [_thread_blocked, id=35112, stack(0x000000ffb0300000,0x000000ffb0400000) (1024K)]
  0x00000298fdd9e2b0 JavaThread "Connection worker"                 [_thread_blocked, id=34160, stack(0x000000ffb0700000,0x000000ffb0800000) (1024K)]
  0x0000029907a0a620 JavaThread "Worker-1476: Initialize workspace"        [_thread_blocked, id=28088, stack(0x000000ffac100000,0x000000ffac200000) (1024K)]
  0x0000029907a0c060 JavaThread "pool-215-thread-1"                 [_thread_blocked, id=30300, stack(0x000000ffa9e00000,0x000000ffa9f00000) (1024K)]
  0x0000029907a0acb0 JavaThread "Worker-1489: Initialize workspace"        [_thread_blocked, id=35036, stack(0x000000ffb0900000,0x000000ffb0a00000) (1024K)]
  0x0000029907a12960 JavaThread "Worker-1497: Initialize workspace"        [_thread_blocked, id=28684, stack(0x000000ffb0b00000,0x000000ffb0c00000) (1024K)]
  0x0000029907a1f4d0 JavaThread "Worker-1506: Initialize workspace"        [_thread_blocked, id=21024, stack(0x000000ffacd00000,0x000000fface00000) (1024K)]
  0x0000029907a22fe0 JavaThread "Worker-1514: Initialize workspace"        [_thread_blocked, id=7644, stack(0x000000ffad500000,0x000000ffad600000) (1024K)]
  0x0000029907a298e0 JavaThread "Worker-1522: Initialize workspace"        [_thread_blocked, id=21032, stack(0x000000ffad600000,0x000000ffad700000) (1024K)]
  0x0000029907a28bc0 JavaThread "Worker-1531: Initialize workspace"        [_thread_blocked, id=27268, stack(0x000000ff87400000,0x000000ff87500000) (1024K)]
  0x00000298f4882270 JavaThread "Worker-1539: Initialize workspace"        [_thread_blocked, id=35212, stack(0x000000ffa1400000,0x000000ffa1500000) (1024K)]
  0x0000029907a071a0 JavaThread "Worker-1566: Initialize workspace"        [_thread_blocked, id=34156, stack(0x000000ff8da00000,0x000000ff8db00000) (1024K)]
  0x00000299079f6490 JavaThread "Worker-1582: Initialize workspace"        [_thread_blocked, id=15524, stack(0x000000ff9b400000,0x000000ff9b500000) (1024K)]
  0x00000299079f36a0 JavaThread "Worker-1590: Initialize workspace"        [_thread_blocked, id=20384, stack(0x000000ff9f400000,0x000000ff9f500000) (1024K)]
  0x00000299079f08b0 JavaThread "Worker-1596: Initialize workspace"        [_thread_blocked, id=23556, stack(0x000000ffa0e00000,0x000000ffa0f00000) (1024K)]
  0x00000299079fe140 JavaThread "Worker-1603: Initialize workspace"        [_thread_blocked, id=30752, stack(0x000000ffa1900000,0x000000ffa1a00000) (1024K)]
  0x0000029907a18540 JavaThread "Connection worker"                 [_thread_blocked, id=32288, stack(0x000000ffa2800000,0x000000ffa2900000) (1024K)]
  0x0000029907a1b9c0 JavaThread "pool-235-thread-1"                 [_thread_blocked, id=25460, stack(0x000000ffa2900000,0x000000ffa2a00000) (1024K)]
  0x0000029907a10890 JavaThread "Worker-1618: Initialize workspace"        [_thread_blocked, id=36012, stack(0x000000ff8d500000,0x000000ff8d600000) (1024K)]
  0x00000299079facc0 JavaThread "Worker-1624: Initialize workspace"        [_thread_blocked, id=36164, stack(0x000000ff88a00000,0x000000ff88b00000) (1024K)]
  0x0000029907a05760 JavaThread "Worker-1631: Initialize workspace"        [_thread_blocked, id=36560, stack(0x000000ff89e00000,0x000000ff89f00000) (1024K)]
  0x0000029907a23670 JavaThread "Worker-1640: Initialize workspace"        [_thread_blocked, id=36856, stack(0x000000ffa4400000,0x000000ffa4500000) (1024K)]
  0x00000298fdd6b4f0 JavaThread "Worker-1651: Initialize workspace"        [_thread_blocked, id=36180, stack(0x000000ffa5600000,0x000000ffa5700000) (1024K)]
  0x00000298fdd6c8a0 JavaThread "Worker-1655: Initialize workspace"        [_thread_blocked, id=36832, stack(0x000000ffa5800000,0x000000ffa5900000) (1024K)]
  0x00000298fdd703b0 JavaThread "Worker-1658: Initialize workspace"        [_thread_blocked, id=36796, stack(0x000000ffa6300000,0x000000ffa6400000) (1024K)]
  0x00000298fdd73830 JavaThread "Worker-1669: Initialize workspace"        [_thread_blocked, id=6520, stack(0x000000ffa6f00000,0x000000ffa7000000) (1024K)]
  0x00000298fdd7a130 JavaThread "Worker-1676: Initialize workspace"        [_thread_blocked, id=32508, stack(0x000000ffa8700000,0x000000ffa8800000) (1024K)]
  0x00000298fdd803a0 JavaThread "Worker-1683: Initialize workspace"        [_thread_blocked, id=36464, stack(0x000000ffa8c00000,0x000000ffa8d00000) (1024K)]
  0x00000298fdd85f80 JavaThread "Worker-1689: Initialize workspace"        [_thread_blocked, id=36252, stack(0x000000ffa9200000,0x000000ffa9300000) (1024K)]
  0x00000298fdd8c1f0 JavaThread "Worker-1699: Initialize workspace"        [_thread_blocked, id=8020, stack(0x000000ffa9900000,0x000000ffa9a00000) (1024K)]
  0x00000298fdd88d70 JavaThread "Worker-1703: Initialize workspace"        [_thread_blocked, id=23664, stack(0x000000ffa8e00000,0x000000ffa8f00000) (1024K)]
  0x00000298fdd9e940 JavaThread "Worker-1709: Initialize workspace"        [_thread_blocked, id=29240, stack(0x000000ffaaa00000,0x000000ffaab00000) (1024K)]
  0x00000298f81040c0 JavaThread "Worker-1719: Initialize workspace"        [_thread_blocked, id=32180, stack(0x000000ffac400000,0x000000ffac500000) (1024K)]
  0x00000298f8111fe0 JavaThread "Worker-1726: Initialize workspace"        [_thread_blocked, id=31504, stack(0x000000ffadc00000,0x000000ffadd00000) (1024K)]
  0x00000298f6fa5aa0 JavaThread "Worker-1735: Initialize workspace"        [_thread_blocked, id=31364, stack(0x000000ffb1600000,0x000000ffb1700000) (1024K)]
  0x00000298fd0c1730 JavaThread "Worker-1745: Initialize workspace"        [_thread_blocked, id=37120, stack(0x000000ffa0700000,0x000000ffa0800000) (1024K)]
  0x00000298fd0dbb30 JavaThread "Worker-1754: Initialize workspace"        [_thread_blocked, id=37352, stack(0x000000ffb2100000,0x000000ffb2200000) (1024K)]
  0x00000298f08d3700 JavaThread "Worker-1762: Initialize workspace"        [_thread_blocked, id=37464, stack(0x000000ffb2300000,0x000000ffb2400000) (1024K)]
  0x00000298f08d5140 JavaThread "Worker-1771: Initialize workspace"        [_thread_blocked, id=37556, stack(0x000000ffb2800000,0x000000ffb2900000) (1024K)]
  0x00000298f6faca30 JavaThread "Worker-1780: Initialize workspace"        [_thread_blocked, id=37660, stack(0x000000ffb2c00000,0x000000ffb2d00000) (1024K)]
  0x00000298f4889200 JavaThread "Worker-1790: Initialize workspace"        [_thread_blocked, id=37800, stack(0x000000ffb2b00000,0x000000ffb2c00000) (1024K)]
  0x00000298ebcf67b0 JavaThread "Worker-1799: Initialize workspace"        [_thread_blocked, id=20376, stack(0x000000ffb3200000,0x000000ffb3300000) (1024K)]
  0x00000298f6f9ca40 JavaThread "Worker-1808: Initialize workspace"        [_thread_blocked, id=37308, stack(0x000000ffb3700000,0x000000ffb3800000) (1024K)]
  0x00000299084af2d0 JavaThread "Worker-1823: Initialize workspace"        [_thread_blocked, id=35836, stack(0x000000ffb4200000,0x000000ffb4300000) (1024K)]
  0x00000299084afff0 JavaThread "Worker-1834: Initialize workspace"        [_thread_blocked, id=37768, stack(0x000000ffb4400000,0x000000ffb4500000) (1024K)]
  0x00000299084b1a30 JavaThread "Worker-1841: Initialize workspace"        [_thread_blocked, id=37536, stack(0x000000ffb4800000,0x000000ffb4900000) (1024K)]
  0x00000299084b13a0 JavaThread "Connection worker"                 [_thread_blocked, id=37260, stack(0x000000ffae800000,0x000000ffae900000) (1024K)]
  0x00000299084b3470 JavaThread "Worker-1846: Initialize workspace"        [_thread_blocked, id=37540, stack(0x000000ffb4a00000,0x000000ffb4b00000) (1024K)]
  0x00000299084b4eb0 JavaThread "pool-264-thread-1"                 [_thread_blocked, id=37608, stack(0x000000ffb4c00000,0x000000ffb4d00000) (1024K)]
  0x00000299084b5bd0 JavaThread "Worker-1857: Initialize workspace"        [_thread_blocked, id=37652, stack(0x000000ffb4e00000,0x000000ffb4f00000) (1024K)]
  0x00000299084b89c0 JavaThread "Connection worker"                 [_thread_blocked, id=17900, stack(0x000000ffb5500000,0x000000ffb5600000) (1024K)]
  0x00000299084b96e0 JavaThread "Worker-1869: Initialize workspace"        [_thread_blocked, id=28908, stack(0x000000ffb5300000,0x000000ffb5400000) (1024K)]
  0x00000299084b7ca0 JavaThread "Worker-1874: Initialize workspace"        [_thread_blocked, id=24188, stack(0x000000ffb5800000,0x000000ffb5900000) (1024K)]
  0x00000299084b9d70 JavaThread "Worker-1885: Initialize workspace"        [_thread_blocked, id=28748, stack(0x000000ffb5c00000,0x000000ffb5d00000) (1024K)]
  0x00000299084be5a0 JavaThread "Worker-1893: Initialize workspace"        [_thread_blocked, id=38420, stack(0x000000ffa2b00000,0x000000ffa2c00000) (1024K)]
  0x00000299084bcb60 JavaThread "Worker-1904: Initialize workspace"        [_thread_blocked, id=24400, stack(0x000000ffb6500000,0x000000ffb6600000) (1024K)]
  0x00000299084c2dd0 JavaThread "Worker-1911: Initialize workspace"        [_thread_blocked, id=37936, stack(0x000000ffb6800000,0x000000ffb6900000) (1024K)]
  0x00000299084c4810 JavaThread "Worker-1918: Initialize workspace"        [_thread_blocked, id=37924, stack(0x000000ffb6c00000,0x000000ffb6d00000) (1024K)]
  0x00000299084c3af0 JavaThread "Connection worker"                 [_thread_blocked, id=38880, stack(0x000000ffb6a00000,0x000000ffb6b00000) (1024K)]
  0x00000299084c4ea0 JavaThread "pool-273-thread-1"                 [_thread_blocked, id=38904, stack(0x000000ffb6f00000,0x000000ffb7000000) (1024K)]
  0x00000299084c9d60 JavaThread "Connection worker"                 [_thread_blocked, id=38776, stack(0x000000ffb7300000,0x000000ffb7400000) (1024K)]
  0x00000299084ca3f0 JavaThread "pool-274-thread-1"                 [_thread_blocked, id=37928, stack(0x000000ffa0d00000,0x000000ffa0e00000) (1024K)]
  0x00000299084c7c90 JavaThread "Worker-1935: Initialize workspace"        [_thread_blocked, id=38720, stack(0x000000ffb7100000,0x000000ffb7200000) (1024K)]
  0x00000299084c6f70 JavaThread "Worker-1939: Initialize workspace"        [_thread_blocked, id=29704, stack(0x000000ffb7400000,0x000000ffb7500000) (1024K)]
  0x00000299084c9040 JavaThread "Connection worker"                 [_thread_blocked, id=31456, stack(0x000000ffb7800000,0x000000ffb7900000) (1024K)]
  0x00000299084caa80 JavaThread "pool-275-thread-1"                 [_thread_blocked, id=1600, stack(0x000000ffb7900000,0x000000ffb7a00000) (1024K)]
  0x00000299084ce590 JavaThread "Connection worker"                 [_thread_blocked, id=34952, stack(0x000000ffb7e00000,0x000000ffb7f00000) (1024K)]
  0x00000299084cd870 JavaThread "pool-277-thread-1"                 [_thread_blocked, id=34020, stack(0x000000ffb8100000,0x000000ffb8200000) (1024K)]
  0x00000299084cd1e0 JavaThread "Worker-1958: Initialize workspace"        [_thread_blocked, id=38092, stack(0x000000ffb8000000,0x000000ffb8100000) (1024K)]
  0x00000299084cf940 JavaThread "Worker-1966: Initialize workspace"        [_thread_blocked, id=36124, stack(0x000000ffb8400000,0x000000ffb8500000) (1024K)]
  0x00000299084d0660 JavaThread "Worker-1969: Initialize workspace"        [_thread_blocked, id=24700, stack(0x000000ffb8200000,0x000000ffb8300000) (1024K)]
  0x00000299084cffd0 JavaThread "Connection worker"                 [_thread_blocked, id=26880, stack(0x000000ffb8700000,0x000000ffb8800000) (1024K)]
  0x00000299084d1380 JavaThread "pool-279-thread-1"                 [_thread_blocked, id=38756, stack(0x000000ffb8600000,0x000000ffb8700000) (1024K)]
  0x00000299084cf2b0 JavaThread "Worker-1974: Initialize workspace"        [_thread_blocked, id=35232, stack(0x000000ffb8800000,0x000000ffb8900000) (1024K)]
  0x00000299084d4e90 JavaThread "Worker-1979: Initialize workspace"        [_thread_blocked, id=36880, stack(0x000000ffb8b00000,0x000000ffb8c00000) (1024K)]
  0x00000299084d2730 JavaThread "Connection worker"                 [_thread_blocked, id=24532, stack(0x000000ffb8a00000,0x000000ffb8b00000) (1024K)]
  0x00000299084d3450 JavaThread "pool-280-thread-1"                 [_thread_blocked, id=25832, stack(0x000000ffb8d00000,0x000000ffb8e00000) (1024K)]
  0x00000299084d3ae0 JavaThread "Worker-1986: Initialize workspace"        [_thread_blocked, id=4320, stack(0x000000ffa0600000,0x000000ffa0700000) (1024K)]
  0x00000299084d6f60 JavaThread "Worker-1995: Initialize workspace"        [_thread_blocked, id=37220, stack(0x000000ffb8c00000,0x000000ffb8d00000) (1024K)]
  0x00000299084d68d0 JavaThread "Connection worker"                 [_thread_blocked, id=8688, stack(0x000000ffa9800000,0x000000ffa9900000) (1024K)]
  0x00000299084d75f0 JavaThread "pool-282-thread-1"                 [_thread_blocked, id=31812, stack(0x000000ffa0a00000,0x000000ffa0b00000) (1024K)]
  0x00000299084d9030 JavaThread "Worker-2001: Initialize workspace"        [_thread_blocked, id=36092, stack(0x000000ffade00000,0x000000ffadf00000) (1024K)]
  0x00000299084d9d50 JavaThread "Connection worker"                 [_thread_blocked, id=24940, stack(0x000000ffb1000000,0x000000ffb1100000) (1024K)]
  0x00000299084da3e0 JavaThread "Connection worker"                 [_thread_blocked, id=38112, stack(0x000000ffb1900000,0x000000ffb1a00000) (1024K)]
  0x00000299084d8310 JavaThread "pool-283-thread-1"                 [_thread_blocked, id=32344, stack(0x000000ffae100000,0x000000ffae200000) (1024K)]
  0x00000299084dbe20 JavaThread "Worker-2011: Initialize workspace"        [_thread_blocked, id=15940, stack(0x000000ffb9300000,0x000000ffb9400000) (1024K)]
  0x00000299084d96c0 JavaThread "pool-284-thread-1"                 [_thread_blocked, id=26096, stack(0x000000ffb9000000,0x000000ffb9100000) (1024K)]
  0x00000299084db100 JavaThread "Worker-2014: Initialize workspace"        [_thread_blocked, id=37128, stack(0x000000ffb9100000,0x000000ffb9200000) (1024K)]
  0x00000299084df2a0 JavaThread "Worker-2020: Initialize workspace"        [_thread_blocked, id=28020, stack(0x000000ffb9700000,0x000000ffb9800000) (1024K)]
  0x00000299084de580 JavaThread "Connection worker"                 [_thread_blocked, id=33360, stack(0x000000ffb9900000,0x000000ffb9a00000) (1024K)]
  0x00000299084dc4b0 JavaThread "pool-285-thread-1"                 [_thread_blocked, id=38476, stack(0x000000ffb9b00000,0x000000ffb9c00000) (1024K)]
  0x00000299084dffc0 JavaThread "Worker-2028: Initialize workspace"        [_thread_blocked, id=36076, stack(0x000000ffb9a00000,0x000000ffb9b00000) (1024K)]
  0x00000299084e1a00 JavaThread "Connection worker"                 [_thread_blocked, id=21156, stack(0x000000ffba300000,0x000000ffba400000) (1024K)]
  0x00000299084e2090 JavaThread "pool-288-thread-1"                 [_thread_blocked, id=32404, stack(0x000000ffba100000,0x000000ffba200000) (1024K)]
  0x00000299084e4160 JavaThread "Worker-2034: Initialize workspace"        [_thread_blocked, id=28616, stack(0x000000ffb1d00000,0x000000ffb1e00000) (1024K)]
  0x00000299084e0ce0 JavaThread "Worker-2042: Initialize workspace"        [_thread_blocked, id=8704, stack(0x000000ffba500000,0x000000ffba600000) (1024K)]
  0x00000299084e6f50 JavaThread "Worker-2048: Initialize workspace"        [_thread_blocked, id=19936, stack(0x000000ffbab00000,0x000000ffbac00000) (1024K)]
  0x00000299084e5510 JavaThread "Worker-2054: Initialize workspace"        [_thread_blocked, id=23428, stack(0x000000ffbad00000,0x000000ffbae00000) (1024K)]
  0x00000299084e6230 JavaThread "Worker-2062: Initialize workspace"        [_thread_blocked, id=33920, stack(0x000000ffb3000000,0x000000ffb3100000) (1024K)]
  0x00000299084b6f80 JavaThread "Worker-2068: Initialize workspace"        [_thread_blocked, id=6940, stack(0x000000ffb5100000,0x000000ffb5200000) (1024K)]
  0x00000299084b9050 JavaThread "Worker-2075: Initialize workspace"        [_thread_blocked, id=37508, stack(0x000000ffbb300000,0x000000ffbb400000) (1024K)]
  0x00000299079ee7e0 JavaThread "Worker-2084: Initialize workspace"        [_thread_blocked, id=22180, stack(0x000000ffbb600000,0x000000ffbb700000) (1024K)]
  0x00000299079f22f0 JavaThread "Connection worker"                 [_thread_blocked, id=23620, stack(0x000000ffbb500000,0x000000ffbb600000) (1024K)]
  0x0000029907a03d20 JavaThread "pool-295-thread-1"                 [_thread_blocked, id=38444, stack(0x000000ffbba00000,0x000000ffbbb00000) (1024K)]
  0x00000299079f7ed0 JavaThread "Connection worker"                 [_thread_blocked, id=33588, stack(0x000000ffbb700000,0x000000ffbb800000) (1024K)]
  0x0000029907a1c050 JavaThread "Worker-2093: Initialize workspace"        [_thread_blocked, id=27800, stack(0x000000ffbbb00000,0x000000ffbbc00000) (1024K)]
  0x0000029907a00f30 JavaThread "pool-296-thread-1"                 [_thread_blocked, id=22984, stack(0x000000ffbbe00000,0x000000ffbbf00000) (1024K)]
  0x00000298fdd6d5c0 JavaThread "Worker-2102: Initialize workspace"        [_thread_blocked, id=31952, stack(0x000000ffbc100000,0x000000ffbc200000) (1024K)]
  0x00000298fdd74550 JavaThread "Connection worker"                 [_thread_blocked, id=29592, stack(0x000000ffbc300000,0x000000ffbc400000) (1024K)]
  0x00000298fdd6e970 JavaThread "Worker-2109: Initialize workspace"        [_thread_blocked, id=28956, stack(0x000000ffa7a00000,0x000000ffa7b00000) (1024K)]
  0x00000298fdd78060 JavaThread "pool-298-thread-1"                 [_thread_blocked, id=30812, stack(0x000000ffbbd00000,0x000000ffbbe00000) (1024K)]
  0x00000298f8101960 JavaThread "Worker-2118: Initialize workspace"        [_thread_blocked, id=33220, stack(0x000000ffa9000000,0x000000ffa9100000) (1024K)]
  0x00000298f81033a0 JavaThread "Worker-2126: Initialize workspace"        [_thread_blocked, id=27588, stack(0x000000ffbc700000,0x000000ffbc800000) (1024K)]
  0x00000298f6f967d0 JavaThread "Worker-2134: Initialize workspace"        [_thread_blocked, id=23908, stack(0x000000ffbca00000,0x000000ffbcb00000) (1024K)]
  0x00000298f2ce3ae0 JavaThread "Worker-2148: Initialize workspace"        [_thread_blocked, id=33656, stack(0x000000ff9b100000,0x000000ff9b200000) (1024K)]
  0x00000298f2ce0660 JavaThread "Worker-2167: Initialize workspace"        [_thread_blocked, id=31304, stack(0x000000ffbd700000,0x000000ffbd800000) (1024K)]
  0x00000298f6fa4060 JavaThread "Connection worker"                 [_thread_blocked, id=22936, stack(0x000000ffbd800000,0x000000ffbd900000) (1024K)]
  0x0000029907a07830 JavaThread "Connection worker"                 [_thread_blocked, id=26856, stack(0x000000ffbd600000,0x000000ffbd700000) (1024K)]
  0x00000298f67bcf90 JavaThread "pool-304-thread-1"                 [_thread_blocked, id=29108, stack(0x000000ffbda00000,0x000000ffbdb00000) (1024K)]
  0x00000298f81140b0 JavaThread "pool-305-thread-1"                 [_thread_blocked, id=35876, stack(0x000000ffbdb00000,0x000000ffbdc00000) (1024K)]
  0x00000298f037fbb0 JavaThread "Worker-2176: Initialize workspace"        [_thread_blocked, id=9900, stack(0x000000ffbdc00000,0x000000ffbdd00000) (1024K)]
  0x0000029908fb1940 JavaThread "Worker-2182: Initialize workspace"        [_thread_blocked, id=33328, stack(0x000000ffbe000000,0x000000ffbe100000) (1024K)]
  0x0000029908fb3380 JavaThread "Worker-2187: Initialize workspace"        [_thread_blocked, id=35424, stack(0x000000ffbe100000,0x000000ffbe200000) (1024K)]
  0x0000029908fb0c20 JavaThread "Worker-2196: Initialize workspace"        [_thread_blocked, id=22620, stack(0x000000ffb3e00000,0x000000ffb3f00000) (1024K)]
  0x0000029908fb1fd0 JavaThread "Worker-2201: Initialize workspace"        [_thread_blocked, id=37452, stack(0x000000ffbe600000,0x000000ffbe700000) (1024K)]
  0x0000029908fb6170 JavaThread "Connection worker"                 [_thread_blocked, id=33492, stack(0x000000ffbec00000,0x000000ffbed00000) (1024K)]
  0x0000029908fb5ae0 JavaThread "pool-308-thread-1"                 [_thread_blocked, id=3640, stack(0x000000ffbef00000,0x000000ffbf000000) (1024K)]
  0x0000029908fb40a0 JavaThread "Connection worker"                 [_thread_blocked, id=8932, stack(0x000000ffbf100000,0x000000ffbf200000) (1024K)]
  0x0000029908fb7bb0 JavaThread "Worker-2213: Initialize workspace"        [_thread_blocked, id=19188, stack(0x000000ffbee00000,0x000000ffbef00000) (1024K)]
  0x0000029908fb5450 JavaThread "pool-309-thread-1"                 [_thread_blocked, id=31928, stack(0x000000ffbf000000,0x000000ffbf100000) (1024K)]
  0x0000029908fb4dc0 JavaThread "Connection worker"                 [_thread_blocked, id=38084, stack(0x000000ffb7f00000,0x000000ffb8000000) (1024K)]
  0x0000029908fba310 JavaThread "Worker-2217: Initialize workspace"        [_thread_blocked, id=18096, stack(0x000000ffbf200000,0x000000ffbf300000) (1024K)]
  0x0000029908fb88d0 JavaThread "pool-311-thread-1"                 [_thread_blocked, id=38408, stack(0x000000ffb7d00000,0x000000ffb7e00000) (1024K)]
  0x0000029908fb7520 JavaThread "Connection worker"                 [_thread_blocked, id=37856, stack(0x000000ffbf600000,0x000000ffbf700000) (1024K)]
  0x0000029908fbb6c0 JavaThread "Worker-2225: Initialize workspace"        [_thread_blocked, id=29712, stack(0x000000ffbf800000,0x000000ffbf900000) (1024K)]
  0x0000029908fbbd50 JavaThread "pool-312-thread-1"                 [_thread_blocked, id=30040, stack(0x000000ffbf900000,0x000000ffbfa00000) (1024K)]
  0x0000029908fbd100 JavaThread "Worker-2231: Initialize workspace"        [_thread_blocked, id=22492, stack(0x000000ffb5900000,0x000000ffb5a00000) (1024K)]
  0x0000029908fba9a0 JavaThread "Worker-2236: Initialize workspace"        [_thread_blocked, id=25864, stack(0x000000ffb5d00000,0x000000ffb5e00000) (1024K)]
  0x0000029908fc12a0 JavaThread "Connection worker"                 [_thread_blocked, id=18348, stack(0x000000ffc0300000,0x000000ffc0400000) (1024K)]
  0x0000029908fc1930 JavaThread "Connection worker"                 [_thread_blocked, id=19008, stack(0x000000ffc0100000,0x000000ffc0200000) (1024K)]
  0x0000029908fbfef0 JavaThread "Worker-2246: Initialize workspace"        [_thread_blocked, id=21592, stack(0x000000ffc0400000,0x000000ffc0500000) (1024K)]
  0x0000029908fc0c10 JavaThread "pool-314-thread-1"                 [_thread_blocked, id=23348, stack(0x000000ffc0000000,0x000000ffc0100000) (1024K)]
  0x0000029908fbf1d0 JavaThread "pool-316-thread-1"                 [_thread_blocked, id=9268, stack(0x000000ffc0900000,0x000000ffc0a00000) (1024K)]
  0x0000029908fc6160 JavaThread "Connection worker"                 [_thread_blocked, id=20504, stack(0x000000ffc0a00000,0x000000ffc0b00000) (1024K)]
  0x0000029908fc4090 JavaThread "pool-317-thread-1"                 [_thread_blocked, id=1224, stack(0x000000ffc0b00000,0x000000ffc0c00000) (1024K)]
  0x0000029908fc3370 JavaThread "Worker-2255: Initialize workspace"        [_thread_blocked, id=19840, stack(0x000000ffc0800000,0x000000ffc0900000) (1024K)]
  0x0000029908fc3a00 JavaThread "Worker-2261: Initialize workspace"        [_thread_blocked, id=25184, stack(0x000000ffc0c00000,0x000000ffc0d00000) (1024K)]
  0x0000029908fc4db0 JavaThread "Worker-2269: Initialize workspace"        [_thread_blocked, id=35524, stack(0x000000ffb8e00000,0x000000ffb8f00000) (1024K)]
  0x0000029908fc2ce0 JavaThread "Connection worker"                 [_thread_blocked, id=34284, stack(0x000000ffb9c00000,0x000000ffb9d00000) (1024K)]
  0x0000029908fc6e80 JavaThread "Worker-2274: Initialize workspace"        [_thread_blocked, id=19472, stack(0x000000ffc0d00000,0x000000ffc0e00000) (1024K)]
  0x0000029908fcbd40 JavaThread "pool-320-thread-1"                 [_thread_blocked, id=24088, stack(0x000000ffc1100000,0x000000ffc1200000) (1024K)]
  0x0000029908fc88c0 JavaThread "Connection worker"                 [_thread_blocked, id=20180, stack(0x000000ffc1300000,0x000000ffc1400000) (1024K)]
  0x0000029908fc9c70 JavaThread "pool-321-thread-1"                 [_thread_blocked, id=6324, stack(0x000000ffc1400000,0x000000ffc1500000) (1024K)]
  0x0000029908fcca60 JavaThread "Worker-2287: Initialize workspace"        [_thread_blocked, id=35304, stack(0x000000ffb1800000,0x000000ffb1900000) (1024K)]
  0x0000029908fcf1c0 JavaThread "Connection worker"                 [_thread_blocked, id=36048, stack(0x000000ffc1f00000,0x000000ffc2000000) (1024K)]
  0x0000029908fceb30 JavaThread "Worker-2294: Initialize workspace"        [_thread_blocked, id=22304, stack(0x000000ffc1e00000,0x000000ffc1f00000) (1024K)]
  0x0000029908fd1fb0 JavaThread "pool-322-thread-1"                 [_thread_blocked, id=31632, stack(0x000000ffc2400000,0x000000ffc2500000) (1024K)]
  0x0000029908fd3360 JavaThread "Worker-2301: Initialize workspace"        [_thread_blocked, id=24800, stack(0x000000ffc2900000,0x000000ffc2a00000) (1024K)]
  0x0000029908fd4710 JavaThread "Connection worker"                 [_thread_blocked, id=19848, stack(0x000000ffc2b00000,0x000000ffc2c00000) (1024K)]
  0x0000029908f97540 JavaThread "pool-324-thread-1"                 [_thread_blocked, id=3552, stack(0x000000ffc3000000,0x000000ffc3100000) (1024K)]
  0x0000029908f97bd0 JavaThread "Worker-2307: Initialize workspace"        [_thread_blocked, id=30684, stack(0x000000ffc3200000,0x000000ffc3300000) (1024K)]
  0x0000029908f9b050 JavaThread "Worker-2315: Initialize workspace"        [_thread_blocked, id=3940, stack(0x000000ffc2f00000,0x000000ffc3000000) (1024K)]
  0x0000029908f98260 JavaThread "Worker-2324: Initialize workspace"        [_thread_blocked, id=34652, stack(0x000000ffc3b00000,0x000000ffc3c00000) (1024K)]
  0x0000029908f9eb60 JavaThread "Connection worker"                 [_thread_blocked, id=7844, stack(0x000000ffc3d00000,0x000000ffc3e00000) (1024K)]
  0x0000029908fa1950 JavaThread "pool-328-thread-1"                 [_thread_blocked, id=33668, stack(0x000000ffc4000000,0x000000ffc4100000) (1024K)]
  0x0000029908f9e4d0 JavaThread "Worker-2332: Initialize workspace"        [_thread_blocked, id=33940, stack(0x000000ffc4800000,0x000000ffc4900000) (1024K)]
  0x0000029908fa4dd0 JavaThread "Worker-2343: Initialize workspace"        [_thread_blocked, id=12332, stack(0x000000ffc4e00000,0x000000ffc4f00000) (1024K)]
  0x0000029908fa8f70 JavaThread "Connection worker"                 [_thread_blocked, id=24628, stack(0x000000ffc5700000,0x000000ffc5800000) (1024K)]
  0x0000029908fa6180 JavaThread "Worker-2351: Initialize workspace"        [_thread_blocked, id=23208, stack(0x000000ff92c00000,0x000000ff92d00000) (1024K)]
  0x0000029908fa3390 JavaThread "pool-330-thread-1"                 [_thread_blocked, id=7728, stack(0x000000ffc5500000,0x000000ffc5600000) (1024K)]
  0x0000029908fa8250 JavaThread "Connection worker"                 [_thread_blocked, id=27084, stack(0x000000ffc5a00000,0x000000ffc5b00000) (1024K)]
  0x0000029908fa9c90 JavaThread "Connection worker"                 [_thread_blocked, id=32580, stack(0x000000ffc5c00000,0x000000ffc5d00000) (1024K)]
  0x0000029908faa320 JavaThread "Worker-2360: Initialize workspace"        [_thread_blocked, id=26104, stack(0x000000ffc5d00000,0x000000ffc5e00000) (1024K)]
  0x0000029908fa6ea0 JavaThread "pool-331-thread-1"                 [_thread_blocked, id=18528, stack(0x000000ffc5e00000,0x000000ffc5f00000) (1024K)]
  0x0000029908faa9b0 JavaThread "pool-332-thread-1"                 [_thread_blocked, id=37008, stack(0x000000ffc5b00000,0x000000ffc5c00000) (1024K)]
  0x0000029908fac3f0 JavaThread "Worker-2370: Initialize workspace"        [_thread_blocked, id=18472, stack(0x000000ffc6500000,0x000000ffc6600000) (1024K)]
  0x00000299084b6260 JavaThread "Worker-2379: Initialize workspace"        [_thread_blocked, id=29864, stack(0x000000ffc6b00000,0x000000ffc6c00000) (1024K)]
  0x00000298f1e6bf00 JavaThread "Connection worker"                 [_thread_blocked, id=31976, stack(0x000000ffc6d00000,0x000000ffc6e00000) (1024K)]
  0x00000298f1e69110 JavaThread "Connection worker"                 [_thread_blocked, id=31992, stack(0x000000ffc6e00000,0x000000ffc6f00000) (1024K)]
  0x00000298f80bb390 JavaThread "Connection worker"                 [_thread_blocked, id=8656, stack(0x000000ff94200000,0x000000ff94300000) (1024K)]
  0x00000298f80b5120 JavaThread "Connection worker"                 [_thread_blocked, id=34700, stack(0x000000ff94500000,0x000000ff94600000) (1024K)]
  0x00000299084ba400 JavaThread "Worker-2389: Initialize workspace"        [_thread_blocked, id=38892, stack(0x000000ffc6c00000,0x000000ffc6d00000) (1024K)]
  0x00000298f77d30c0 JavaThread "pool-337-thread-1"                 [_thread_blocked, id=11560, stack(0x000000ffc7500000,0x000000ffc7600000) (1024K)]
  0x0000029908fae4c0 JavaThread "Connection worker"                 [_thread_blocked, id=30072, stack(0x000000ffbe500000,0x000000ffbe600000) (1024K)]
  0x00000298f6fa0be0 JavaThread "Worker-2395: Initialize workspace"        [_thread_blocked, id=30156, stack(0x000000ff96800000,0x000000ff96900000) (1024K)]
  0x00000298f70f4760 JavaThread "Worker-2397: Initialize workspace"        [_thread_blocked, id=16472, stack(0x000000ffc7800000,0x000000ffc7900000) (1024K)]
  0x00000298f037ee90 JavaThread "Worker-2407: Initialize workspace"        [_thread_blocked, id=34128, stack(0x000000ff85400000,0x000000ff85500000) (1024K)]
  0x00000298f67ae9e0 JavaThread "Worker-2413: Initialize workspace"        [_thread_blocked, id=2368, stack(0x000000ff83000000,0x000000ff83100000) (1024K)]
  0x00000298f6fa9c40 JavaThread "Worker-2421: Initialize workspace"        [_thread_blocked, id=30268, stack(0x000000ffc7e00000,0x000000ffc7f00000) (1024K)]
  0x0000029908d0c700 JavaThread "Connection worker"                 [_thread_blocked, id=28036, stack(0x000000ff8a700000,0x000000ff8a800000) (1024K)]
  0x0000029908d0b350 JavaThread "Worker-2430: Initialize workspace"        [_thread_blocked, id=20324, stack(0x000000ffc8800000,0x000000ffc8900000) (1024K)]
  0x0000029908d143b0 JavaThread "Worker-2445: Initialize workspace"        [_thread_blocked, id=34276, stack(0x000000ffc9000000,0x000000ffc9100000) (1024K)]
  0x0000029908d13d20 JavaThread "Connection worker"                 [_thread_blocked, id=28536, stack(0x000000ffc9100000,0x000000ffc9200000) (1024K)]
  0x0000029908d19270 JavaThread "pool-346-thread-1"                 [_thread_blocked, id=21940, stack(0x000000ffc9900000,0x000000ffc9a00000) (1024K)]
  0x0000029908d1d410 JavaThread "Connection worker"                 [_thread_blocked, id=35792, stack(0x000000ffb0c00000,0x000000ffb0d00000) (1024K)]
  0x0000029908d1b340 JavaThread "Worker-2460: Initialize workspace"        [_thread_blocked, id=15372, stack(0x000000ff86d00000,0x000000ff86e00000) (1024K)]
  0x0000029908d1ee50 JavaThread "Worker-2469: Initialize workspace"        [_thread_blocked, id=31316, stack(0x000000ff97900000,0x000000ff97a00000) (1024K)]
  0x0000029908d1fb70 JavaThread "Worker-2472: Initialize workspace"        [_thread_blocked, id=27140, stack(0x000000ff86b00000,0x000000ff86c00000) (1024K)]
  0x0000029908d1daa0 JavaThread "Connection worker"                 [_thread_blocked, id=37036, stack(0x000000ff89900000,0x000000ff89a00000) (1024K)]
  0x0000029908d1f4e0 JavaThread "Connection worker"                 [_thread_blocked, id=38140, stack(0x000000ff8a000000,0x000000ff8a100000) (1024K)]
  0x0000029908d1cd80 JavaThread "Connection worker"                 [_thread_blocked, id=23384, stack(0x000000ff8d900000,0x000000ff8da00000) (1024K)]
  0x0000029908d22960 JavaThread "Worker-2482: Initialize workspace"        [_thread_blocked, id=7404, stack(0x000000ff91c00000,0x000000ff91d00000) (1024K)]
  0x0000029908d20890 JavaThread "Worker-2490: Initialize workspace"        [_thread_blocked, id=29020, stack(0x000000ffaa300000,0x000000ffaa400000) (1024K)]
  0x0000029908d22ff0 JavaThread "Connection worker"                 [_thread_blocked, id=34288, stack(0x000000ffaad00000,0x000000ffaae00000) (1024K)]
  0x0000029908d25de0 JavaThread "pool-352-thread-1"                 [_thread_blocked, id=33528, stack(0x000000ffbde00000,0x000000ffbdf00000) (1024K)]
  0x0000029908d29f80 JavaThread "Connection worker"                 [_thread_blocked, id=31884, stack(0x000000ffc1700000,0x000000ffc1800000) (1024K)]
  0x0000029908d2aca0 JavaThread "Connection worker"                 [_thread_blocked, id=24136, stack(0x000000ffc3100000,0x000000ffc3200000) (1024K)]
  0x0000029908d29260 JavaThread "pool-353-thread-1"                 [_thread_blocked, id=27928, stack(0x000000ffa2c00000,0x000000ffa2d00000) (1024K)]
  0x0000029908d2a610 JavaThread "pool-354-thread-1"                 [_thread_blocked, id=7580, stack(0x000000ffc2e00000,0x000000ffc2f00000) (1024K)]
  0x0000029908d25750 JavaThread "Worker-2504: Initialize workspace"        [_thread_blocked, id=38108, stack(0x000000ff99400000,0x000000ff99500000) (1024K)]
  0x0000029908d28540 JavaThread "Connection worker"                 [_thread_blocked, id=37784, stack(0x000000ff82800000,0x000000ff82900000) (1024K)]
  0x0000029908d2ee40 JavaThread "Worker-2515: Initialize workspace"        [_thread_blocked, id=24296, stack(0x000000ff80e00000,0x000000ff80f00000) (1024K)]
  0x0000029908d30880 JavaThread "Worker-2522: Initialize workspace"        [_thread_blocked, id=23056, stack(0x000000ff9aa00000,0x000000ff9ab00000) (1024K)]
  0x0000029908cf1c70 JavaThread "Worker-2527: Initialize workspace"        [_thread_blocked, id=30092, stack(0x000000ff8e100000,0x000000ff8e200000) (1024K)]
  0x0000029908cf7ee0 JavaThread "Worker-2532: Initialize workspace"        [_thread_blocked, id=21292, stack(0x000000ff97100000,0x000000ff97200000) (1024K)]
  0x0000029908cf5e10 JavaThread "Connection worker"                 [_thread_blocked, id=30696, stack(0x000000ffc4100000,0x000000ffc4200000) (1024K)]
  0x0000029908cf9290 JavaThread "Worker-2541: Initialize workspace"        [_thread_blocked, id=18404, stack(0x000000ffbe400000,0x000000ffbe500000) (1024K)]
  0x0000029908cfacd0 JavaThread "Worker-2547: Initialize workspace"        [_thread_blocked, id=31984, stack(0x000000ffc4400000,0x000000ffc4500000) (1024K)]
  0x0000029908cfdac0 JavaThread "Worker-2554: Initialize workspace"        [_thread_blocked, id=30800, stack(0x000000ff93700000,0x000000ff93800000) (1024K)]
  0x0000029908cff500 JavaThread "Worker-2558: Initialize workspace"        [_thread_blocked, id=34048, stack(0x000000ffc5000000,0x000000ffc5100000) (1024K)]
  0x0000029908cfe7e0 JavaThread "Worker-2567: Initialize workspace"        [_thread_blocked, id=14428, stack(0x000000ff92700000,0x000000ff92800000) (1024K)]
  0x0000029908d043c0 JavaThread "Worker-2574: Initialize workspace"        [_thread_blocked, id=37960, stack(0x000000ff93d00000,0x000000ff93e00000) (1024K)]
  0x0000029908d04a50 JavaThread "Connection worker"                 [_thread_blocked, id=34428, stack(0x000000ff9a800000,0x000000ff9a900000) (1024K)]
  0x0000029908d03010 JavaThread "Worker-2582: Initialize workspace"        [_thread_blocked, id=25576, stack(0x000000ff93200000,0x000000ff93300000) (1024K)]
  0x0000029908d05770 JavaThread "Connection worker"                 [_thread_blocked, id=34024, stack(0x000000ff9c600000,0x000000ff9c700000) (1024K)]
  0x0000029908d08bf0 JavaThread "pool-366-thread-1"                 [_thread_blocked, id=18600, stack(0x000000ff9de00000,0x000000ff9df00000) (1024K)]
  0x0000029908d06490 JavaThread "Worker-2586: Initialize workspace"        [_thread_blocked, id=37616, stack(0x000000ffc7200000,0x000000ffc7300000) (1024K)]
  0x0000029908d071b0 JavaThread "Connection worker"                 [_thread_blocked, id=33816, stack(0x000000ffc7c00000,0x000000ffc7d00000) (1024K)]
  0x0000029908d06b20 JavaThread "pool-369-thread-1"                 [_thread_blocked, id=17780, stack(0x000000ffc8000000,0x000000ffc8100000) (1024K)]
  0x0000029908d11c50 JavaThread "Worker-2601: Initialize workspace"        [_thread_blocked, id=14716, stack(0x000000ffc7900000,0x000000ffc7a00000) (1024K)]
  0x0000029908d0e7d0 JavaThread "Worker-2609: Initialize workspace"        [_thread_blocked, id=34796, stack(0x000000ff97800000,0x000000ff97900000) (1024K)]
  0x0000029908f94de0 JavaThread "Worker-2613: Initialize workspace"        [_thread_blocked, id=17632, stack(0x000000ff93e00000,0x000000ff93f00000) (1024K)]
  0x0000029908f98f80 JavaThread "Worker-2619: Initialize workspace"        [_thread_blocked, id=37736, stack(0x000000ffc9c00000,0x000000ffc9d00000) (1024K)]
  0x0000029908f96820 JavaThread "Worker-2623: Initialize workspace"        [_thread_blocked, id=18820, stack(0x000000ff81900000,0x000000ff81a00000) (1024K)]
  0x0000029908f9bd70 JavaThread "Worker-2627: Initialize workspace"        [_thread_blocked, id=22860, stack(0x000000ffc9700000,0x000000ffc9800000) (1024K)]
  0x0000029908f9f1f0 JavaThread "Worker-2636: Initialize workspace"        [_thread_blocked, id=22648, stack(0x000000ff86f00000,0x000000ff87000000) (1024K)]
  0x0000029908fcb020 JavaThread "Worker-2645: Initialize workspace"        [_thread_blocked, id=32864, stack(0x000000ffa3700000,0x000000ffa3800000) (1024K)]
  0x00000298f80aba30 JavaThread "Worker-2657: Initialize workspace"        [_thread_blocked, id=17460, stack(0x000000ffacf00000,0x000000ffad000000) (1024K)]
  0x00000298f80a9ff0 JavaThread "Connection worker"                 [_thread_blocked, id=26644, stack(0x000000ff94f00000,0x000000ff95000000) (1024K)]
  0x00000298f80ac750 JavaThread "Worker-2662: Initialize workspace"        [_thread_blocked, id=35500, stack(0x000000ff95100000,0x000000ff95200000) (1024K)]
  0x00000298f80b5e40 JavaThread "Worker-2667: Initialize workspace"        [_thread_blocked, id=25936, stack(0x000000ffca300000,0x000000ffca400000) (1024K)]
  0x00000298f80b57b0 JavaThread "Worker-2673: Initialize workspace"        [_thread_blocked, id=17528, stack(0x000000ffca400000,0x000000ffca500000) (1024K)]
  0x00000298f67a80e0 JavaThread "Worker-2679: Initialize workspace"        [_thread_blocked, id=26304, stack(0x000000ffca900000,0x000000ffcaa00000) (1024K)]
  0x00000298f67a66a0 JavaThread "Worker-2687: Initialize workspace"        [_thread_blocked, id=17272, stack(0x000000ff9c400000,0x000000ff9c500000) (1024K)]
  0x00000298f67bdcb0 JavaThread "Connection worker"                 [_thread_blocked, id=19728, stack(0x000000ffcb500000,0x000000ffcb600000) (1024K)]
  0x00000298f67bb550 JavaThread "Worker-2690: Initialize workspace"        [_thread_blocked, id=32680, stack(0x000000ffcb300000,0x000000ffcb400000) (1024K)]
  0x00000298fd0db4a0 JavaThread "pool-384-thread-1"                 [_thread_blocked, id=12592, stack(0x000000ffcb200000,0x000000ffcb300000) (1024K)]
  0x00000298fd0cb4b0 JavaThread "Worker-2696: Initialize workspace"        [_thread_blocked, id=7464, stack(0x000000ffcbc00000,0x000000ffcbd00000) (1024K)]
  0x0000029908d0ee60 JavaThread "Worker-2709: Initialize workspace"        [_thread_blocked, id=27488, stack(0x000000ffcce00000,0x000000ffccf00000) (1024K)]
  0x0000029908d0f4f0 JavaThread "Worker-2713: Initialize workspace"        [_thread_blocked, id=21760, stack(0x000000ffcc900000,0x000000ffcca00000) (1024K)]
  0x0000029908d26b00 JavaThread "Worker-2716: Initialize workspace"        [_thread_blocked, id=23904, stack(0x000000ffcd400000,0x000000ffcd500000) (1024K)]
  0x00000298f1e75c80 JavaThread "Worker-2721: Initialize workspace"        [_thread_blocked, id=6256, stack(0x000000ffcdc00000,0x000000ffcdd00000) (1024K)]
  0x00000298f4b66df0 JavaThread "Worker-2729: Initialize workspace"        [_thread_blocked, id=18492, stack(0x000000ffce600000,0x000000ffce700000) (1024K)]
  0x00000298fdda3800 JavaThread "Worker-2733: Initialize workspace"        [_thread_blocked, id=28892, stack(0x000000ffce900000,0x000000ffcea00000) (1024K)]
  0x00000298f70f4df0 JavaThread "Worker-2743: Initialize workspace"        [_thread_blocked, id=29060, stack(0x000000ffcfd00000,0x000000ffcfe00000) (1024K)]
  0x00000298f70f8900 JavaThread "Worker-2748: Initialize workspace"        [_thread_blocked, id=33092, stack(0x000000ffd0300000,0x000000ffd0400000) (1024K)]
  0x00000298f70f8f90 JavaThread "Connection worker"                 [_thread_blocked, id=37408, stack(0x000000ffd0400000,0x000000ffd0500000) (1024K)]
  0x00000298f487e760 JavaThread "Worker-2752: Initialize workspace"        [_thread_blocked, id=29288, stack(0x000000ffa5d00000,0x000000ffa5e00000) (1024K)]
  0x00000298f4889890 JavaThread "Connection worker"                 [_thread_blocked, id=21056, stack(0x000000ffd0900000,0x000000ffd0a00000) (1024K)]
  0x00000298f08d85c0 JavaThread "Connection worker"                 [_thread_blocked, id=37568, stack(0x000000ffd1500000,0x000000ffd1600000) (1024K)]
  0x00000298f811a320 JavaThread "Connection worker"                 [_thread_blocked, id=14504, stack(0x000000ffa3a00000,0x000000ffa3b00000) (1024K)]
  0x00000298f8117530 JavaThread "Worker-2760: Initialize workspace"        [_thread_blocked, id=31932, stack(0x000000ffd1700000,0x000000ffd1800000) (1024K)]
  0x00000298f80fff20 JavaThread "Worker-2762: Initialize workspace"        [_thread_blocked, id=32284, stack(0x000000ffd1a00000,0x000000ffd1b00000) (1024K)]
  0x00000298f8108260 JavaThread "Connection worker"                 [_thread_blocked, id=36636, stack(0x000000ffd1b00000,0x000000ffd1c00000) (1024K)]
  0x00000298f8110c30 JavaThread "Connection worker"                 [_thread_blocked, id=20580, stack(0x000000ffd1d00000,0x000000ffd1e00000) (1024K)]
  0x00000298f810ff10 JavaThread "Connection worker"                 [_thread_blocked, id=6500, stack(0x000000ffd1e00000,0x000000ffd1f00000) (1024K)]
  0x00000298f810e4d0 JavaThread "Worker-2765: Initialize workspace"        [_thread_blocked, id=8316, stack(0x000000ffd1f00000,0x000000ffd2000000) (1024K)]
  0x00000298f8116ea0 JavaThread "pool-395-thread-1"                 [_thread_blocked, id=9352, stack(0x000000ffd2300000,0x000000ffd2400000) (1024K)]
  0x00000298fd0d86b0 JavaThread "pool-397-thread-1"                 [_thread_blocked, id=35404, stack(0x000000ffd2500000,0x000000ffd2600000) (1024K)]
  0x00000298f4b704e0 JavaThread "Connection worker"                 [_thread_blocked, id=21572, stack(0x000000ffd2600000,0x000000ffd2700000) (1024K)]
  0x00000298f80afbd0 JavaThread "pool-398-thread-1"                 [_thread_blocked, id=31252, stack(0x000000ffd2900000,0x000000ffd2a00000) (1024K)]
  0x00000298f80b1ca0 JavaThread "pool-399-thread-1"                 [_thread_blocked, id=18384, stack(0x000000ffd2700000,0x000000ffd2800000) (1024K)]
  0x00000298f2395400 JavaThread "Worker-2771: Initialize workspace"        [_thread_blocked, id=36044, stack(0x000000ffd2800000,0x000000ffd2900000) (1024K)]
  0x0000029907a150c0 JavaThread "Worker-2775: Initialize workspace"        [_thread_blocked, id=16484, stack(0x000000ffd2c00000,0x000000ffd2d00000) (1024K)]
  0x00000298f67a6010 JavaThread "Worker-2780: Initialize workspace"        [_thread_blocked, id=25036, stack(0x000000ff87d00000,0x000000ff87e00000) (1024K)]
  0x00000298f4885060 JavaThread "Connection worker"                 [_thread_blocked, id=30732, stack(0x000000ffd2e00000,0x000000ffd2f00000) (1024K)]
  0x00000298f23939c0 JavaThread "Worker-2787: Initialize workspace"        [_thread_blocked, id=19700, stack(0x000000ffa9a00000,0x000000ffa9b00000) (1024K)]
  0x00000298f77d8ca0 JavaThread "pool-400-thread-1"                 [_thread_blocked, id=38536, stack(0x000000ffd2f00000,0x000000ffd3000000) (1024K)]
  0x00000298fdd8a7b0 JavaThread "Connection worker"                 [_thread_blocked, id=33884, stack(0x000000ffd3200000,0x000000ffd3300000) (1024K)]
  0x00000298ebcf6120 JavaThread "Worker-2794: Initialize workspace"        [_thread_blocked, id=33504, stack(0x000000ffa9700000,0x000000ffa9800000) (1024K)]
  0x00000298f70f3a40 JavaThread "Connection worker"                 [_thread_blocked, id=21580, stack(0x000000ffd3400000,0x000000ffd3500000) (1024K)]
  0x00000298f1e76310 JavaThread "Worker-2802: Initialize workspace"        [_thread_blocked, id=6488, stack(0x000000ffd3600000,0x000000ffd3700000) (1024K)]
  0x00000298f4b73ff0 JavaThread "pool-402-thread-1"                 [_thread_blocked, id=25504, stack(0x000000ffd3700000,0x000000ffd3800000) (1024K)]
  0x00000299079f8bf0 JavaThread "Connection worker"                 [_thread_blocked, id=34596, stack(0x000000ffca500000,0x000000ffca600000) (1024K)]
  0x0000029907a0fb70 JavaThread "pool-405-thread-1"                 [_thread_blocked, id=19712, stack(0x000000ff9f900000,0x000000ff9fa00000) (1024K)]
  0x0000029907a10200 JavaThread "Worker-2809: Initialize workspace"        [_thread_blocked, id=13840, stack(0x000000ffca200000,0x000000ffca300000) (1024K)]
  0x00000298fd0dcee0 JavaThread "Worker-2815: Initialize workspace"        [_thread_blocked, id=23852, stack(0x000000ff9f100000,0x000000ff9f200000) (1024K)]
  0x00000298f2392ca0 JavaThread "Worker-2820: Initialize workspace"        [_thread_blocked, id=34904, stack(0x000000ffcc600000,0x000000ffcc700000) (1024K)]
  0x00000299079f3d30 JavaThread "Connection worker"                 [_thread_blocked, id=7896, stack(0x000000ff91500000,0x000000ff91600000) (1024K)]
  0x00000299084df930 JavaThread "Worker-2823: Initialize workspace"        [_thread_blocked, id=30560, stack(0x000000ff90500000,0x000000ff90600000) (1024K)]
  0x00000298fd0d5f50 JavaThread "Connection worker"                 [_thread_blocked, id=32292, stack(0x000000ff8c000000,0x000000ff8c100000) (1024K)]
  0x00000298fd0ccef0 JavaThread "Worker-2828: Initialize workspace"        [_thread_blocked, id=28004, stack(0x000000ffb9e00000,0x000000ffb9f00000) (1024K)]
  0x00000298fd0d65e0 JavaThread "Worker-2832: Initialize workspace"        [_thread_blocked, id=17848, stack(0x000000ff90200000,0x000000ff90300000) (1024K)]
  0x00000298f67c45b0 JavaThread "Connection worker"                 [_thread_blocked, id=24476, stack(0x000000ffba200000,0x000000ffba300000) (1024K)]
  0x00000299084e0650 JavaThread "Connection worker"                 [_thread_blocked, id=28896, stack(0x000000ffcbf00000,0x000000ffcc000000) (1024K)]
  0x00000299079f0220 JavaThread "Worker-2841: Initialize workspace"        [_thread_blocked, id=32616, stack(0x000000ffcba00000,0x000000ffcbb00000) (1024K)]
  0x00000298f67adcc0 JavaThread "pool-407-thread-1"                 [_thread_blocked, id=38080, stack(0x000000ff9a000000,0x000000ff9a100000) (1024K)]
  0x00000299084b20c0 JavaThread "Connection worker"                 [_thread_blocked, id=32536, stack(0x000000ff8e600000,0x000000ff8e700000) (1024K)]
  0x00000298ebcfa2c0 JavaThread "pool-408-thread-1"                 [_thread_blocked, id=36312, stack(0x000000ffd3b00000,0x000000ffd3c00000) (1024K)]
  0x0000029907a1da90 JavaThread "Worker-2847: Initialize workspace"        [_thread_blocked, id=34124, stack(0x000000ffcc400000,0x000000ffcc500000) (1024K)]
  0x000002990b1e90e0 JavaThread "Connection worker"                 [_thread_blocked, id=35596, stack(0x000000ffce700000,0x000000ffce800000) (1024K)]
  0x000002990b1e9e00 JavaThread "Worker-2856: Initialize workspace"        [_thread_blocked, id=25144, stack(0x000000ff82b00000,0x000000ff82c00000) (1024K)]
  0x000002990b1e83c0 JavaThread "pool-410-thread-1"                 [_thread_blocked, id=36960, stack(0x000000ffcf700000,0x000000ffcf800000) (1024K)]
  0x000002990b1ee630 JavaThread "Connection worker"                 [_thread_blocked, id=36072, stack(0x000000ffd0c00000,0x000000ffd0d00000) (1024K)]
  0x000002990b1ebed0 JavaThread "pool-414-thread-1"                 [_thread_blocked, id=22224, stack(0x000000ffd1000000,0x000000ffd1100000) (1024K)]
  0x000002990b1edfa0 JavaThread "Worker-2865: Initialize workspace"        [_thread_blocked, id=25404, stack(0x000000ffcfe00000,0x000000ffcff00000) (1024K)]
  0x000002990b1ec560 JavaThread "Worker-2871: Initialize workspace"        [_thread_blocked, id=37132, stack(0x000000ffcff00000,0x000000ffd0000000) (1024K)]
  0x000002990b1f0700 JavaThread "Worker-2877: Initialize workspace"        [_thread_blocked, id=9820, stack(0x000000ffa6600000,0x000000ffa6700000) (1024K)]
  0x000002990b1ed280 JavaThread "Worker-2883: Initialize workspace"        [_thread_blocked, id=36172, stack(0x000000ffcf500000,0x000000ffcf600000) (1024K)]
  0x000002990b1f0d90 JavaThread "Worker-2889: Initialize workspace"        [_thread_blocked, id=37908, stack(0x000000ffcf800000,0x000000ffcf900000) (1024K)]
  0x000002990b1b3bc0 JavaThread "Connection worker"                 [_thread_blocked, id=34132, stack(0x000000ffd4500000,0x000000ffd4600000) (1024K)]
  0x000002990b1b4f70 JavaThread "pool-417-thread-1"                 [_thread_blocked, id=36340, stack(0x000000ffd4600000,0x000000ffd4700000) (1024K)]
  0x000002990b1b48e0 JavaThread "Connection worker"                 [_thread_blocked, id=20672, stack(0x000000ffd4900000,0x000000ffd4a00000) (1024K)]
  0x000002990b1b3530 JavaThread "Worker-2897: Initialize workspace"        [_thread_blocked, id=35820, stack(0x000000ffd4700000,0x000000ffd4800000) (1024K)]
  0x000002990b1f1ab0 JavaThread "pool-418-thread-1"                 [_thread_blocked, id=27148, stack(0x000000ffcdb00000,0x000000ffcdc00000) (1024K)]
  0x000002990b1b4250 JavaThread "Worker-2901: Initialize workspace"        [_thread_blocked, id=26868, stack(0x000000ffd1100000,0x000000ffd1200000) (1024K)]
  0x000002990b1b5600 JavaThread "Connection worker"                 [_thread_blocked, id=31844, stack(0x000000ffd0100000,0x000000ffd0200000) (1024K)]
  0x000002990b1b2ea0 JavaThread "pool-420-thread-1"                 [_thread_blocked, id=35512, stack(0x000000ffce200000,0x000000ffce300000) (1024K)]
  0x000002990b1b2810 JavaThread "Worker-2907: Initialize workspace"        [_thread_blocked, id=19460, stack(0x000000ffc6600000,0x000000ffc6700000) (1024K)]
  0x000002990b1b97a0 JavaThread "Worker-2911: Initialize workspace"        [_thread_blocked, id=26760, stack(0x000000ffcde00000,0x000000ffcdf00000) (1024K)]
  0x000002990b1b9e30 JavaThread "Connection worker"                 [_thread_blocked, id=28212, stack(0x000000ff94900000,0x000000ff94a00000) (1024K)]
  0x000002990b1b83f0 JavaThread "Connection worker"                 [_thread_blocked, id=24592, stack(0x000000ffaee00000,0x000000ffaef00000) (1024K)]
  0x000002990b1b9110 JavaThread "Worker-2917: Initialize workspace"        [_thread_blocked, id=31612, stack(0x000000ff90100000,0x000000ff90200000) (1024K)]
  0x000002990b1bc590 JavaThread "Worker-2924: Initialize workspace"        [_thread_blocked, id=26584, stack(0x000000ffaaf00000,0x000000ffab000000) (1024K)]
  0x000002990b1be660 JavaThread "Connection worker"                 [_thread_blocked, id=36368, stack(0x000000ffc2c00000,0x000000ffc2d00000) (1024K)]
  0x000002990b1bf380 JavaThread "Worker-2931: Initialize workspace"        [_thread_blocked, id=11072, stack(0x000000ff82700000,0x000000ff82800000) (1024K)]
  0x000002990b1c0dc0 JavaThread "Connection worker"                 [_thread_blocked, id=35860, stack(0x000000ffaa400000,0x000000ffaa500000) (1024K)]
  0x000002990b1c1ae0 JavaThread "Worker-2938: Initialize workspace"        [_thread_blocked, id=38028, stack(0x000000ffac300000,0x000000ffac400000) (1024K)]
  0x000002990b1c4f60 JavaThread "Worker-2943: Initialize workspace"        [_thread_blocked, id=37644, stack(0x000000ffc1500000,0x000000ffc1600000) (1024K)]
  0x000002990b1becf0 JavaThread "pool-426-thread-1"                 [_thread_blocked, id=23972, stack(0x000000ffadd00000,0x000000ffade00000) (1024K)]
  0x000002990b1c2800 JavaThread "Worker-2948: Initialize workspace"        [_thread_blocked, id=35560, stack(0x000000ffb4900000,0x000000ffb4a00000) (1024K)]
  0x000002990b1c4240 JavaThread "Connection worker"                 [_thread_blocked, id=27508, stack(0x000000ffc1900000,0x000000ffc1a00000) (1024K)]
  0x000002990b1c2e90 JavaThread "pool-428-thread-1"                 [_thread_blocked, id=18088, stack(0x000000ffc1b00000,0x000000ffc1c00000) (1024K)]
  0x000002990b1c6310 JavaThread "Worker-2955: Initialize workspace"        [_thread_blocked, id=14016, stack(0x000000ffcac00000,0x000000ffcad00000) (1024K)]
  0x000002990b1c55f0 JavaThread "Connection worker"                 [_thread_blocked, id=24636, stack(0x000000ffcb100000,0x000000ffcb200000) (1024K)]
  0x000002990b1c9100 JavaThread "Worker-2962: Initialize workspace"        [_thread_blocked, id=35696, stack(0x000000ff97300000,0x000000ff97400000) (1024K)]
  0x000002990b1c9790 JavaThread "pool-430-thread-1"                 [_thread_blocked, id=29552, stack(0x000000ff8ca00000,0x000000ff8cb00000) (1024K)]
  0x000002990b1c9e20 JavaThread "Worker-2968: Initialize workspace"        [_thread_blocked, id=34664, stack(0x000000ff8cf00000,0x000000ff8d000000) (1024K)]
  0x000002990b1c7d50 JavaThread "Worker-2979: Initialize workspace"        [_thread_blocked, id=24744, stack(0x000000ffa2500000,0x000000ffa2600000) (1024K)]
  0x000002990b1cb860 JavaThread "Connection worker"                 [_thread_blocked, id=37816, stack(0x000000ffa2400000,0x000000ffa2500000) (1024K)]
  0x000002990b1cd930 JavaThread "pool-431-thread-1"                 [_thread_blocked, id=34872, stack(0x000000ffceb00000,0x000000ffcec00000) (1024K)]
  0x000002990b1cf370 JavaThread "Worker-2985: Initialize workspace"        [_thread_blocked, id=20400, stack(0x000000ffcea00000,0x000000ffceb00000) (1024K)]
  0x000002990b1cc580 JavaThread "Worker-2988: Initialize workspace"        [_thread_blocked, id=24108, stack(0x000000ffd1300000,0x000000ffd1400000) (1024K)]
  0x000002990b1d0090 JavaThread "Connection worker"                 [_thread_blocked, id=33108, stack(0x000000ffd3000000,0x000000ffd3100000) (1024K)]
  0x000002990b1ce650 JavaThread "Connection worker"                 [_thread_blocked, id=26724, stack(0x000000ffd2d00000,0x000000ffd2e00000) (1024K)]
  0x000002990b1d1440 JavaThread "pool-433-thread-1"                 [_thread_blocked, id=32908, stack(0x000000ff9ac00000,0x000000ff9ad00000) (1024K)]
  0x000002990b1d27f0 JavaThread "pool-434-thread-1"                 [_thread_blocked, id=19396, stack(0x000000ff88800000,0x000000ff88900000) (1024K)]
  0x000002990b1d2e80 JavaThread "Connection worker"                 [_thread_blocked, id=19392, stack(0x000000ff91200000,0x000000ff91300000) (1024K)]
  0x000002990b1cfa00 JavaThread "Worker-3000: Initialize workspace"        [_thread_blocked, id=14420, stack(0x000000ff81b00000,0x000000ff81c00000) (1024K)]
  0x000002990b1d2160 JavaThread "Worker-3006: Initialize workspace"        [_thread_blocked, id=36456, stack(0x000000ff90900000,0x000000ff90a00000) (1024K)]
  0x000002990b1d48c0 JavaThread "Connection worker"                 [_thread_blocked, id=17576, stack(0x000000ffcda00000,0x000000ffcdb00000) (1024K)]
  0x000002990b1d1ad0 JavaThread "pool-435-thread-1"                 [_thread_blocked, id=32728, stack(0x000000ffd4b00000,0x000000ffd4c00000) (1024K)]
  0x000002990b1d55e0 JavaThread "Worker-3014: Initialize workspace"        [_thread_blocked, id=27376, stack(0x000000ffd4c00000,0x000000ffd4d00000) (1024K)]
  0x000002990b1d7020 JavaThread "Worker-3022: Initialize workspace"        [_thread_blocked, id=30416, stack(0x000000ff9d900000,0x000000ff9da00000) (1024K)]
  0x000002990b1d6990 JavaThread "Connection worker"                 [_thread_blocked, id=33044, stack(0x000000ff8cb00000,0x000000ff8cc00000) (1024K)]
  0x000002990b1d9e10 JavaThread "Worker-3029: Initialize workspace"        [_thread_blocked, id=28920, stack(0x000000ffd5000000,0x000000ffd5100000) (1024K)]
  0x000002990b1d90f0 JavaThread "pool-437-thread-1"                 [_thread_blocked, id=28400, stack(0x000000ffd5100000,0x000000ffd5200000) (1024K)]
  0x000002990b1d76b0 JavaThread "Connection worker"                 [_thread_blocked, id=32704, stack(0x000000ffd5200000,0x000000ffd5300000) (1024K)]
  0x000002990b1dab30 JavaThread "pool-438-thread-1"                 [_thread_blocked, id=29080, stack(0x000000ffcaf00000,0x000000ffcb000000) (1024K)]
  0x000002990b1da4a0 JavaThread "Worker-3035: Initialize workspace"        [_thread_blocked, id=36272, stack(0x000000ffbe200000,0x000000ffbe300000) (1024K)]
  0x000002990b1ddfb0 JavaThread "Worker-3042: Initialize workspace"        [_thread_blocked, id=23676, stack(0x000000ffd5500000,0x000000ffd5600000) (1024K)]
  0x000002990b1df9f0 JavaThread "Connection worker"                 [_thread_blocked, id=26032, stack(0x000000ffd5900000,0x000000ffd5a00000) (1024K)]
  0x000002990b1e0080 JavaThread "Worker-3050: Initialize workspace"        [_thread_blocked, id=18892, stack(0x000000ffd5b00000,0x000000ffd5c00000) (1024K)]
  0x000002990b1dbee0 JavaThread "pool-440-thread-1"                 [_thread_blocked, id=28052, stack(0x000000ffd5f00000,0x000000ffd6000000) (1024K)]
  0x000002990b1e0710 JavaThread "Worker-3055: Initialize workspace"        [_thread_blocked, id=34208, stack(0x000000ffd5800000,0x000000ffd5900000) (1024K)]
  0x000002990b1c76c0 JavaThread "Connection worker"                 [_thread_blocked, id=15736, stack(0x000000ffcd700000,0x000000ffcd800000) (1024K)]
  0x000002990b1cdfc0 JavaThread "pool-441-thread-1"                 [_thread_blocked, id=37188, stack(0x000000ffcf000000,0x000000ffcf100000) (1024K)]
  0x000002990b1cece0 JavaThread "Worker-3060: Initialize workspace"        [_thread_blocked, id=23624, stack(0x000000ffd0800000,0x000000ffd0900000) (1024K)]
  0x000002990b1cd2a0 JavaThread "Worker-3064: Initialize workspace"        [_thread_blocked, id=27912, stack(0x000000ffd2200000,0x000000ffd2300000) (1024K)]
  0x000002990b1de640 JavaThread "Connection worker"                 [_thread_blocked, id=23416, stack(0x000000ffd6200000,0x000000ffd6300000) (1024K)]
  0x000002990b1e27e0 JavaThread "Connection worker"                 [_thread_blocked, id=38048, stack(0x000000ffd6400000,0x000000ffd6500000) (1024K)]
  0x000002990b1e4220 JavaThread "pool-442-thread-1"                 [_thread_blocked, id=32224, stack(0x000000ffd6500000,0x000000ffd6600000) (1024K)]
  0x000002990b1e2e70 JavaThread "Connection worker"                 [_thread_blocked, id=36776, stack(0x000000ff8f700000,0x000000ff8f800000) (1024K)]
  0x000002990b1e4f40 JavaThread "pool-443-thread-1"                 [_thread_blocked, id=34976, stack(0x000000ff8fa00000,0x000000ff8fb00000) (1024K)]
  0x000002990b1e1ac0 JavaThread "Worker-3074: Initialize workspace"        [_thread_blocked, id=26520, stack(0x000000ffd6100000,0x000000ffd6200000) (1024K)]
  0x000002990b1e48b0 JavaThread "Connection worker"                 [_thread_blocked, id=30556, stack(0x000000ffd0700000,0x000000ffd0800000) (1024K)]
  0x000002990b1e55d0 JavaThread "pool-444-thread-1"                 [_thread_blocked, id=23436, stack(0x000000ffd6700000,0x000000ffd6800000) (1024K)]
  0x000002990b1e3b90 JavaThread "Worker-3082: Initialize workspace"        [_thread_blocked, id=27216, stack(0x000000ffd6600000,0x000000ffd6700000) (1024K)]
  0x000002990b1cb1d0 JavaThread "Worker-3089: Initialize workspace"        [_thread_blocked, id=2080, stack(0x000000ffd6c00000,0x000000ffd6d00000) (1024K)]
  0x00000298fdd81750 JavaThread "Worker-3098: Initialize workspace"        [_thread_blocked, id=32020, stack(0x000000ffd7000000,0x000000ffd7100000) (1024K)]
  0x00000298fdda4520 JavaThread "Connection worker"                 [_thread_blocked, id=11248, stack(0x000000ffc4700000,0x000000ffc4800000) (1024K)]
  0x00000298fdda0a10 JavaThread "Worker-3107: Initialize workspace"        [_thread_blocked, id=11180, stack(0x000000ff91000000,0x000000ff91100000) (1024K)]
  0x00000298f67af700 JavaThread "Worker-3114: Initialize workspace"        [_thread_blocked, id=852, stack(0x000000ffd7600000,0x000000ffd7700000) (1024K)]
  0x00000298f67af070 JavaThread "Worker-3120: Initialize workspace"        [_thread_blocked, id=34144, stack(0x000000ffd7100000,0x000000ffd7200000) (1024K)]
  0x00000298f67b5970 JavaThread "Worker-3124: Initialize workspace"        [_thread_blocked, id=27524, stack(0x000000ffd7500000,0x000000ffd7600000) (1024K)]
  0x00000298f67be340 JavaThread "Connection worker"                 [_thread_blocked, id=23000, stack(0x000000ffd7d00000,0x000000ffd7e00000) (1024K)]
  0x00000298f6faeb00 JavaThread "Worker-3137: Initialize workspace"        [_thread_blocked, id=36816, stack(0x000000ffd7e00000,0x000000ffd7f00000) (1024K)]
  0x00000298f6f9bd20 JavaThread "pool-452-thread-1"                 [_thread_blocked, id=12336, stack(0x000000ffd8300000,0x000000ffd8400000) (1024K)]
  0x00000298f6f9c3b0 JavaThread "Worker-3145: Initialize workspace"        [_thread_blocked, id=21180, stack(0x000000ffd8400000,0x000000ffd8500000) (1024K)]
  0x00000298f6fa6e50 JavaThread "Worker-3149: Initialize workspace"        [_thread_blocked, id=19696, stack(0x000000ffd8600000,0x000000ffd8700000) (1024K)]
  0x00000298f6fa95b0 JavaThread "Connection worker"                 [_thread_blocked, id=34732, stack(0x000000ffd8500000,0x000000ffd8600000) (1024K)]
  0x00000298f1e6ecf0 JavaThread "pool-453-thread-1"                 [_thread_blocked, id=29096, stack(0x000000ffd8800000,0x000000ffd8900000) (1024K)]
  0x00000298f1e700a0 JavaThread "Connection worker"                 [_thread_blocked, id=23048, stack(0x000000ff9d600000,0x000000ff9d700000) (1024K)]
  0x00000298f80fde50 JavaThread "Worker-3159: Initialize workspace"        [_thread_blocked, id=22884, stack(0x000000ffd8b00000,0x000000ffd8c00000) (1024K)]
  0x00000298f80ff890 JavaThread "Connection worker"                 [_thread_blocked, id=6184, stack(0x000000ff81200000,0x000000ff81300000) (1024K)]
  0x00000299084ea3d0 JavaThread "Worker-3168: Initialize workspace"        [_thread_blocked, id=29416, stack(0x000000ffd8c00000,0x000000ffd8d00000) (1024K)]
  0x00000299084c1390 JavaThread "Worker-3171: Initialize workspace"        [_thread_blocked, id=35552, stack(0x000000ffd9100000,0x000000ffd9200000) (1024K)]
  0x0000029907a122d0 JavaThread "Worker-3176: Initialize workspace"        [_thread_blocked, id=30700, stack(0x000000ffd9400000,0x000000ffd9500000) (1024K)]
  0x00000298f699b410 JavaThread "Worker-3183: Initialize workspace"        [_thread_blocked, id=32496, stack(0x000000ffd9a00000,0x000000ffd9b00000) (1024K)]
  0x00000298f2f1e050 JavaThread "Worker-3190: Initialize workspace"        [_thread_blocked, id=31816, stack(0x000000ffda000000,0x000000ffda100000) (1024K)]
  0x00000298f6f96140 JavaThread "Worker-3196: Initialize workspace"        [_thread_blocked, id=17344, stack(0x000000ff9cc00000,0x000000ff9cd00000) (1024K)]
  0x00000298f70f2d20 JavaThread "Connection worker"                 [_thread_blocked, id=32620, stack(0x000000ffda700000,0x000000ffda800000) (1024K)]
  0x00000298f80a5e50 JavaThread "Connection worker"                 [_thread_blocked, id=26140, stack(0x000000ffc0f00000,0x000000ffc1000000) (1024K)]
  0x00000298fd0d2440 JavaThread "Worker-3201: Initialize workspace"        [_thread_blocked, id=29392, stack(0x000000ffdab00000,0x000000ffdac00000) (1024K)]
  0x00000298f0379fd0 JavaThread "Worker-3206: Initialize workspace"        [_thread_blocked, id=16304, stack(0x000000ffdae00000,0x000000ffdaf00000) (1024K)]
  0x00000298f6fad750 JavaThread "Connection worker"                 [_thread_blocked, id=11296, stack(0x000000ffdb000000,0x000000ffdb100000) (1024K)]
  0x00000298f6fa8f20 JavaThread "Connection worker"                 [_thread_blocked, id=21696, stack(0x000000ffdaf00000,0x000000ffdb000000) (1024K)]
  0x00000298fd0d8d40 JavaThread "Connection worker"                 [_thread_blocked, id=37828, stack(0x000000ffdb200000,0x000000ffdb300000) (1024K)]
  0x00000298fd0dd570 JavaThread "Connection worker"                 [_thread_blocked, id=20024, stack(0x000000ffdb300000,0x000000ffdb400000) (1024K)]
  0x00000298f810ca90 JavaThread "pool-462-thread-1"                 [_thread_blocked, id=20228, stack(0x000000ffdb400000,0x000000ffdb500000) (1024K)]
  0x00000298f487e0d0 JavaThread "pool-463-thread-1"                 [_thread_blocked, id=17172, stack(0x000000ffdb600000,0x000000ffdb700000) (1024K)]
  0x00000298f4881be0 JavaThread "Worker-3217: Initialize workspace"        [_thread_blocked, id=26976, stack(0x000000ff8b900000,0x000000ff8ba00000) (1024K)]
  0x00000298f4880830 JavaThread "pool-464-thread-1"                 [_thread_blocked, id=12064, stack(0x000000ff8cd00000,0x000000ff8ce00000) (1024K)]
  0x0000029908fc7510 JavaThread "Connection worker"                 [_thread_blocked, id=23380, stack(0x000000ffdb500000,0x000000ffdb600000) (1024K)]
  0x0000029908faf1e0 JavaThread "Worker-3224: Initialize workspace"        [_thread_blocked, id=18880, stack(0x000000ffad900000,0x000000ffada00000) (1024K)]
  0x0000029908fc8230 JavaThread "Connection worker"                 [_thread_blocked, id=25016, stack(0x000000ffdb800000,0x000000ffdb900000) (1024K)]
  0x0000029908f96eb0 JavaThread "Worker-3231: Initialize workspace"        [_thread_blocked, id=23360, stack(0x000000ffdbc00000,0x000000ffdbd00000) (1024K)]
  0x00000298f4b67b10 JavaThread "Worker-3237: Initialize workspace"        [_thread_blocked, id=30728, stack(0x000000ffdc400000,0x000000ffdc500000) (1024K)]
  0x00000298f8100c40 JavaThread "Connection worker"                 [_thread_blocked, id=19588, stack(0x000000ffdcb00000,0x000000ffdcc00000) (1024K)]
  0x00000298fdda65f0 JavaThread "pool-467-thread-1"                 [_thread_blocked, id=32280, stack(0x000000ffdce00000,0x000000ffdcf00000) (1024K)]
  0x00000298fdd958e0 JavaThread "Worker-3243: Initialize workspace"        [_thread_blocked, id=35832, stack(0x000000ffdcf00000,0x000000ffdd000000) (1024K)]
  0x00000298f037acf0 JavaThread "Connection worker"                 [_thread_blocked, id=9928, stack(0x000000ffdd000000,0x000000ffdd100000) (1024K)]
  0x00000298fd0d4510 JavaThread "Connection worker"                 [_thread_blocked, id=25020, stack(0x000000ffdcd00000,0x000000ffdce00000) (1024K)]
  0x00000298f2ce2730 JavaThread "Worker-3255: Initialize workspace"        [_thread_blocked, id=38428, stack(0x000000ffdd100000,0x000000ffdd200000) (1024K)]
  0x00000298f487f480 JavaThread "pool-468-thread-1"                 [_thread_blocked, id=31848, stack(0x000000ffdd400000,0x000000ffdd500000) (1024K)]
  0x00000298f1e72e90 JavaThread "pool-469-thread-1"                 [_thread_blocked, id=10848, stack(0x000000ffdd700000,0x000000ffdd800000) (1024K)]
  0x00000298f810b6e0 JavaThread "Worker-3264: Initialize workspace"        [_thread_blocked, id=34656, stack(0x000000ffdd800000,0x000000ffdd900000) (1024K)]
  0x00000298f67b52e0 JavaThread "Worker-3270: Initialize workspace"        [_thread_blocked, id=26168, stack(0x000000ffddd00000,0x000000ffdde00000) (1024K)]
  0x00000299079f43c0 JavaThread "Worker-3273: Initialize workspace"        [_thread_blocked, id=25916, stack(0x000000ffa3e00000,0x000000ffa3f00000) (1024K)]
  0x000002990cf00140 JavaThread "Connection worker"                 [_thread_blocked, id=32352, stack(0x000000ffde900000,0x000000ffdea00000) (1024K)]
  0x000002990cf00e60 JavaThread "Worker-3280: Initialize workspace"        [_thread_blocked, id=32816, stack(0x000000ffdea00000,0x000000ffdeb00000) (1024K)]
  0x000002990cefe070 JavaThread "Connection worker"                 [_thread_blocked, id=21496, stack(0x000000ffded00000,0x000000ffdee00000) (1024K)]
  0x000002990cefe700 JavaThread "pool-472-thread-1"                 [_thread_blocked, id=31080, stack(0x000000ffdef00000,0x000000ffdf000000) (1024K)]
  0x000002990cf014f0 JavaThread "Connection worker"                 [_thread_blocked, id=14740, stack(0x000000ffdec00000,0x000000ffded00000) (1024K)]
  0x000002990cf028a0 JavaThread "Connection worker"                 [_thread_blocked, id=30640, stack(0x000000ffdf700000,0x000000ffdf800000) (1024K)]
  0x000002990cf07760 JavaThread "pool-473-thread-1"                 [_thread_blocked, id=16880, stack(0x000000ffdfa00000,0x000000ffdfb00000) (1024K)]
  0x000002990cf06a40 JavaThread "pool-474-thread-1"                 [_thread_blocked, id=36736, stack(0x000000ffdfc00000,0x000000ffdfd00000) (1024K)]
  0x000002990cf04970 JavaThread "Worker-3286: Initialize workspace"        [_thread_blocked, id=7752, stack(0x000000ffdff00000,0x000000ffe0000000) (1024K)]
  0x000002990cf09ec0 JavaThread "Connection worker"                 [_thread_blocked, id=29536, stack(0x000000ffdfd00000,0x000000ffdfe00000) (1024K)]
  0x000002990cf0ccb0 JavaThread "Worker-3293: Initialize workspace"        [_thread_blocked, id=36356, stack(0x000000ffe0700000,0x000000ffe0800000) (1024K)]
  0x000002990cf0d9d0 JavaThread "Connection worker"                 [_thread_blocked, id=37808, stack(0x000000ffe0500000,0x000000ffe0600000) (1024K)]
  0x000002990cf0e060 JavaThread "Connection worker"                 [_thread_blocked, id=16500, stack(0x000000ff95600000,0x000000ff95700000) (1024K)]
  0x000002990cf0a550 JavaThread "Worker-3298: Initialize workspace"        [_thread_blocked, id=24248, stack(0x000000ffa1d00000,0x000000ffa1e00000) (1024K)]
  0x000002990cf10e50 JavaThread "pool-476-thread-1"                 [_thread_blocked, id=38316, stack(0x000000ffa5100000,0x000000ffa5200000) (1024K)]
  0x000002990cf0faa0 JavaThread "Worker-3301: Initialize workspace"        [_thread_blocked, id=38604, stack(0x000000ffc8c00000,0x000000ffc8d00000) (1024K)]
  0x000002990cf12200 JavaThread "Worker-3305: Initialize workspace"        [_thread_blocked, id=32992, stack(0x000000ff96c00000,0x000000ff96d00000) (1024K)]
  0x000002990cf17de0 JavaThread "Connection worker"                 [_thread_blocked, id=33512, stack(0x000000ffe1100000,0x000000ffe1200000) (1024K)]
  0x000002990cf15680 JavaThread "Connection worker"                 [_thread_blocked, id=22616, stack(0x000000ffc6f00000,0x000000ffc7000000) (1024K)]
  0x000002990cf170c0 JavaThread "pool-477-thread-1"                 [_thread_blocked, id=28060, stack(0x000000ffe1400000,0x000000ffe1500000) (1024K)]
  0x000002990cf11b70 JavaThread "Worker-3312: Initialize workspace"        [_thread_blocked, id=2652, stack(0x000000ff88b00000,0x000000ff88c00000) (1024K)]
  0x000002990cf13c40 JavaThread "Worker-3315: Initialize workspace"        [_thread_blocked, id=3916, stack(0x000000ffd5600000,0x000000ffd5700000) (1024K)]
  0x000002990cf1a540 JavaThread "Connection worker"                 [_thread_blocked, id=6696, stack(0x000000ffe1b00000,0x000000ffe1c00000) (1024K)]
  0x00000299079f1c60 JavaThread "Worker-3319: Initialize workspace"        [_thread_blocked, id=24452, stack(0x000000ffe1800000,0x000000ffe1900000) (1024K)]
  0x0000029907a0cd80 JavaThread "pool-479-thread-1"                 [_thread_blocked, id=33460, stack(0x000000ff93800000,0x000000ff93900000) (1024K)]
  0x0000029908d18be0 JavaThread "Connection worker"                 [_thread_blocked, id=36080, stack(0x000000ffc7a00000,0x000000ffc7b00000) (1024K)]
  0x0000029908d18550 JavaThread "Connection worker"                 [_thread_blocked, id=22812, stack(0x000000ffc9800000,0x000000ffc9900000) (1024K)]
  0x000002990cf19190 JavaThread "pool-480-thread-1"                 [_thread_blocked, id=3352, stack(0x000000ffe2000000,0x000000ffe2100000) (1024K)]
  0x0000029908fa3a20 JavaThread "Worker-3329: Initialize workspace"        [_thread_blocked, id=31572, stack(0x000000ff9eb00000,0x000000ff9ec00000) (1024K)]
  0x000002990b1df360 JavaThread "Connection worker"                 [_thread_blocked, id=36436, stack(0x000000ffe2700000,0x000000ffe2800000) (1024K)]
  0x00000298f4885d80 JavaThread "Connection worker"                 [_thread_blocked, id=29328, stack(0x000000ffe2400000,0x000000ffe2500000) (1024K)]
  0x00000298f1e70730 JavaThread "Connection worker"                 [_thread_blocked, id=32524, stack(0x000000ffe2800000,0x000000ffe2900000) (1024K)]
  0x00000298f1e72800 JavaThread "pool-482-thread-1"                 [_thread_blocked, id=28484, stack(0x000000ff94b00000,0x000000ff94c00000) (1024K)]
  0x00000298f1e74240 JavaThread "pool-483-thread-1"                 [_thread_blocked, id=2552, stack(0x000000ffe2900000,0x000000ffe2a00000) (1024K)]
  0x000002990b1decd0 JavaThread "Worker-3335: Initialize workspace"        [_thread_blocked, id=35672, stack(0x000000ffd5300000,0x000000ffd5400000) (1024K)]
  0x00000298f38af380 JavaThread "Connection worker"                 [_thread_blocked, id=32156, stack(0x000000ff8a600000,0x000000ff8a700000) (1024K)]
  0x00000298fd0cc1d0 JavaThread "pool-484-thread-1"                 [_thread_blocked, id=26408, stack(0x000000ffe2c00000,0x000000ffe2d00000) (1024K)]
  0x00000298fd0cdc10 JavaThread "Connection worker"                 [_thread_blocked, id=38364, stack(0x000000ffe2d00000,0x000000ffe2e00000) (1024K)]
  0x00000298f4b6c9d0 JavaThread "Worker-3342: Initialize workspace"        [_thread_blocked, id=34824, stack(0x000000ff8a500000,0x000000ff8a600000) (1024K)]
  0x00000298f037ba10 JavaThread "Worker-3347: Initialize workspace"        [_thread_blocked, id=10324, stack(0x000000ffe2e00000,0x000000ffe2f00000) (1024K)]
  0x0000029907a26460 JavaThread "Worker-3355: Initialize workspace"        [_thread_blocked, id=21152, stack(0x000000ffe3200000,0x000000ffe3300000) (1024K)]
  0x00000298f38b6310 JavaThread "Connection worker"                 [_thread_blocked, id=11252, stack(0x000000ffe3500000,0x000000ffe3600000) (1024K)]
  0x000002990a7c8540 JavaThread "Worker-3363: Initialize workspace"        [_thread_blocked, id=34352, stack(0x000000ffd5a00000,0x000000ffd5b00000) (1024K)]
  0x000002990a7ca610 JavaThread "Worker-3372: Initialize workspace"        [_thread_blocked, id=14384, stack(0x000000ffda600000,0x000000ffda700000) (1024K)]
  0x000002990a7cc050 JavaThread "Connection worker"                 [_thread_blocked, id=32056, stack(0x000000ffdad00000,0x000000ffdae00000) (1024K)]
  0x000002990a7cee40 JavaThread "pool-489-thread-1"                 [_thread_blocked, id=21200, stack(0x000000ffde200000,0x000000ffde300000) (1024K)]
  0x000002990a7d01f0 JavaThread "Worker-3380: Initialize workspace"        [_thread_blocked, id=30772, stack(0x000000ffdb700000,0x000000ffdb800000) (1024K)]
  0x000002990a7d1c30 JavaThread "Worker-3386: Initialize workspace"        [_thread_blocked, id=6924, stack(0x000000ff82f00000,0x000000ff83000000) (1024K)]
  0x000002990a7d4a20 JavaThread "Worker-3391: Initialize workspace"        [_thread_blocked, id=30744, stack(0x000000ffe7d00000,0x000000ffe7e00000) (1024K)]
  0x000002990a7db9b0 JavaThread "Worker-3404: Initialize workspace"        [_thread_blocked, id=38852, stack(0x000000ffde400000,0x000000ffde500000) (1024K)]
  0x000002990a7dcd60 JavaThread "Worker-3409: Initialize workspace"        [_thread_blocked, id=308, stack(0x000000ffce800000,0x000000ffce900000) (1024K)]
  0x000002990a7e2fd0 JavaThread "Worker-3417: Initialize workspace"        [_thread_blocked, id=18804, stack(0x000000ffe0f00000,0x000000ffe1000000) (1024K)]
  0x000002990a7e2940 JavaThread "Worker-3422: Initialize workspace"        [_thread_blocked, id=35208, stack(0x000000ffdf500000,0x000000ffdf600000) (1024K)]
  0x000002990cf05000 JavaThread "Worker-3430: Initialize workspace"        [_thread_blocked, id=17708, stack(0x000000ff86600000,0x000000ff86700000) (1024K)]
  0x000002990cf0ed80 JavaThread "Worker-3435: Initialize workspace"        [_thread_blocked, id=13992, stack(0x000000ffc9300000,0x000000ffc9400000) (1024K)]
  0x000002990cf0b270 JavaThread "Connection worker"                 [_thread_blocked, id=31800, stack(0x000000ffc5600000,0x000000ffc5700000) (1024K)]
  0x000002990cf10130 JavaThread "pool-497-thread-1"                 [_thread_blocked, id=18544, stack(0x000000ffe0a00000,0x000000ffe0b00000) (1024K)]
  0x000002990cf142d0 JavaThread "Worker-3442: Initialize workspace"        [_thread_blocked, id=18752, stack(0x000000ffd5e00000,0x000000ffd5f00000) (1024K)]
  0x000002990cf12890 JavaThread "Connection worker"                 [_thread_blocked, id=35652, stack(0x000000ffe1600000,0x000000ffe1700000) (1024K)]
  0x000002990cf163a0 JavaThread "Worker-3448: Initialize workspace"        [_thread_blocked, id=3328, stack(0x000000ffe1c00000,0x000000ffe1d00000) (1024K)]
  0x0000029908f9ca90 JavaThread "Worker-3457: Initialize workspace"        [_thread_blocked, id=33552, stack(0x000000ffe1e00000,0x000000ffe1f00000) (1024K)]
  0x0000029908fa7530 JavaThread "Connection worker"                 [_thread_blocked, id=30364, stack(0x000000ffe2600000,0x000000ffe2700000) (1024K)]
  0x0000029908fbde20 JavaThread "pool-500-thread-1"                 [_thread_blocked, id=32944, stack(0x000000ffe9c00000,0x000000ffe9d00000) (1024K)]
  0x0000029908fcd0f0 JavaThread "Connection worker"                 [_thread_blocked, id=19660, stack(0x000000ffa2d00000,0x000000ffa2e00000) (1024K)]
  0x0000029908fd4080 JavaThread "pool-501-thread-1"                 [_thread_blocked, id=2016, stack(0x000000ffe9b00000,0x000000ffe9c00000) (1024K)]
  0x0000029908fca990 JavaThread "Worker-3464: Initialize workspace"        [_thread_blocked, id=23648, stack(0x000000ffe0b00000,0x000000ffe0c00000) (1024K)]
  0x00000299079f2980 JavaThread "Connection worker"                 [_thread_blocked, id=17560, stack(0x000000ffa8400000,0x000000ffa8500000) (1024K)]
  0x00000299079f6b20 JavaThread "Worker-3475: Initialize workspace"        [_thread_blocked, id=17596, stack(0x000000ffb4500000,0x000000ffb4600000) (1024K)]
  0x00000299079ffb80 JavaThread "Worker-3479: Initialize workspace"        [_thread_blocked, id=34972, stack(0x000000ffe6f00000,0x000000ffe7000000) (1024K)]
  0x0000029907a1b330 JavaThread "Connection worker"                 [_thread_blocked, id=33600, stack(0x000000ffea300000,0x000000ffea400000) (1024K)]
  0x00000298f80ad470 JavaThread "pool-504-thread-1"                 [_thread_blocked, id=34148, stack(0x000000ffea400000,0x000000ffea500000) (1024K)]
  0x00000298f80bc0b0 JavaThread "Worker-3485: Initialize workspace"        [_thread_blocked, id=19548, stack(0x000000ffea200000,0x000000ffea300000) (1024K)]
  0x00000299084adf20 JavaThread "Connection worker"                 [_thread_blocked, id=32048, stack(0x000000ffea900000,0x000000ffeaa00000) (1024K)]
  0x00000299084b2750 JavaThread "Worker-3490: Initialize workspace"        [_thread_blocked, id=13420, stack(0x000000ffea800000,0x000000ffea900000) (1024K)]
  0x000002990cf18470 JavaThread "Worker-3492: Initialize workspace"        [_thread_blocked, id=30480, stack(0x000000ffd9900000,0x000000ffd9a00000) (1024K)]
  0x000002990cf15d10 JavaThread "Connection worker"                 [_thread_blocked, id=24428, stack(0x000000ffcc200000,0x000000ffcc300000) (1024K)]
  0x000002990cf19eb0 JavaThread "pool-505-thread-1"                 [_thread_blocked, id=29508, stack(0x000000ffda500000,0x000000ffda600000) (1024K)]
  0x00000298f6f96e60 JavaThread "Worker-3499: Initialize workspace"        [_thread_blocked, id=9028, stack(0x000000ffda900000,0x000000ffdaa00000) (1024K)]
  0x000002990a7c7eb0 JavaThread "Worker-3502: Initialize workspace"        [_thread_blocked, id=23532, stack(0x000000ffe7200000,0x000000ffe7300000) (1024K)]
  0x000002990a7c9f80 JavaThread "Connection worker"                 [_thread_blocked, id=23680, stack(0x000000ffe2300000,0x000000ffe2400000) (1024K)]
  0x000002990a7c8bd0 JavaThread "pool-507-thread-1"                 [_thread_blocked, id=26312, stack(0x000000ffeaa00000,0x000000ffeab00000) (1024K)]
  0x00000298f4b71f20 JavaThread "Worker-3508: Initialize workspace"        [_thread_blocked, id=34212, stack(0x000000ffead00000,0x000000ffeae00000) (1024K)]
  0x00000298f8117bc0 JavaThread "Worker-3511: Initialize workspace"        [_thread_blocked, id=22932, stack(0x000000ffeb300000,0x000000ffeb400000) (1024K)]
  0x000002990b1cab40 JavaThread "Worker-3515: Initialize workspace"        [_thread_blocked, id=28968, stack(0x000000ffeb800000,0x000000ffeb900000) (1024K)]
  0x00000298fd0d93d0 JavaThread "Worker-3518: Initialize workspace"        [_thread_blocked, id=24308, stack(0x000000ffeb900000,0x000000ffeba00000) (1024K)]
  0x00000298f6fb2ca0 JavaThread "Worker-3522: Initialize workspace"        [_thread_blocked, id=34532, stack(0x000000ffdbb00000,0x000000ffdbc00000) (1024K)]
  0x000002990a7ce7b0 JavaThread "Connection worker"                 [_thread_blocked, id=37424, stack(0x000000ffeb400000,0x000000ffeb500000) (1024K)]
  0x000002990a7cf4d0 JavaThread "Connection worker"                 [_thread_blocked, id=38548, stack(0x000000ffe7600000,0x000000ffe7700000) (1024K)]
  0x000002990a7c6470 JavaThread "pool-513-thread-1"                 [_thread_blocked, id=34764, stack(0x000000ff88400000,0x000000ff88500000) (1024K)]
  0x00000298f6faa960 JavaThread "pool-514-thread-1"                 [_thread_blocked, id=29292, stack(0x000000ffec100000,0x000000ffec200000) (1024K)]
  0x00000298f80c0f70 JavaThread "Worker-3531: Initialize workspace"        [_thread_blocked, id=36552, stack(0x000000ffec200000,0x000000ffec300000) (1024K)]
  0x000002990b1dd290 JavaThread "Connection worker"                 [_thread_blocked, id=30164, stack(0x000000ffec000000,0x000000ffec100000) (1024K)]
  0x00000298f037cdc0 JavaThread "pool-515-thread-1"                 [_thread_blocked, id=22164, stack(0x000000ffec900000,0x000000ffeca00000) (1024K)]
  0x00000298f38b1ae0 JavaThread "Worker-3534: Initialize workspace"        [_thread_blocked, id=6064, stack(0x000000ffeca00000,0x000000ffecb00000) (1024K)]
  0x00000298fdd98040 JavaThread "Worker-3536: Initialize workspace"        [_thread_blocked, id=24280, stack(0x000000ffecb00000,0x000000ffecc00000) (1024K)]
  0x000002990cf02f30 JavaThread "Worker-3539: Initialize workspace"        [_thread_blocked, id=37436, stack(0x000000ffec800000,0x000000ffec900000) (1024K)]
  0x00000299084b0680 JavaThread "Worker-3542: Initialize workspace"        [_thread_blocked, id=6900, stack(0x000000ffc6900000,0x000000ffc6a00000) (1024K)]
  0x000002990cf05690 JavaThread "Worker-3545: Initialize workspace"        [_thread_blocked, id=22496, stack(0x000000ffdf400000,0x000000ffdf500000) (1024K)]
  0x000002990a7d0f10 JavaThread "Connection worker"                 [_thread_blocked, id=32204, stack(0x000000ffdc000000,0x000000ffdc100000) (1024K)]
  0x000002990a7d2fe0 JavaThread "Connection worker"                 [_thread_blocked, id=19216, stack(0x000000ffde800000,0x000000ffde900000) (1024K)]
  0x000002990a7caca0 JavaThread "pool-516-thread-1"                 [_thread_blocked, id=7932, stack(0x000000ff87500000,0x000000ff87600000) (1024K)]
  0x000002990cf007d0 JavaThread "pool-517-thread-1"                 [_thread_blocked, id=22392, stack(0x000000ffdeb00000,0x000000ffdec00000) (1024K)]
  0x000002990cf05d20 JavaThread "Worker-3564: Initialize workspace"        [_thread_blocked, id=29084, stack(0x000000ffdf600000,0x000000ffdf700000) (1024K)]
  0x000002990a7d7ea0 JavaThread "Connection worker"                 [_thread_blocked, id=29972, stack(0x000000ffcee00000,0x000000ffcef00000) (1024K)]
  0x000002990a7dc040 JavaThread "pool-521-thread-1"                 [_thread_blocked, id=35432, stack(0x000000ffdf900000,0x000000ffdfa00000) (1024K)]
  0x000002990a7d8bc0 JavaThread "Worker-3576: Initialize workspace"        [_thread_blocked, id=30376, stack(0x000000ffe0600000,0x000000ffe0700000) (1024K)]
  0x000002990a7e1590 JavaThread "Connection worker"                 [_thread_blocked, id=35716, stack(0x000000ffe3100000,0x000000ffe3200000) (1024K)]
  0x0000029908fd1290 JavaThread "pool-522-thread-1"                 [_thread_blocked, id=22388, stack(0x000000ffe7700000,0x000000ffe7800000) (1024K)]
  0x00000298ebcfbd00 JavaThread "Worker-3591: Initialize workspace"        [_thread_blocked, id=39072, stack(0x000000ffe6600000,0x000000ffe6700000) (1024K)]
  0x000002990a7d50b0 JavaThread "Worker-3603: Initialize workspace"        [_thread_blocked, id=39316, stack(0x000000ffe7e00000,0x000000ffe7f00000) (1024K)]
  0x000002990a7c7820 JavaThread "Worker-3609: Initialize workspace"        [_thread_blocked, id=39648, stack(0x000000ffc8e00000,0x000000ffc8f00000) (1024K)]
  0x000002990a7e22b0 JavaThread "Connection worker"                 [_thread_blocked, id=39776, stack(0x000000ffe7f00000,0x000000ffe8000000) (1024K)]
  0x00000298f80b3d70 JavaThread "pool-524-thread-1"                 [_thread_blocked, id=39832, stack(0x000000ffe8300000,0x000000ffe8400000) (1024K)]
  0x00000298fdd6fd20 JavaThread "Connection worker"                 [_thread_blocked, id=40748, stack(0x000000ffc9400000,0x000000ffc9500000) (1024K)]
  0x00000298fdd7c890 JavaThread "Worker-3613: Initialize workspace"        [_thread_blocked, id=12556, stack(0x000000ffa7700000,0x000000ffa7800000) (1024K)]
  0x000002990a7d0880 JavaThread "Connection worker"                 [_thread_blocked, id=27320, stack(0x000000ffd9c00000,0x000000ffd9d00000) (1024K)]
  0x000002990a7d15a0 JavaThread "Connection worker"                 [_thread_blocked, id=35108, stack(0x000000ffd9e00000,0x000000ffd9f00000) (1024K)]
  0x000002990a7d5740 JavaThread "Connection worker"                 [_thread_blocked, id=30964, stack(0x000000ffda800000,0x000000ffda900000) (1024K)]
  0x000002990a7da600 JavaThread "pool-525-thread-1"                 [_thread_blocked, id=40856, stack(0x000000ffdbd00000,0x000000ffdbe00000) (1024K)]
  0x000002990a7db320 JavaThread "Connection worker"                 [_thread_blocked, id=26044, stack(0x000000ffdc900000,0x000000ffdca00000) (1024K)]
  0x000002990a7e3cf0 JavaThread "pool-526-thread-1"                 [_thread_blocked, id=21548, stack(0x000000ffdde00000,0x000000ffddf00000) (1024K)]
  0x00000298fdd75270 JavaThread "pool-527-thread-1"                 [_thread_blocked, id=40464, stack(0x000000ffe0400000,0x000000ffe0500000) (1024K)]
  0x00000298fdd79410 JavaThread "Worker-3621: Initialize workspace"        [_thread_blocked, id=35256, stack(0x000000ffe0200000,0x000000ffe0300000) (1024K)]
  0x00000298ebcfc390 JavaThread "Worker-3628: Initialize workspace"        [_thread_blocked, id=37680, stack(0x000000ffa3100000,0x000000ffa3200000) (1024K)]
  0x00000298f6fa1f90 JavaThread "Connection worker"                 [_thread_blocked, id=40468, stack(0x000000ffe8400000,0x000000ffe8500000) (1024K)]
  0x00000298f67abbf0 JavaThread "Worker-3633: Initialize workspace"        [_thread_blocked, id=40632, stack(0x000000ffe8c00000,0x000000ffe8d00000) (1024K)]
  0x0000029908f95470 JavaThread "pool-528-thread-1"                 [_thread_blocked, id=4236, stack(0x000000ffe8000000,0x000000ffe8100000) (1024K)]
  0x00000298f70f5b10 JavaThread "Connection worker"                 [_thread_blocked, id=23004, stack(0x000000ffe8900000,0x000000ffe8a00000) (1024K)]
  0x00000299079ecda0 JavaThread "Worker-3637: Initialize workspace"        [_thread_blocked, id=26092, stack(0x000000ffe9e00000,0x000000ffe9f00000) (1024K)]
  0x000002990a7e1c20 JavaThread "pool-530-thread-1"                 [_thread_blocked, id=26124, stack(0x000000ffe9900000,0x000000ffe9a00000) (1024K)]
  0x0000029908d13000 JavaThread "Connection worker"                 [_thread_blocked, id=36788, stack(0x000000ffecc00000,0x000000ffecd00000) (1024K)]
  0x00000298f6f9a970 JavaThread "Worker-3644: Initialize workspace"        [_thread_blocked, id=22472, stack(0x000000ffecf00000,0x000000ffed000000) (1024K)]
  0x00000298f81005b0 JavaThread "pool-531-thread-1"                 [_thread_blocked, id=34164, stack(0x000000ffed300000,0x000000ffed400000) (1024K)]
  0x00000298f1e73bb0 JavaThread "Worker-3647: Initialize workspace"        [_thread_blocked, id=29032, stack(0x000000ffed100000,0x000000ffed200000) (1024K)]
  0x00000298f67a9b20 JavaThread "Connection worker"                 [_thread_blocked, id=12068, stack(0x000000ffed400000,0x000000ffed500000) (1024K)]
  0x00000298f2f19190 JavaThread "Connection worker"                 [_thread_blocked, id=34524, stack(0x000000ffed500000,0x000000ffed600000) (1024K)]
  0x000002990cf03c50 JavaThread "Worker-3652: Initialize workspace"        [_thread_blocked, id=28264, stack(0x000000ffeda00000,0x000000ffedb00000) (1024K)]
  0x00000298f810de40 JavaThread "Connection worker"                 [_thread_blocked, id=37280, stack(0x000000ffbc900000,0x000000ffbca00000) (1024K)]
  0x00000298f48801a0 JavaThread "pool-532-thread-1"                 [_thread_blocked, id=35668, stack(0x000000ffed800000,0x000000ffed900000) (1024K)]
  0x000002990fa46200 JavaThread "Connection worker"                 [_thread_blocked, id=19788, stack(0x000000ffedb00000,0x000000ffedc00000) (1024K)]
  0x000002990fa48960 JavaThread "pool-533-thread-1"                 [_thread_blocked, id=26468, stack(0x000000ffdc700000,0x000000ffdc800000) (1024K)]
  0x000002990fa475b0 JavaThread "pool-534-thread-1"                 [_thread_blocked, id=6444, stack(0x000000ffede00000,0x000000ffedf00000) (1024K)]
  0x000002990fa47c40 JavaThread "Worker-3658: Initialize workspace"        [_thread_blocked, id=28148, stack(0x000000ffee000000,0x000000ffee100000) (1024K)]
  0x000002990fa48ff0 JavaThread "Worker-3661: Initialize workspace"        [_thread_blocked, id=13760, stack(0x000000ffee100000,0x000000ffee200000) (1024K)]
  0x000002990fa4a3a0 JavaThread "Connection worker"                 [_thread_blocked, id=27448, stack(0x000000ffee700000,0x000000ffee800000) (1024K)]
  0x000002990fa46f20 JavaThread "pool-535-thread-1"                 [_thread_blocked, id=1836, stack(0x000000ffee900000,0x000000ffeea00000) (1024K)]
  0x000002990fa4b0c0 JavaThread "Worker-3667: Initialize workspace"        [_thread_blocked, id=37172, stack(0x000000ffee200000,0x000000ffee300000) (1024K)]
  0x000002990fa4cb00 JavaThread "Connection worker"                 [_thread_blocked, id=2612, stack(0x000000ffeee00000,0x000000ffeef00000) (1024K)]
  0x000002990fa4d190 JavaThread "Connection worker"                 [_thread_blocked, id=9824, stack(0x000000ffeef00000,0x000000ffef000000) (1024K)]
  0x000002990fa4d820 JavaThread "Worker-3673: Initialize workspace"        [_thread_blocked, id=27208, stack(0x000000ffef200000,0x000000ffef300000) (1024K)]
  0x000002990fa4deb0 JavaThread "pool-537-thread-1"                 [_thread_blocked, id=38376, stack(0x000000ffef400000,0x000000ffef500000) (1024K)]
  0x000002990fa4ebd0 JavaThread "pool-538-thread-1"                 [_thread_blocked, id=32272, stack(0x000000ffef500000,0x000000ffef600000) (1024K)]
  0x000002990fa4f260 JavaThread "Worker-3676: Initialize workspace"        [_thread_blocked, id=17880, stack(0x000000ffef800000,0x000000ffef900000) (1024K)]
  0x000002990fa4bde0 JavaThread "Worker-3679: Initialize workspace"        [_thread_blocked, id=27284, stack(0x000000ffef900000,0x000000ffefa00000) (1024K)]
  0x000002990fa50610 JavaThread "Worker-3682: Initialize workspace"        [_thread_blocked, id=40428, stack(0x000000ffefa00000,0x000000ffefb00000) (1024K)]
  0x000002990fa4b750 JavaThread "Worker-3684: Initialize workspace"        [_thread_blocked, id=35480, stack(0x000000ffef600000,0x000000ffef700000) (1024K)]
  0x000002990fa4ff80 JavaThread "Connection worker"                 [_thread_blocked, id=22344, stack(0x000000ffefb00000,0x000000ffefc00000) (1024K)]
  0x000002990fa51330 JavaThread "Worker-3686: Initialize workspace"        [_thread_blocked, id=2240, stack(0x000000ffefc00000,0x000000ffefd00000) (1024K)]
  0x000002990fa4f8f0 JavaThread "Connection worker"                 [_thread_blocked, id=4100, stack(0x000000ffefd00000,0x000000ffefe00000) (1024K)]
  0x000002990fa519c0 JavaThread "pool-539-thread-1"                 [_thread_blocked, id=37428, stack(0x000000ffefe00000,0x000000ffeff00000) (1024K)]
  0x000002990fa526e0 JavaThread "Connection worker"                 [_thread_blocked, id=33120, stack(0x000000fff0000000,0x000000fff0100000) (1024K)]
  0x000002990fa554d0 JavaThread "pool-540-thread-1"                 [_thread_blocked, id=31268, stack(0x000000fff0200000,0x000000fff0300000) (1024K)]
  0x000002990fa54e40 JavaThread "pool-541-thread-1"                 [_thread_blocked, id=16528, stack(0x000000fff0300000,0x000000fff0400000) (1024K)]
  0x000002990fa561f0 JavaThread "Connection worker"                 [_thread_blocked, id=12240, stack(0x000000ffe8800000,0x000000ffe8900000) (1024K)]
  0x000002990fa52d70 JavaThread "pool-542-thread-1"                 [_thread_blocked, id=23992, stack(0x000000fff0400000,0x000000fff0500000) (1024K)]
  0x000002990fa53400 JavaThread "Worker-3694: Initialize workspace"        [_thread_blocked, id=35492, stack(0x000000ff9f300000,0x000000ff9f400000) (1024K)]
  0x000002990fa575a0 JavaThread "Worker-3697: Initialize workspace"        [_thread_blocked, id=21320, stack(0x000000ffaa600000,0x000000ffaa700000) (1024K)]
  0x000002990fa55b60 JavaThread "Worker-3700: Initialize workspace"        [_thread_blocked, id=19336, stack(0x000000ffc2700000,0x000000ffc2800000) (1024K)]
  0x000002990fa54120 JavaThread "Worker-3703: Initialize workspace"        [_thread_blocked, id=5636, stack(0x000000ffc6400000,0x000000ffc6500000) (1024K)]
  0x000002990fa582c0 JavaThread "Connection worker"                 [_thread_blocked, id=1176, stack(0x000000ffcef00000,0x000000ffcf000000) (1024K)]
  0x000002990fa5b0b0 JavaThread "Connection worker"                 [_thread_blocked, id=25456, stack(0x000000ffdf300000,0x000000ffdf400000) (1024K)]
  0x000002990fa59670 JavaThread "Connection worker"                 [_thread_blocked, id=34680, stack(0x000000fff0600000,0x000000fff0700000) (1024K)]
  0x000002990fa58950 JavaThread "pool-543-thread-1"                 [_thread_blocked, id=14184, stack(0x000000fff0700000,0x000000fff0800000) (1024K)]
  0x000002990fa59d00 JavaThread "pool-544-thread-1"                 [_thread_blocked, id=14704, stack(0x000000fff0800000,0x000000fff0900000) (1024K)]
  0x000002990fa5a390 JavaThread "Worker-3709: Initialize workspace"        [_thread_blocked, id=37968, stack(0x000000fff0b00000,0x000000fff0c00000) (1024K)]
  0x000002990fa53a90 JavaThread "pool-545-thread-1"                 [_thread_blocked, id=31112, stack(0x000000fff0c00000,0x000000fff0d00000) (1024K)]
  0x000002990fa5aa20 JavaThread "Worker-3712: Initialize workspace"        [_thread_blocked, id=23272, stack(0x000000fff0d00000,0x000000fff0e00000) (1024K)]
  0x000002990fa5b740 JavaThread "Connection worker"                 [_thread_blocked, id=23120, stack(0x000000fff0a00000,0x000000fff0b00000) (1024K)]
  0x000002990fa5bdd0 JavaThread "Connection worker"                 [_thread_blocked, id=18688, stack(0x000000fff0e00000,0x000000fff0f00000) (1024K)]
  0x000002990fa5c460 JavaThread "pool-546-thread-1"                 [_thread_blocked, id=8680, stack(0x000000fff0f00000,0x000000fff1000000) (1024K)]
  0x000002990fa5f8e0 JavaThread "pool-547-thread-1"                 [_thread_blocked, id=4708, stack(0x000000fff1200000,0x000000fff1300000) (1024K)]
  0x000002990fa5caf0 JavaThread "Worker-3719: Initialize workspace"        [_thread_blocked, id=27636, stack(0x000000fff1400000,0x000000fff1500000) (1024K)]
  0x000002990fa5ebc0 JavaThread "Worker-3722: Initialize workspace"        [_thread_blocked, id=37940, stack(0x000000fff1500000,0x000000fff1600000) (1024K)]
  0x000002990fa5d180 JavaThread "Worker-3725: Initialize workspace"        [_thread_blocked, id=22768, stack(0x000000fff1600000,0x000000fff1700000) (1024K)]
  0x000002990fa5f250 JavaThread "Worker-3728: Initialize workspace"        [_thread_blocked, id=30188, stack(0x000000fff1700000,0x000000fff1800000) (1024K)]
  0x000002990fa5dea0 JavaThread "Worker-3731: Initialize workspace"        [_thread_blocked, id=36728, stack(0x000000fff1900000,0x000000fff1a00000) (1024K)]
  0x000002990fa61320 JavaThread "Connection worker"                 [_thread_blocked, id=6092, stack(0x000000ffc2600000,0x000000ffc2700000) (1024K)]
  0x000002990fa633f0 JavaThread "Connection worker"                 [_thread_blocked, id=21904, stack(0x000000fff1c00000,0x000000fff1d00000) (1024K)]
  0x000002990fa619b0 JavaThread "Connection worker"                 [_thread_blocked, id=23920, stack(0x000000ffc2000000,0x000000ffc2100000) (1024K)]
  0x000002990fa62040 JavaThread "Connection worker"                 [_thread_blocked, id=31004, stack(0x000000fff1f00000,0x000000fff2000000) (1024K)]
  0x000002990fa60c90 JavaThread "Connection worker"                 [_thread_blocked, id=22516, stack(0x000000fff2000000,0x000000fff2100000) (1024K)]
  0x000002990fa60600 JavaThread "pool-548-thread-1"                 [_thread_blocked, id=25296, stack(0x000000fff2100000,0x000000fff2200000) (1024K)]
  0x000002990fa64110 JavaThread "pool-549-thread-1"                 [_thread_blocked, id=28620, stack(0x000000fff2600000,0x000000fff2700000) (1024K)]
  0x000002990fa647a0 JavaThread "pool-550-thread-1"                 [_thread_blocked, id=20540, stack(0x000000fff2800000,0x000000fff2900000) (1024K)]
  0x000002990fa654c0 JavaThread "pool-551-thread-1"                 [_thread_blocked, id=18724, stack(0x000000fff2900000,0x000000fff2a00000) (1024K)]
  0x000002990fa65b50 JavaThread "Worker-3738: Initialize workspace"        [_thread_blocked, id=32952, stack(0x000000fff2a00000,0x000000fff2b00000) (1024K)]
  0x000002990fa661e0 JavaThread "Worker-3740: Initialize workspace"        [_thread_blocked, id=15592, stack(0x000000fff1e00000,0x000000fff1f00000) (1024K)]
  0x000002990fa62d60 JavaThread "Worker-3743: Initialize workspace"        [_thread_blocked, id=10484, stack(0x000000fff2c00000,0x000000fff2d00000) (1024K)]
  0x000002990fa626d0 JavaThread "Connection worker"                 [_thread_blocked, id=10632, stack(0x000000ff93c00000,0x000000ff93d00000) (1024K)]
  0x000002990fa63a80 JavaThread "Connection worker"                 [_thread_blocked, id=7488, stack(0x000000fff2b00000,0x000000fff2c00000) (1024K)]
  0x000002990fa67c20 JavaThread "Connection worker"                 [_thread_blocked, id=20336, stack(0x000000fff2d00000,0x000000fff2e00000) (1024K)]
  0x000002990fa69660 JavaThread "Connection worker"                 [_thread_blocked, id=27888, stack(0x000000fff2f00000,0x000000fff3000000) (1024K)]
  0x000002990fa68940 JavaThread "pool-552-thread-1"                 [_thread_blocked, id=25432, stack(0x000000fff3000000,0x000000fff3100000) (1024K)]
  0x000002990fa68fd0 JavaThread "Connection worker"                 [_thread_blocked, id=32316, stack(0x000000fff3100000,0x000000fff3200000) (1024K)]
  0x000002990fa69cf0 JavaThread "Connection worker"                 [_thread_blocked, id=24064, stack(0x000000fff3300000,0x000000fff3400000) (1024K)]
  0x000002990fa682b0 JavaThread "pool-553-thread-1"                 [_thread_blocked, id=3364, stack(0x000000fff3400000,0x000000fff3500000) (1024K)]
  0x000002990fa6aa10 JavaThread "pool-554-thread-1"                 [_thread_blocked, id=33556, stack(0x000000fff3700000,0x000000fff3800000) (1024K)]
  0x000002990fa67590 JavaThread "pool-555-thread-1"                 [_thread_blocked, id=22408, stack(0x000000fff3900000,0x000000fff3a00000) (1024K)]
  0x000002990fa6b0a0 JavaThread "pool-556-thread-1"                 [_thread_blocked, id=19708, stack(0x000000fff3b00000,0x000000fff3c00000) (1024K)]
  0x000002990fa6d170 JavaThread "Worker-3752: Initialize workspace"        [_thread_blocked, id=13828, stack(0x000000fff3d00000,0x000000fff3e00000) (1024K)]
  0x000002990fa6b730 JavaThread "Worker-3757: Initialize workspace"        [_thread_blocked, id=24288, stack(0x000000fff4100000,0x000000fff4200000) (1024K)]
  0x000002990fa6ff60 JavaThread "Worker-3760: Initialize workspace"        [_thread_blocked, id=23156, stack(0x000000fff4400000,0x000000fff4500000) (1024K)]
  0x000002990fa705f0 JavaThread "Worker-3763: Initialize workspace"        [_thread_blocked, id=40664, stack(0x000000fff4600000,0x000000fff4700000) (1024K)]
  0x000002990fa70c80 JavaThread "Worker-3766: Initialize workspace"        [_thread_blocked, id=36576, stack(0x000000fff4700000,0x000000fff4800000) (1024K)]
  0x000002990fa6e520 JavaThread "Worker-3769: Initialize workspace"        [_thread_blocked, id=39784, stack(0x000000fff4900000,0x000000fff4a00000) (1024K)]
  0x000002990fa6f8d0 JavaThread "Connection worker"                 [_thread_blocked, id=39780, stack(0x000000fff4e00000,0x000000fff4f00000) (1024K)]
  0x000002990fa71310 JavaThread "Connection worker"                 [_thread_blocked, id=29264, stack(0x000000fff4f00000,0x000000fff5000000) (1024K)]
  0x000002990fa719a0 JavaThread "Connection worker"                 [_thread_blocked, id=4620, stack(0x000000fff5000000,0x000000fff5100000) (1024K)]
  0x000002990fa72030 JavaThread "pool-557-thread-1"                 [_thread_blocked, id=8464, stack(0x000000fff5100000,0x000000fff5200000) (1024K)]
  0x000002990fa726c0 JavaThread "Connection worker"                 [_thread_blocked, id=31460, stack(0x000000fff5300000,0x000000fff5400000) (1024K)]
  0x000002990fa74100 JavaThread "Connection worker"                 [_thread_blocked, id=8784, stack(0x000000fff5400000,0x000000fff5500000) (1024K)]
  0x000002990fa75b40 JavaThread "pool-558-thread-1"                 [_thread_blocked, id=37600, stack(0x000000fff5500000,0x000000fff5600000) (1024K)]
  0x000002990fa761d0 JavaThread "Connection worker"                 [_thread_blocked, id=25188, stack(0x000000fff5600000,0x000000fff5700000) (1024K)]
  0x000002990fa733e0 JavaThread "Worker-3777: Initialize workspace"        [_thread_blocked, id=19164, stack(0x000000fff5900000,0x000000fff5a00000) (1024K)]
  0x000002990fa74790 JavaThread "pool-559-thread-1"                 [_thread_blocked, id=35980, stack(0x000000fff5800000,0x000000fff5900000) (1024K)]
  0x000002990fa76860 JavaThread "pool-561-thread-1"                 [_thread_blocked, id=40604, stack(0x000000fff6000000,0x000000fff6100000) (1024K)]
  0x000002990fa73a70 JavaThread "pool-560-thread-1"                 [_thread_blocked, id=20888, stack(0x000000fff6100000,0x000000fff6200000) (1024K)]
  0x000002990fa782a0 JavaThread "pool-562-thread-1"                 [_thread_blocked, id=34892, stack(0x000000fff6300000,0x000000fff6400000) (1024K)]
  0x000002990fa74e20 JavaThread "Worker-3783: Initialize workspace"        [_thread_blocked, id=10768, stack(0x000000fff6500000,0x000000fff6600000) (1024K)]
  0x000002990fa77580 JavaThread "Worker-3785: Initialize workspace"        [_thread_blocked, id=31340, stack(0x000000fff6700000,0x000000fff6800000) (1024K)]
  0x000002990fa78fc0 JavaThread "Worker-3788: Initialize workspace"        [_thread_blocked, id=10036, stack(0x000000fff6900000,0x000000fff6a00000) (1024K)]
  0x000002990fa7a370 JavaThread "Connection worker"                 [_thread_blocked, id=25344, stack(0x000000fff6b00000,0x000000fff6c00000) (1024K)]
  0x000002990fa78930 JavaThread "Worker-3793: Initialize workspace"        [_thread_blocked, id=40900, stack(0x000000fff6c00000,0x000000fff6d00000) (1024K)]
  0x000002990fa7de80 JavaThread "pool-564-thread-1"                 [_thread_blocked, id=19584, stack(0x000000fff6d00000,0x000000fff6e00000) (1024K)]
  0x000002990fa7aa00 JavaThread "Worker-3796: Initialize workspace"        [_thread_blocked, id=20676, stack(0x000000fff6f00000,0x000000fff7000000) (1024K)]
  0x000002990fa7b720 JavaThread "Worker-3799: Initialize workspace"        [_thread_blocked, id=35764, stack(0x000000fff7000000,0x000000fff7100000) (1024K)]
  0x000002990fa7cad0 JavaThread "Connection worker"                 [_thread_blocked, id=35284, stack(0x000000fff7300000,0x000000fff7400000) (1024K)]
  0x000002990fa7d7f0 JavaThread "Connection worker"                 [_thread_blocked, id=7044, stack(0x000000fff7500000,0x000000fff7600000) (1024K)]
  0x000002990fa7eba0 JavaThread "pool-565-thread-1"                 [_thread_blocked, id=34472, stack(0x000000fff7600000,0x000000fff7700000) (1024K)]
  0x000002990fa7f230 JavaThread "Connection worker"                 [_thread_blocked, id=25004, stack(0x000000fff7700000,0x000000fff7800000) (1024K)]
  0x000002990fa7bdb0 JavaThread "pool-566-thread-1"                 [_thread_blocked, id=34332, stack(0x000000fff7800000,0x000000fff7900000) (1024K)]
  0x000002990fa81990 JavaThread "Connection worker"                 [_thread_blocked, id=11276, stack(0x000000fff7c00000,0x000000fff7d00000) (1024K)]
  0x000002990fa80c70 JavaThread "pool-567-thread-1"                 [_thread_blocked, id=40796, stack(0x000000fff7d00000,0x000000fff7e00000) (1024K)]
  0x000002990fa826b0 JavaThread "Worker-3807: Initialize workspace"        [_thread_blocked, id=17608, stack(0x000000fff7f00000,0x000000fff8000000) (1024K)]
  0x000002990fa82d40 JavaThread "pool-568-thread-1"                 [_thread_blocked, id=23220, stack(0x000000fff7e00000,0x000000fff7f00000) (1024K)]
  0x000002990fa7f8c0 JavaThread "Connection worker"                 [_thread_blocked, id=17568, stack(0x000000fff8000000,0x000000fff8100000) (1024K)]
  0x000002990fa84780 JavaThread "Worker-3811: Initialize workspace"        [_thread_blocked, id=32024, stack(0x000000fff8800000,0x000000fff8900000) (1024K)]
  0x000002990fa840f0 JavaThread "pool-570-thread-1"                 [_thread_blocked, id=22212, stack(0x000000fff8700000,0x000000fff8800000) (1024K)]
  0x000002990fa81300 JavaThread "Worker-3815: Initialize workspace"        [_thread_blocked, id=40440, stack(0x000000fff8900000,0x000000fff8a00000) (1024K)]
  0x000002990fa84e10 JavaThread "Worker-3819: Initialize workspace"        [_thread_blocked, id=23408, stack(0x000000fff8d00000,0x000000fff8e00000) (1024K)]
  0x000002990fa854a0 JavaThread "Worker-3825: Initialize workspace"        [_thread_blocked, id=24932, stack(0x000000fff8a00000,0x000000fff8b00000) (1024K)]
  0x000002990fa85b30 JavaThread "Worker-3828: Initialize workspace"        [_thread_blocked, id=18220, stack(0x000000fff8f00000,0x000000fff9000000) (1024K)]
  0x0000029908fd2640 JavaThread "Connection worker"                 [_thread_blocked, id=37772, stack(0x000000fff9100000,0x000000fff9200000) (1024K)]
  0x0000029908fcf850 JavaThread "Connection worker"                 [_thread_blocked, id=18136, stack(0x000000fff9300000,0x000000fff9400000) (1024K)]
  0x0000029908fb3a10 JavaThread "Connection worker"                 [_thread_blocked, id=16932, stack(0x000000fff9500000,0x000000fff9600000) (1024K)]
  0x00000298fdd7c200 JavaThread "pool-571-thread-1"                 [_thread_blocked, id=22124, stack(0x000000fff9700000,0x000000fff9800000) (1024K)]
  0x00000298fdd910b0 JavaThread "Connection worker"                 [_thread_blocked, id=28308, stack(0x000000ff99300000,0x000000ff99400000) (1024K)]
  0x000002990a7d9250 JavaThread "Connection worker"                 [_thread_blocked, id=3208, stack(0x000000fff9800000,0x000000fff9900000) (1024K)]
  0x0000029908d09910 JavaThread "pool-572-thread-1"                 [_thread_blocked, id=26512, stack(0x000000fff9600000,0x000000fff9700000) (1024K)]
  0x0000029908d250c0 JavaThread "Worker-3837: Initialize workspace"        [_thread_blocked, id=13524, stack(0x000000fff9900000,0x000000fff9a00000) (1024K)]
  0x000002990cf19820 JavaThread "pool-573-thread-1"                 [_thread_blocked, id=25540, stack(0x000000fff9b00000,0x000000fff9c00000) (1024K)]
  0x00000299084d5520 JavaThread "pool-574-thread-1"                 [_thread_blocked, id=30288, stack(0x000000fff9c00000,0x000000fff9d00000) (1024K)]
  0x00000298fdd9efd0 JavaThread "Worker-3843: Initialize workspace"        [_thread_blocked, id=28196, stack(0x000000fffa000000,0x000000fffa100000) (1024K)]
  0x000002990a7dda80 JavaThread "Connection worker"                 [_thread_blocked, id=19852, stack(0x000000fffa100000,0x000000fffa200000) (1024K)]
  0x000002990cf042e0 JavaThread "Connection worker"                 [_thread_blocked, id=4060, stack(0x000000fffa200000,0x000000fffa300000) (1024K)]
  0x000002990fc8b200 JavaThread "pool-575-thread-1"                 [_thread_blocked, id=21384, stack(0x000000fffa500000,0x000000fffa600000) (1024K)]
  0x000002990fc8bf20 JavaThread "Worker-3847: Initialize workspace"        [_thread_blocked, id=28564, stack(0x000000fffa800000,0x000000fffa900000) (1024K)]
  0x000002990fc8a4e0 JavaThread "pool-576-thread-1"                 [_thread_blocked, id=31508, stack(0x000000fff9d00000,0x000000fff9e00000) (1024K)]
  0x000002990fc8cc40 JavaThread "Worker-3850: Initialize workspace"        [_thread_blocked, id=24348, stack(0x000000fffab00000,0x000000fffac00000) (1024K)]
  0x000002990fc8d2d0 JavaThread "Connection worker"                 [_thread_blocked, id=11752, stack(0x000000fffa900000,0x000000fffaa00000) (1024K)]
  0x000002990fc8ed10 JavaThread "Connection worker"                 [_thread_blocked, id=27424, stack(0x000000fffad00000,0x000000fffae00000) (1024K)]
  0x000002990fc8d960 JavaThread "Connection worker"                 [_thread_blocked, id=32800, stack(0x000000fffae00000,0x000000fffaf00000) (1024K)]
  0x000002990fc8b890 JavaThread "pool-577-thread-1"                 [_thread_blocked, id=2804, stack(0x000000fffb200000,0x000000fffb300000) (1024K)]
  0x000002990fc91b00 JavaThread "pool-578-thread-1"                 [_thread_blocked, id=20796, stack(0x000000fffb300000,0x000000fffb400000) (1024K)]
  0x000002990fc8fa30 JavaThread "pool-579-thread-1"                 [_thread_blocked, id=30736, stack(0x000000fffb600000,0x000000fffb700000) (1024K)]
  0x000002990fc90de0 JavaThread "Worker-3856: Initialize workspace"        [_thread_blocked, id=40704, stack(0x000000fffb500000,0x000000fffb600000) (1024K)]
  0x000002990fc900c0 JavaThread "Worker-3858: Initialize workspace"        [_thread_blocked, id=24680, stack(0x000000fffb800000,0x000000fffb900000) (1024K)]
  0x000002990fc91470 JavaThread "Connection worker"                 [_thread_blocked, id=34152, stack(0x000000fffb900000,0x000000fffba00000) (1024K)]
  0x000002990fc92190 JavaThread "Connection worker"                 [_thread_blocked, id=22964, stack(0x000000fffbb00000,0x000000fffbc00000) (1024K)]
  0x000002990fc92820 JavaThread "Worker-3864: Initialize workspace"        [_thread_blocked, id=20564, stack(0x000000fffbc00000,0x000000fffbd00000) (1024K)]
  0x000002990fc96330 JavaThread "pool-580-thread-1"                 [_thread_blocked, id=32008, stack(0x000000fffbe00000,0x000000fffbf00000) (1024K)]
  0x000002990fc948f0 JavaThread "pool-581-thread-1"                 [_thread_blocked, id=27868, stack(0x000000fffc000000,0x000000fffc100000) (1024K)]
  0x000002990fc94f80 JavaThread "Connection worker"                 [_thread_blocked, id=40296, stack(0x000000fffc200000,0x000000fffc300000) (1024K)]
  0x000002990fc95ca0 JavaThread "Worker-3869: Initialize workspace"        [_thread_blocked, id=40284, stack(0x000000fffc300000,0x000000fffc400000) (1024K)]
  0x000002990fc93bd0 JavaThread "Worker-3872: Initialize workspace"        [_thread_blocked, id=19856, stack(0x000000fffc800000,0x000000fffc900000) (1024K)]
  0x000002990fc92eb0 JavaThread "pool-582-thread-1"                 [_thread_blocked, id=19964, stack(0x000000fffc500000,0x000000fffc600000) (1024K)]
  0x000002990fc969c0 JavaThread "Worker-3874: Initialize workspace"        [_thread_blocked, id=10448, stack(0x000000fffc900000,0x000000fffca00000) (1024K)]
  0x000002990fc93540 JavaThread "Worker-3879: Initialize workspace"        [_thread_blocked, id=20364, stack(0x000000fffcb00000,0x000000fffcc00000) (1024K)]
  0x000002990fc97d70 JavaThread "Connection worker"                 [_thread_blocked, id=19664, stack(0x000000fffca00000,0x000000fffcb00000) (1024K)]
  0x000002990fc97050 JavaThread "pool-583-thread-1"                 [_thread_blocked, id=21052, stack(0x000000fffcd00000,0x000000fffce00000) (1024K)]
  0x000002990fc98a90 JavaThread "Worker-3882: Initialize workspace"        [_thread_blocked, id=29100, stack(0x000000fffcf00000,0x000000fffd000000) (1024K)]
  0x000002990fc95610 JavaThread "Worker-3885: Initialize workspace"        [_thread_blocked, id=27200, stack(0x000000fffd000000,0x000000fffd100000) (1024K)]
  0x000002990fc99e40 JavaThread "Connection worker"                 [_thread_blocked, id=35484, stack(0x000000fffd200000,0x000000fffd300000) (1024K)]
  0x000002990fc9a4d0 JavaThread "Connection worker"                 [_thread_blocked, id=39964, stack(0x000000fffd700000,0x000000fffd800000) (1024K)]
  0x000002990fc997b0 JavaThread "Connection worker"                 [_thread_blocked, id=18320, stack(0x000000fffd800000,0x000000fffd900000) (1024K)]
  0x000002990fc976e0 JavaThread "pool-584-thread-1"                 [_thread_blocked, id=22892, stack(0x000000fffd900000,0x000000fffda00000) (1024K)]
  0x000002990fc9c5a0 JavaThread "pool-585-thread-1"                 [_thread_blocked, id=28372, stack(0x000000fffda00000,0x000000fffdb00000) (1024K)]
  0x000002990fc9cc30 JavaThread "Connection worker"                 [_thread_blocked, id=22756, stack(0x000000fffdd00000,0x000000fffde00000) (1024K)]
  0x000002990fc9d2c0 JavaThread "Connection worker"                 [_thread_blocked, id=17696, stack(0x000000fffde00000,0x000000fffdf00000) (1024K)]
  0x000002990fc9b1f0 JavaThread "Worker-3892: Initialize workspace"        [_thread_blocked, id=9020, stack(0x000000fffe100000,0x000000fffe200000) (1024K)]
  0x000002990fc9b880 JavaThread "pool-586-thread-1"                 [_thread_blocked, id=2568, stack(0x000000fffe000000,0x000000fffe100000) (1024K)]
  0x000002990fca0dd0 JavaThread "pool-587-thread-1"                 [_thread_blocked, id=1376, stack(0x000000fffe300000,0x000000fffe400000) (1024K)]
  0x000002990fc9dfe0 JavaThread "pool-588-thread-1"                 [_thread_blocked, id=35588, stack(0x000000fffe400000,0x000000fffe500000) (1024K)]
  0x000002990fca2180 JavaThread "Connection worker"                 [_thread_blocked, id=26452, stack(0x000000fffe600000,0x000000fffe700000) (1024K)]
  0x000002990fca2810 JavaThread "pool-589-thread-1"                 [_thread_blocked, id=40408, stack(0x000000fffe700000,0x000000fffe800000) (1024K)]
  0x000002990fca2ea0 JavaThread "Worker-3899: Initialize workspace"        [_thread_blocked, id=28236, stack(0x000000fffe900000,0x000000fffea00000) (1024K)]
  0x000002990fc9f390 JavaThread "Worker-3902: Initialize workspace"        [_thread_blocked, id=31968, stack(0x000000fffe800000,0x000000fffe900000) (1024K)]
  0x000002990fca0740 JavaThread "Connection worker"                 [_thread_blocked, id=38628, stack(0x000000fffea00000,0x000000fffeb00000) (1024K)]
  0x000002990fca1460 JavaThread "Connection worker"                 [_thread_blocked, id=27808, stack(0x000000ffa8000000,0x000000ffa8100000) (1024K)]
  0x000002990fc9fa20 JavaThread "pool-590-thread-1"                 [_thread_blocked, id=30888, stack(0x000000ffa7300000,0x000000ffa7400000) (1024K)]
  0x000002990fca3530 JavaThread "Connection worker"                 [_thread_blocked, id=13448, stack(0x000000ffcae00000,0x000000ffcaf00000) (1024K)]
  0x000002990fca00b0 JavaThread "Worker-3907: Initialize workspace"        [_thread_blocked, id=31620, stack(0x000000ffcab00000,0x000000ffcac00000) (1024K)]
  0x000002990fca3bc0 JavaThread "Connection worker"                 [_thread_blocked, id=33400, stack(0x000000fffd600000,0x000000fffd700000) (1024K)]
  0x000002990fca5600 JavaThread "Worker-3910: Initialize workspace"        [_thread_blocked, id=26648, stack(0x000000ffff200000,0x000000ffff300000) (1024K)]
  0x000002990fca4250 JavaThread "pool-591-thread-1"                 [_thread_blocked, id=22924, stack(0x000000fffef00000,0x000000ffff000000) (1024K)]
  0x000002990fca5c90 JavaThread "Worker-3913: Initialize workspace"        [_thread_blocked, id=26136, stack(0x000000ffff500000,0x000000ffff600000) (1024K)]
  0x000002990fca48e0 JavaThread "Worker-3918: Initialize workspace"        [_thread_blocked, id=20252, stack(0x000000ffff100000,0x000000ffff200000) (1024K)]
  0x000002990fca83f0 JavaThread "Worker-3924: Initialize workspace"        [_thread_blocked, id=26324, stack(0x000000ffff600000,0x000000ffff700000) (1024K)]
  0x000002990fca6320 JavaThread "Connection worker"                 [_thread_blocked, id=31648, stack(0x000000ffff700000,0x000000ffff800000) (1024K)]
  0x000002990fca8a80 JavaThread "pool-592-thread-1"                 [_thread_blocked, id=30780, stack(0x000000ffffb00000,0x000000ffffc00000) (1024K)]
  0x000002990fca7040 JavaThread "Worker-3929: Initialize workspace"        [_thread_blocked, id=3348, stack(0x000000ffff800000,0x000000ffff900000) (1024K)]
  0x000002990fca4f70 JavaThread "Worker-3933: Initialize workspace"        [_thread_blocked, id=23964, stack(0x000000ffffa00000,0x000000ffffb00000) (1024K)]
  0x000002990fca9e30 JavaThread "Connection worker"                 [_thread_blocked, id=34372, stack(0x000000fffff00000,0x0000010000000000) (1024K)]
  0x000002990fcaa4c0 JavaThread "pool-593-thread-1"                 [_thread_blocked, id=32976, stack(0x0000010000000000,0x0000010000100000) (1024K)]
  0x000002990fcacc20 JavaThread "Connection worker"                 [_thread_blocked, id=6732, stack(0x0000010000300000,0x0000010000400000) (1024K)]
  0x000002990fcae660 JavaThread "Connection worker"                 [_thread_blocked, id=26004, stack(0x0000010000400000,0x0000010000500000) (1024K)]
  0x000002990fcadfd0 JavaThread "Connection worker"                 [_thread_blocked, id=25400, stack(0x000000ffab500000,0x000000ffab600000) (1024K)]
  0x000002990fcab870 JavaThread "pool-594-thread-1"                 [_thread_blocked, id=27576, stack(0x0000010000700000,0x0000010000800000) (1024K)]
  0x000002990fcaf380 JavaThread "Worker-3942: Initialize workspace"        [_thread_blocked, id=33184, stack(0x000000ff9fd00000,0x000000ff9fe00000) (1024K)]
  0x000002990fcaecf0 JavaThread "Connection worker"                 [_thread_blocked, id=24132, stack(0x000000ff98500000,0x000000ff98600000) (1024K)]
  0x000002990fcb00a0 JavaThread "pool-595-thread-1"                 [_thread_blocked, id=13788, stack(0x000000ffa4f00000,0x000000ffa5000000) (1024K)]
  0x000002990fcb0730 JavaThread "Connection worker"                 [_thread_blocked, id=32656, stack(0x000000ffabf00000,0x000000ffac000000) (1024K)]
  0x000002990fc73560 JavaThread "Connection worker"                 [_thread_blocked, id=5748, stack(0x000000ffac200000,0x000000ffac300000) (1024K)]
  0x000002990fcabf00 JavaThread "Connection worker"                 [_thread_blocked, id=22652, stack(0x000000ff98e00000,0x000000ff98f00000) (1024K)]
  0x000002990fc721b0 JavaThread "pool-596-thread-1"                 [_thread_blocked, id=40524, stack(0x000000ffac000000,0x000000ffac100000) (1024K)]
  0x000002990fc72840 JavaThread "Connection worker"                 [_thread_blocked, id=2308, stack(0x000000ffb1a00000,0x000000ffb1b00000) (1024K)]
  0x000002990fc72ed0 JavaThread "Connection worker"                 [_thread_blocked, id=25860, stack(0x000000fffa600000,0x000000fffa700000) (1024K)]
  0x000002990fc700e0 JavaThread "Connection worker"                 [_thread_blocked, id=26556, stack(0x0000010000600000,0x0000010000700000) (1024K)]
  0x000002990fc74910 JavaThread "Connection worker"                 [_thread_blocked, id=33268, stack(0x0000010000b00000,0x0000010000c00000) (1024K)]
  0x000002990fc75630 JavaThread "Connection worker"                 [_thread_blocked, id=32044, stack(0x0000010000c00000,0x0000010000d00000) (1024K)]
  0x000002990fc74fa0 JavaThread "Connection worker"                 [_thread_blocked, id=40456, stack(0x0000010001000000,0x0000010001100000) (1024K)]
  0x000002990fc74280 JavaThread "pool-597-thread-1"                 [_thread_blocked, id=17036, stack(0x0000010001200000,0x0000010001300000) (1024K)]
  0x000002990fc78ab0 JavaThread "pool-598-thread-1"                 [_thread_blocked, id=17208, stack(0x0000010001400000,0x0000010001500000) (1024K)]
  0x000002990fc79140 JavaThread "Worker-3949: Initialize workspace"        [_thread_blocked, id=5080, stack(0x0000010000d00000,0x0000010000e00000) (1024K)]
  0x000002990fc797d0 JavaThread "Connection worker"                 [_thread_blocked, id=40472, stack(0x0000010001600000,0x0000010001700000) (1024K)]
  0x000002990fc79e60 JavaThread "Worker-3954: Initialize workspace"        [_thread_blocked, id=20248, stack(0x0000010001800000,0x0000010001900000) (1024K)]
  0x000002990fc77070 JavaThread "pool-599-thread-1"                 [_thread_blocked, id=35952, stack(0x0000010001300000,0x0000010001400000) (1024K)]
  0x000002990fc77700 JavaThread "pool-600-thread-1"                 [_thread_blocked, id=8520, stack(0x0000010001900000,0x0000010001a00000) (1024K)]
  0x000002990fc77d90 JavaThread "Connection worker"                 [_thread_blocked, id=38676, stack(0x0000010001c00000,0x0000010001d00000) (1024K)]
  0x000002990fc7f3b0 JavaThread "Worker-3962: Initialize workspace"        [_thread_blocked, id=17892, stack(0x0000010002100000,0x0000010002200000) (1024K)]
  0x000002990fc7bf30 JavaThread "Connection worker"                 [_thread_blocked, id=36556, stack(0x000000ffa9300000,0x000000ffa9400000) (1024K)]
  0x000002990fc7e000 JavaThread "pool-601-thread-1"                 [_thread_blocked, id=30808, stack(0x000000ff98b00000,0x000000ff98c00000) (1024K)]
  0x000002990fc80760 JavaThread "Connection worker"                 [_thread_blocked, id=7104, stack(0x0000010002300000,0x0000010002400000) (1024K)]
  0x000002990fc81b10 JavaThread "Connection worker"                 [_thread_blocked, id=33848, stack(0x0000010002800000,0x0000010002900000) (1024K)]
  0x000002990fc83550 JavaThread "Worker-3969: Initialize workspace"        [_thread_blocked, id=17300, stack(0x0000010002a00000,0x0000010002b00000) (1024K)]
  0x000002990fc84f90 JavaThread "pool-602-thread-1"                 [_thread_blocked, id=36676, stack(0x000000ff86300000,0x000000ff86400000) (1024K)]
  0x000002990fc83be0 JavaThread "Connection worker"                 [_thread_blocked, id=4556, stack(0x000000ffa4e00000,0x000000ffa4f00000) (1024K)]
  0x000002990fc85620 JavaThread "Connection worker"                 [_thread_blocked, id=24860, stack(0x000000ffabb00000,0x000000ffabc00000) (1024K)]
  0x000002990fc88410 JavaThread "Worker-3978: Initialize workspace"        [_thread_blocked, id=20700, stack(0x000000fffb700000,0x000000fffb800000) (1024K)]
  0x00000298f67b0420 JavaThread "Worker-3989: Initialize workspace"        [_thread_blocked, id=29520, stack(0x0000010003800000,0x0000010003900000) (1024K)]
  0x00000298f67b4c50 JavaThread "Connection worker"                 [_thread_blocked, id=37244, stack(0x0000010003900000,0x0000010003a00000) (1024K)]
  0x00000298f67ae350 JavaThread "Connection worker"                 [_thread_blocked, id=37108, stack(0x0000010003d00000,0x0000010003e00000) (1024K)]
  0x00000298f67c3f20 JavaThread "Connection worker"                 [_thread_blocked, id=20624, stack(0x000000ffb2d00000,0x000000ffb2e00000) (1024K)]
  0x00000298f67b3210 JavaThread "pool-604-thread-1"                 [_thread_blocked, id=30400, stack(0x000000ffb2a00000,0x000000ffb2b00000) (1024K)]
  0x0000029907a13d10 JavaThread "Worker-3998: Initialize workspace"        [_thread_blocked, id=11584, stack(0x0000010004200000,0x0000010004300000) (1024K)]
  0x0000029907a1e7b0 JavaThread "pool-605-thread-1"                 [_thread_blocked, id=25124, stack(0x0000010004400000,0x0000010004500000) (1024K)]
  0x00000298f80aad10 JavaThread "Connection worker"                 [_thread_blocked, id=27892, stack(0x0000010004300000,0x0000010004400000) (1024K)]
  0x000002990fc89130 JavaThread "pool-606-thread-1"                 [_thread_blocked, id=20456, stack(0x0000010004800000,0x0000010004900000) (1024K)]
  0x00000298fdd8dc30 JavaThread "Connection worker"                 [_thread_blocked, id=34760, stack(0x0000010004f00000,0x0000010005000000) (1024K)]
  0x00000298f8106190 JavaThread "Worker-4006: Initialize workspace"        [_thread_blocked, id=17392, stack(0x0000010005000000,0x0000010005100000) (1024K)]
  0x00000298f8106eb0 JavaThread "pool-607-thread-1"                 [_thread_blocked, id=20256, stack(0x0000010004900000,0x0000010004a00000) (1024K)]
  0x00000298fdd8fd00 JavaThread "Worker-4014: Initialize workspace"        [_thread_blocked, id=24116, stack(0x0000010005200000,0x0000010005300000) (1024K)]
  0x00000299102e4b70 JavaThread "Worker-4019: Initialize workspace"        [_thread_blocked, id=23880, stack(0x0000010005900000,0x0000010005a00000) (1024K)]
  0x00000299102e65b0 JavaThread "Connection worker"                 [_thread_blocked, id=13340, stack(0x000000ffa7b00000,0x000000ffa7c00000) (1024K)]
  0x00000299102ea750 JavaThread "Worker-4026: Initialize workspace"        [_thread_blocked, id=28272, stack(0x0000010006600000,0x0000010006700000) (1024K)]
  0x00000299102ee8f0 JavaThread "Connection worker"                 [_thread_blocked, id=17612, stack(0x0000010006b00000,0x0000010006c00000) (1024K)]
  0x00000299102e8d10 JavaThread "Connection worker"                 [_thread_blocked, id=16396, stack(0x0000010006c00000,0x0000010006d00000) (1024K)]
  0x00000299102efca0 JavaThread "Connection worker"                 [_thread_blocked, id=24928, stack(0x0000010006f00000,0x0000010007000000) (1024K)]
  0x00000299102ec820 JavaThread "pool-610-thread-1"                 [_thread_blocked, id=32832, stack(0x0000010006d00000,0x0000010006e00000) (1024K)]
  0x00000299102edbd0 JavaThread "Worker-4036: Initialize workspace"        [_thread_blocked, id=20156, stack(0x0000010007200000,0x0000010007300000) (1024K)]
  0x00000299102ef610 JavaThread "pool-611-thread-1"                 [_thread_blocked, id=5684, stack(0x000000fff0500000,0x000000fff0600000) (1024K)]
  0x00000299102f1d70 JavaThread "Worker-4041: Initialize workspace"        [_thread_blocked, id=27968, stack(0x0000010007700000,0x0000010007800000) (1024K)]
  0x00000299102f51f0 JavaThread "Connection worker"                 [_thread_blocked, id=27908, stack(0x0000010007a00000,0x0000010007b00000) (1024K)]
  0x00000299102f65a0 JavaThread "Connection worker"                 [_thread_blocked, id=20692, stack(0x0000010007e00000,0x0000010007f00000) (1024K)]
  0x00000299102f3120 JavaThread "pool-612-thread-1"                 [_thread_blocked, id=38592, stack(0x0000010008000000,0x0000010008100000) (1024K)]
  0x00000299102f6c30 JavaThread "pool-613-thread-1"                 [_thread_blocked, id=27532, stack(0x0000010008100000,0x0000010008200000) (1024K)]
  0x00000299102f72c0 JavaThread "Worker-4048: Initialize workspace"        [_thread_blocked, id=4024, stack(0x0000010008200000,0x0000010008300000) (1024K)]
  0x00000299102f7fe0 JavaThread "Worker-4053: Initialize workspace"        [_thread_blocked, id=30160, stack(0x0000010008400000,0x0000010008500000) (1024K)]
  0x00000299102f9390 JavaThread "Connection worker"                 [_thread_blocked, id=28852, stack(0x0000010008600000,0x0000010008700000) (1024K)]
  0x00000299102f5f10 JavaThread "Worker-4057: Initialize workspace"        [_thread_blocked, id=25696, stack(0x000000ff84700000,0x000000ff84800000) (1024K)]
  0x00000299102f3e40 JavaThread "Worker-4062: Initialize workspace"        [_thread_blocked, id=23288, stack(0x000000ff91f00000,0x000000ff92000000) (1024K)]
  0x00000299102fa740 JavaThread "Connection worker"                 [_thread_blocked, id=40672, stack(0x0000010008800000,0x0000010008900000) (1024K)]
  0x00000299102fc810 JavaThread "Connection worker"                 [_thread_blocked, id=21492, stack(0x0000010008900000,0x0000010008a00000) (1024K)]
  0x00000299102fbaf0 JavaThread "pool-614-thread-1"                 [_thread_blocked, id=11040, stack(0x0000010008a00000,0x0000010008b00000) (1024K)]
  0x00000299102fe8e0 JavaThread "Connection worker"                 [_thread_blocked, id=21088, stack(0x0000010008d00000,0x0000010008e00000) (1024K)]
  0x00000299102fc180 JavaThread "pool-615-thread-1"                 [_thread_blocked, id=24416, stack(0x0000010008c00000,0x0000010008d00000) (1024K)]
  0x00000299103009b0 JavaThread "Worker-4069: Initialize workspace"        [_thread_blocked, id=37956, stack(0x0000010009200000,0x0000010009300000) (1024K)]
  0x00000299102fdbc0 JavaThread "pool-616-thread-1"                 [_thread_blocked, id=16900, stack(0x0000010009400000,0x0000010009500000) (1024K)]
  0x0000029910301d60 JavaThread "Connection worker"                 [_thread_blocked, id=40360, stack(0x0000010009500000,0x0000010009600000) (1024K)]
  0x00000299102fcea0 JavaThread "Worker-4076: Initialize workspace"        [_thread_blocked, id=13604, stack(0x0000010008f00000,0x0000010009000000) (1024K)]
  0x00000299103023f0 JavaThread "Connection worker"                 [_thread_blocked, id=2160, stack(0x000000ff85500000,0x000000ff85600000) (1024K)]
  0x00000299102ff600 JavaThread "pool-617-thread-1"                 [_thread_blocked, id=11500, stack(0x000000ff8b800000,0x000000ff8b900000) (1024K)]
  0x0000029910301040 JavaThread "Connection worker"                 [_thread_blocked, id=25628, stack(0x0000010009100000,0x0000010009200000) (1024K)]
  0x0000029910303110 JavaThread "Connection worker"                 [_thread_blocked, id=20712, stack(0x0000010009600000,0x0000010009700000) (1024K)]
  0x00000299103016d0 JavaThread "Connection worker"                 [_thread_blocked, id=5028, stack(0x0000010009a00000,0x0000010009b00000) (1024K)]
  0x00000299102fd530 JavaThread "Worker-4082: Initialize workspace"        [_thread_blocked, id=14196, stack(0x000000ffb1e00000,0x000000ffb1f00000) (1024K)]
  0x0000029910305f00 JavaThread "pool-618-thread-1"                 [_thread_blocked, id=23936, stack(0x0000010009b00000,0x0000010009c00000) (1024K)]
  0x0000029910306590 JavaThread "Worker-4089: Initialize workspace"        [_thread_blocked, id=19864, stack(0x0000010009c00000,0x0000010009d00000) (1024K)]
  0x0000029910307fd0 JavaThread "Worker-4094: Initialize workspace"        [_thread_blocked, id=22484, stack(0x000001000a200000,0x000001000a300000) (1024K)]
  0x00000299102ca770 JavaThread "Worker-4097: Initialize workspace"        [_thread_blocked, id=37992, stack(0x000001000aa00000,0x000001000ab00000) (1024K)]
  0x00000299102ce910 JavaThread "Worker-4103: Initialize workspace"        [_thread_blocked, id=32568, stack(0x000001000b100000,0x000001000b200000) (1024K)]
  0x00000299102d3140 JavaThread "Connection worker"                 [_thread_blocked, id=15488, stack(0x000001000b700000,0x000001000b800000) (1024K)]
  0x00000299102d37d0 JavaThread "pool-620-thread-1"                 [_thread_blocked, id=2824, stack(0x000000ffbb000000,0x000000ffbb100000) (1024K)]
  0x00000299102d3e60 JavaThread "Worker-4110: Initialize workspace"        [_thread_blocked, id=30876, stack(0x000000ffbae00000,0x000000ffbaf00000) (1024K)]
  0x00000299102d5210 JavaThread "Connection worker"                 [_thread_blocked, id=34608, stack(0x000001000bd00000,0x000001000be00000) (1024K)]
  0x00000299102d2420 JavaThread "Connection worker"                 [_thread_blocked, id=22684, stack(0x000001000ba00000,0x000001000bb00000) (1024K)]
  0x00000299102d7970 JavaThread "Connection worker"                 [_thread_blocked, id=1096, stack(0x000001000c000000,0x000001000c100000) (1024K)]
  0x00000299102d8690 JavaThread "Connection worker"                 [_thread_blocked, id=7892, stack(0x000001000c100000,0x000001000c200000) (1024K)]
  0x00000299102d5f30 JavaThread "pool-621-thread-1"                 [_thread_blocked, id=31140, stack(0x000001000c300000,0x000001000c400000) (1024K)]
  0x00000299102d8d20 JavaThread "pool-622-thread-1"                 [_thread_blocked, id=18936, stack(0x000001000c400000,0x000001000c500000) (1024K)]
  0x00000299102d8000 JavaThread "Worker-4117: Initialize workspace"        [_thread_blocked, id=34784, stack(0x000001000c200000,0x000001000c300000) (1024K)]
  0x00000299102d58a0 JavaThread "pool-623-thread-1"                 [_thread_blocked, id=27512, stack(0x000001000c500000,0x000001000c600000) (1024K)]
  0x00000299102d65c0 JavaThread "Connection worker"                 [_thread_blocked, id=26508, stack(0x000001000c800000,0x000001000c900000) (1024K)]
  0x00000299102d6c50 JavaThread "pool-624-thread-1"                 [_thread_blocked, id=40376, stack(0x000001000ca00000,0x000001000cb00000) (1024K)]
  0x00000299102d9a40 JavaThread "Worker-4121: Initialize workspace"        [_thread_blocked, id=39820, stack(0x000001000c700000,0x000001000c800000) (1024K)]
  0x00000299102d72e0 JavaThread "Connection worker"                 [_thread_blocked, id=41008, stack(0x000001000cc00000,0x000001000cd00000) (1024K)]
  0x00000299102ddbe0 JavaThread "pool-625-thread-1"                 [_thread_blocked, id=41152, stack(0x000001000cf00000,0x000001000d000000) (1024K)]
  0x00000299102dcec0 JavaThread "Worker-4128: Initialize workspace"        [_thread_blocked, id=41380, stack(0x000001000d200000,0x000001000d300000) (1024K)]
  0x00000299102def90 JavaThread "Connection worker"                 [_thread_blocked, id=41592, stack(0x000001000d400000,0x000001000d500000) (1024K)]
  0x00000299102de900 JavaThread "pool-626-thread-1"                 [_thread_blocked, id=40840, stack(0x000001000d100000,0x000001000d200000) (1024K)]
  0x00000299102dbb10 JavaThread "Connection worker"                 [_thread_blocked, id=30748, stack(0x000001000d500000,0x000001000d600000) (1024K)]
  0x00000299102dc1a0 JavaThread "pool-627-thread-1"                 [_thread_blocked, id=28404, stack(0x000001000d600000,0x000001000d700000) (1024K)]
  0x00000298f4881550 JavaThread "Worker-4138: Initialize workspace"        [_thread_blocked, id=6504, stack(0x000001000f400000,0x000001000f500000) (1024K)]
  0x000002991122de80 JavaThread "Connection worker"                 [_thread_blocked, id=24380, stack(0x000001000f700000,0x000001000f800000) (1024K)]
  0x000002991122e510 JavaThread "pool-628-thread-1"                 [_thread_blocked, id=25956, stack(0x000001000fc00000,0x000001000fd00000) (1024K)]
  0x00000299112305e0 JavaThread "Worker-4145: Initialize workspace"        [_thread_blocked, id=12372, stack(0x000001000fe00000,0x000001000ff00000) (1024K)]
  0x000002991122eba0 JavaThread "Connection worker"                 [_thread_blocked, id=32752, stack(0x0000010010700000,0x0000010010800000) (1024K)]
  0x00000299112333d0 JavaThread "pool-629-thread-1"                 [_thread_blocked, id=23444, stack(0x000000ffd3a00000,0x000000ffd3b00000) (1024K)]
  0x0000029911234e10 JavaThread "Worker-4152: Initialize workspace"        [_thread_blocked, id=28808, stack(0x0000010010300000,0x0000010010400000) (1024K)]
  0x0000029911238920 JavaThread "Connection worker"                 [_thread_blocked, id=43560, stack(0x0000010010d00000,0x0000010010e00000) (1024K)]
  0x0000029911236ee0 JavaThread "pool-630-thread-1"                 [_thread_blocked, id=43564, stack(0x0000010011800000,0x0000010011900000) (1024K)]
  0x0000029911238fb0 JavaThread "Connection worker"                 [_thread_blocked, id=40224, stack(0x000000ff8dc00000,0x000000ff8dd00000) (1024K)]
  0x00000299112361c0 JavaThread "Connection worker"                 [_thread_blocked, id=42072, stack(0x000000ff91800000,0x000000ff91900000) (1024K)]
  0x000002991123de70 JavaThread "Worker-4161: Initialize workspace"        [_thread_blocked, id=43592, stack(0x000000ffae300000,0x000000ffae400000) (1024K)]
  0x0000029911241980 JavaThread "Worker-4167: Initialize workspace"        [_thread_blocked, id=13296, stack(0x0000010003100000,0x0000010003200000) (1024K)]
  0x000002991123e500 JavaThread "Connection worker"                 [_thread_blocked, id=43012, stack(0x0000010004700000,0x0000010004800000) (1024K)]
  0x0000029911242010 JavaThread "Connection worker"                 [_thread_blocked, id=12792, stack(0x0000010003e00000,0x0000010003f00000) (1024K)]
  0x0000029911240c60 JavaThread "pool-631-thread-1"                 [_thread_blocked, id=29692, stack(0x0000010005800000,0x0000010005900000) (1024K)]
  0x0000029911242d30 JavaThread "pool-632-thread-1"                 [_thread_blocked, id=14112, stack(0x0000010005a00000,0x0000010005b00000) (1024K)]
  0x00000299112405d0 JavaThread "Worker-4174: Initialize workspace"        [_thread_blocked, id=44512, stack(0x0000010005e00000,0x0000010005f00000) (1024K)]
  0x0000029911246ed0 JavaThread "Connection worker"                 [_thread_blocked, id=44948, stack(0x0000010007900000,0x0000010007a00000) (1024K)]
  0x00000299112461b0 JavaThread "pool-633-thread-1"                 [_thread_blocked, id=12216, stack(0x0000010006500000,0x0000010006600000) (1024K)]
  0x0000029911246840 JavaThread "Worker-4181: Initialize workspace"        [_thread_blocked, id=27552, stack(0x000000ffada00000,0x000000ffadb00000) (1024K)]
  0x000002991124b070 JavaThread "Worker-4185: Initialize workspace"        [_thread_blocked, id=43872, stack(0x0000010006400000,0x0000010006500000) (1024K)]
  0x000002991124cab0 JavaThread "Connection worker"                 [_thread_blocked, id=44628, stack(0x0000010007c00000,0x0000010007d00000) (1024K)]
  0x000002991124b700 JavaThread "Worker-4192: Initialize workspace"        [_thread_blocked, id=14780, stack(0x0000010007f00000,0x0000010008000000) (1024K)]
  0x000002991124f8a0 JavaThread "pool-634-thread-1"                 [_thread_blocked, id=31836, stack(0x0000010005600000,0x0000010005700000) (1024K)]
  0x000002991124c420 JavaThread "Connection worker"                 [_thread_blocked, id=24128, stack(0x0000010009300000,0x0000010009400000) (1024K)]
  0x000002991124ff30 JavaThread "Connection worker"                 [_thread_blocked, id=28640, stack(0x0000010009800000,0x0000010009900000) (1024K)]
  0x000002991124e4f0 JavaThread "pool-635-thread-1"                 [_thread_blocked, id=32548, stack(0x0000010005500000,0x0000010005600000) (1024K)]
  0x0000029911251970 JavaThread "pool-636-thread-1"                 [_thread_blocked, id=19024, stack(0x000001000a400000,0x000001000a500000) (1024K)]
  0x0000029911252d20 JavaThread "Worker-4199: Initialize workspace"        [_thread_blocked, id=35648, stack(0x0000010009900000,0x0000010009a00000) (1024K)]
  0x0000029911250c50 JavaThread "Worker-4205: Initialize workspace"        [_thread_blocked, id=39572, stack(0x000001000a500000,0x000001000a600000) (1024K)]
  0x00000299112533b0 JavaThread "Connection worker"                 [_thread_blocked, id=38432, stack(0x000001000ae00000,0x000001000af00000) (1024K)]
  0x0000029911252000 JavaThread "Connection worker"                 [_thread_blocked, id=38944, stack(0x000001000ac00000,0x000001000ad00000) (1024K)]
  0x00000299112540d0 JavaThread "pool-637-thread-1"                 [_thread_blocked, id=44196, stack(0x000001000b000000,0x000001000b100000) (1024K)]
  0x0000029911254df0 JavaThread "pool-638-thread-1"                 [_thread_blocked, id=42664, stack(0x0000010004b00000,0x0000010004c00000) (1024K)]
  0x000002991122b090 JavaThread "Connection worker"                 [_thread_blocked, id=40076, stack(0x000000ff90000000,0x000000ff90100000) (1024K)]
  0x000002991122d7f0 JavaThread "Connection worker"                 [_thread_blocked, id=22560, stack(0x000000ff81700000,0x000000ff81800000) (1024K)]
  0x0000029911248910 JavaThread "Connection worker"                 [_thread_blocked, id=33980, stack(0x000000ff82500000,0x000000ff82600000) (1024K)]
  0x000002991124eb80 JavaThread "Worker-4215: Initialize workspace"        [_thread_blocked, id=39864, stack(0x000000ffa7100000,0x000000ffa7200000) (1024K)]
  0x0000029911252690 JavaThread "Connection worker"                 [_thread_blocked, id=40112, stack(0x000000ffa8a00000,0x000000ffa8b00000) (1024K)]
  0x0000029911248280 JavaThread "pool-639-thread-1"                 [_thread_blocked, id=31972, stack(0x000000ff9fa00000,0x000000ff9fb00000) (1024K)]
  0x000002991122b720 JavaThread "Worker-4223: Initialize workspace"        [_thread_blocked, id=2388, stack(0x000000ff8ec00000,0x000000ff8ed00000) (1024K)]
  0x000002991122cad0 JavaThread "Worker-4229: Initialize workspace"        [_thread_blocked, id=20044, stack(0x000000ffe7000000,0x000000ffe7100000) (1024K)]
  0x0000029911236850 JavaThread "Worker-4234: Initialize workspace"        [_thread_blocked, id=42604, stack(0x0000010002c00000,0x0000010002d00000) (1024K)]
  0x000002991123d150 JavaThread "Connection worker"                 [_thread_blocked, id=22912, stack(0x000000ffda200000,0x000000ffda300000) (1024K)]
  0x000002991123a9f0 JavaThread "Worker-4240: Initialize workspace"        [_thread_blocked, id=34776, stack(0x0000010002b00000,0x0000010002c00000) (1024K)]
  0x000002991123b710 JavaThread "pool-640-thread-1"                 [_thread_blocked, id=42900, stack(0x0000010002f00000,0x0000010003000000) (1024K)]
  0x000002991123a360 JavaThread "Connection worker"                 [_thread_blocked, id=33008, stack(0x0000010003200000,0x0000010003300000) (1024K)]
  0x000002991123f220 JavaThread "Connection worker"                 [_thread_blocked, id=6932, stack(0x0000010003300000,0x0000010003400000) (1024K)]
  0x000002991123bda0 JavaThread "pool-641-thread-1"                 [_thread_blocked, id=42864, stack(0x0000010003400000,0x0000010003500000) (1024K)]
  0x00000299112433c0 JavaThread "pool-642-thread-1"                 [_thread_blocked, id=1808, stack(0x0000010003600000,0x0000010003700000) (1024K)]
  0x000002991123ff40 JavaThread "Worker-4245: Initialize workspace"        [_thread_blocked, id=39996, stack(0x0000010003c00000,0x0000010003d00000) (1024K)]
  0x0000029911258270 JavaThread "Connection worker"                 [_thread_blocked, id=24872, stack(0x0000010005b00000,0x0000010005c00000) (1024K)]
  0x000002991125b6f0 JavaThread "pool-643-thread-1"                 [_thread_blocked, id=41216, stack(0x0000010006000000,0x0000010006100000) (1024K)]
  0x0000029911258f90 JavaThread "Worker-4252: Initialize workspace"        [_thread_blocked, id=3288, stack(0x0000010006700000,0x0000010006800000) (1024K)]
  0x000002991125c410 JavaThread "Connection worker"                 [_thread_blocked, id=25232, stack(0x0000010007300000,0x0000010007400000) (1024K)]
  0x000002991125d130 JavaThread "Worker-4258: Initialize workspace"        [_thread_blocked, id=36996, stack(0x0000010007500000,0x0000010007600000) (1024K)]
  0x000002991125f200 JavaThread "pool-645-thread-1"                 [_thread_blocked, id=21216, stack(0x0000010006e00000,0x0000010006f00000) (1024K)]
  0x000002991125eb70 JavaThread "Connection worker"                 [_thread_blocked, id=39912, stack(0x0000010007600000,0x0000010007700000) (1024K)]
  0x000002991125de50 JavaThread "Worker-4262: Initialize workspace"        [_thread_blocked, id=37412, stack(0x000000ff86e00000,0x000000ff86f00000) (1024K)]
  0x000002991125d7c0 JavaThread "Worker-4264: Initialize workspace"        [_thread_blocked, id=27044, stack(0x000000ffdba00000,0x000000ffdbb00000) (1024K)]
  0x0000029911260c40 JavaThread "Worker-4269: Initialize workspace"        [_thread_blocked, id=20996, stack(0x0000010008300000,0x0000010008400000) (1024K)]
  0x0000029911261ff0 JavaThread "Worker-4273: Initialize workspace"        [_thread_blocked, id=18152, stack(0x0000010007d00000,0x0000010007e00000) (1024K)]
  0x0000029911264750 JavaThread "Connection worker"                 [_thread_blocked, id=24808, stack(0x000001000b800000,0x000001000b900000) (1024K)]
  0x0000029911268260 JavaThread "Connection worker"                 [_thread_blocked, id=39172, stack(0x000001000bf00000,0x000001000c000000) (1024K)]
  0x0000029911269610 JavaThread "pool-648-thread-1"                 [_thread_blocked, id=40168, stack(0x000001000cb00000,0x000001000cc00000) (1024K)]
  0x0000029911266820 JavaThread "Worker-4280: Initialize workspace"        [_thread_blocked, id=3056, stack(0x000001000d300000,0x000001000d400000) (1024K)]
  0x000002991126a330 JavaThread "pool-649-thread-1"                 [_thread_blocked, id=33928, stack(0x000001000d800000,0x000001000d900000) (1024K)]
  0x0000029910302a80 JavaThread "Connection worker"                 [_thread_blocked, id=21108, stack(0x000001000dc00000,0x000001000dd00000) (1024K)]
  0x00000299102ffc90 JavaThread "Connection worker"                 [_thread_blocked, id=41524, stack(0x000001000dd00000,0x000001000de00000) (1024K)]
  0x0000029910304b50 JavaThread "Worker-4284: Initialize workspace"        [_thread_blocked, id=30472, stack(0x000001000e100000,0x000001000e200000) (1024K)]
  0x00000299102cae00 JavaThread "pool-650-thread-1"                 [_thread_blocked, id=39580, stack(0x000000fff8300000,0x000000fff8400000) (1024K)]
  0x00000299102c93c0 JavaThread "pool-651-thread-1"                 [_thread_blocked, id=35288, stack(0x000001000e900000,0x000001000ea00000) (1024K)]
  0x00000299102cb490 JavaThread "Worker-4288: Initialize workspace"        [_thread_blocked, id=44924, stack(0x000001000ea00000,0x000001000eb00000) (1024K)]
  0x00000299102cced0 JavaThread "Worker-4290: Initialize workspace"        [_thread_blocked, id=42716, stack(0x000001000f500000,0x000001000f600000) (1024K)]
  0x00000299102cfcc0 JavaThread "Worker-4292: Initialize workspace"        [_thread_blocked, id=39148, stack(0x0000010003f00000,0x0000010004000000) (1024K)]
  0x00000299102d1070 JavaThread "Connection worker"                 [_thread_blocked, id=22360, stack(0x000001000f300000,0x000001000f400000) (1024K)]
  0x00000299102d1700 JavaThread "Connection worker"                 [_thread_blocked, id=29844, stack(0x000001000f800000,0x000001000f900000) (1024K)]
  0x00000299102ce280 JavaThread "pool-653-thread-1"                 [_thread_blocked, id=38184, stack(0x000001000f900000,0x000001000fa00000) (1024K)]
  0x00000299102d4b80 JavaThread "pool-654-thread-1"                 [_thread_blocked, id=41660, stack(0x000001000fb00000,0x000001000fc00000) (1024K)]
  0x00000299102dadf0 JavaThread "Worker-4298: Initialize workspace"        [_thread_blocked, id=39548, stack(0x0000010006100000,0x0000010006200000) (1024K)]
  0x00000299102e0340 JavaThread "Connection worker"                 [_thread_blocked, id=39364, stack(0x0000010010600000,0x0000010010700000) (1024K)]
  0x00000299102e2410 JavaThread "Connection worker"                 [_thread_blocked, id=19872, stack(0x0000010010800000,0x0000010010900000) (1024K)]
  0x00000299102d44f0 JavaThread "pool-655-thread-1"                 [_thread_blocked, id=22008, stack(0x000000ff91600000,0x000000ff91700000) (1024K)]
  0x00000299102dfcb0 JavaThread "pool-656-thread-1"                 [_thread_blocked, id=23724, stack(0x0000010005300000,0x0000010005400000) (1024K)]
  0x00000299102e16f0 JavaThread "Worker-4307: Initialize workspace"        [_thread_blocked, id=26432, stack(0x0000010010500000,0x0000010010600000) (1024K)]
  0x00000299102e9a30 JavaThread "Worker-4309: Initialize workspace"        [_thread_blocked, id=27764, stack(0x0000010011700000,0x0000010011800000) (1024K)]
  0x00000299102ea0c0 JavaThread "Worker-4314: Initialize workspace"        [_thread_blocked, id=34188, stack(0x0000010010c00000,0x0000010010d00000) (1024K)]
  0x00000299102ee260 JavaThread "Connection worker"                 [_thread_blocked, id=33716, stack(0x0000010011f00000,0x0000010012000000) (1024K)]
  0x00000299102eef80 JavaThread "Connection worker"                 [_thread_blocked, id=41016, stack(0x0000010012000000,0x0000010012100000) (1024K)]
  0x00000299102ec190 JavaThread "pool-657-thread-1"                 [_thread_blocked, id=15300, stack(0x0000010012100000,0x0000010012200000) (1024K)]
  0x00000299102f16e0 JavaThread "Worker-4321: Initialize workspace"        [_thread_blocked, id=33468, stack(0x0000010012500000,0x0000010012600000) (1024K)]
  0x00000299102f2400 JavaThread "pool-659-thread-1"                 [_thread_blocked, id=42600, stack(0x0000010012400000,0x0000010012500000) (1024K)]
  0x00000299102f09c0 JavaThread "Worker-4324: Initialize workspace"        [_thread_blocked, id=40072, stack(0x0000010012600000,0x0000010012700000) (1024K)]
  0x00000299102f1050 JavaThread "Connection worker"                 [_thread_blocked, id=43032, stack(0x0000010012700000,0x0000010012800000) (1024K)]
  0x0000029910308660 JavaThread "Connection worker"                 [_thread_blocked, id=39476, stack(0x0000010013000000,0x0000010013100000) (1024K)]
  0x00000299102e1060 JavaThread "pool-660-thread-1"                 [_thread_blocked, id=40220, stack(0x000000ffadf00000,0x000000ffae000000) (1024K)]
  0x000002990fc70770 JavaThread "pool-661-thread-1"                 [_thread_blocked, id=41168, stack(0x000000ffb1500000,0x000000ffb1600000) (1024K)]
  0x000002990fc71b20 JavaThread "Connection worker"                 [_thread_blocked, id=44860, stack(0x000000ffb1300000,0x000000ffb1400000) (1024K)]
  0x000002990fc75cc0 JavaThread "Connection worker"                 [_thread_blocked, id=18112, stack(0x000000ff83500000,0x000000ff83600000) (1024K)]
  0x000002990fc7b210 JavaThread "Worker-4330: Initialize workspace"        [_thread_blocked, id=41844, stack(0x000000ffc3600000,0x000000ffc3700000) (1024K)]
  0x000002990fc7d970 JavaThread "Connection worker"                 [_thread_blocked, id=40236, stack(0x000000ff96e00000,0x000000ff96f00000) (1024K)]
  0x000002990fc7e690 JavaThread "Connection worker"                 [_thread_blocked, id=11044, stack(0x000000ff81d00000,0x000000ff81e00000) (1024K)]
  0x000002990fc7c5c0 JavaThread "pool-662-thread-1"                 [_thread_blocked, id=7736, stack(0x0000010013100000,0x0000010013200000) (1024K)]
  0x000002990fc7fa40 JavaThread "Worker-4334: Initialize workspace"        [_thread_blocked, id=11132, stack(0x0000010013400000,0x0000010013500000) (1024K)]
  0x000002990fc7cc50 JavaThread "Connection worker"                 [_thread_blocked, id=41492, stack(0x000000ffc7000000,0x000000ffc7100000) (1024K)]
  0x000002990fc81480 JavaThread "Worker-4338: Initialize workspace"        [_thread_blocked, id=40340, stack(0x000000ffcca00000,0x000000ffccb00000) (1024K)]
  0x000002990fc7ed20 JavaThread "Worker-4342: Initialize workspace"        [_thread_blocked, id=39036, stack(0x0000010012300000,0x0000010012400000) (1024K)]
  0x000002990fc84270 JavaThread "Connection worker"                 [_thread_blocked, id=40272, stack(0x000000ff82900000,0x000000ff82a00000) (1024K)]
  0x000002990fc84900 JavaThread "Connection worker"                 [_thread_blocked, id=39948, stack(0x000000ff92500000,0x000000ff92600000) (1024K)]
  0x000002990fc82ec0 JavaThread "Connection worker"                 [_thread_blocked, id=33084, stack(0x000000ff98d00000,0x000000ff98e00000) (1024K)]
  0x000002990fc88aa0 JavaThread "Connection worker"                 [_thread_blocked, id=47108, stack(0x000000ff9c800000,0x000000ff9c900000) (1024K)]
  0x000002990fc80df0 JavaThread "Connection worker"                 [_thread_blocked, id=47380, stack(0x000000ff9b700000,0x000000ff9b800000) (1024K)]
  0x000002990fc70e00 JavaThread "Worker-4350: Initialize workspace"        [_thread_blocked, id=47388, stack(0x000000ff95500000,0x000000ff95600000) (1024K)]
  0x000002990fc85cb0 JavaThread "pool-663-thread-1"                 [_thread_blocked, id=47392, stack(0x000000ffa4700000,0x000000ffa4800000) (1024K)]
  0x000002990fc87060 JavaThread "Connection worker"                 [_thread_blocked, id=47396, stack(0x000000ffa4800000,0x000000ffa4900000) (1024K)]
  0x000002990fc876f0 JavaThread "Connection worker"                 [_thread_blocked, id=47400, stack(0x000000ff80500000,0x000000ff80600000) (1024K)]
  0x000002990fc87d80 JavaThread "pool-664-thread-1"                 [_thread_blocked, id=47404, stack(0x000000ff86100000,0x000000ff86200000) (1024K)]
  0x000002990fcaab50 JavaThread "Connection worker"                 [_thread_blocked, id=47564, stack(0x000000ff9b800000,0x000000ff9b900000) (1024K)]
  0x00000299079ed430 JavaThread "Connection worker"                 [_thread_blocked, id=47668, stack(0x000000ffff000000,0x000000ffff100000) (1024K)]
  0x00000299079f0f40 JavaThread "pool-666-thread-1"                 [_thread_blocked, id=47808, stack(0x0000010008500000,0x0000010008600000) (1024K)]
  0x00000299079f9280 JavaThread "Worker-4356: Initialize workspace"        [_thread_blocked, id=47812, stack(0x0000010008700000,0x0000010008800000) (1024K)]
  0x0000029907a2b320 JavaThread "Worker-4360: Initialize workspace"        [_thread_blocked, id=48108, stack(0x0000010013800000,0x0000010013900000) (1024K)]
  0x0000029907a0daa0 JavaThread "Connection worker"                 [_thread_blocked, id=38256, stack(0x0000010011500000,0x0000010011600000) (1024K)]
  0x000002991122c440 JavaThread "Connection worker"                 [_thread_blocked, id=30656, stack(0x0000010013900000,0x0000010013a00000) (1024K)]
  0x000002991123f8b0 JavaThread "pool-667-thread-1"                 [_thread_blocked, id=7904, stack(0x0000010013b00000,0x0000010013c00000) (1024K)]
  0x0000029911243a50 JavaThread "pool-668-thread-1"                 [_thread_blocked, id=18332, stack(0x0000010013c00000,0x0000010013d00000) (1024K)]
  0x0000029911247bf0 JavaThread "Worker-4364: Initialize workspace"        [_thread_blocked, id=30840, stack(0x0000010013e00000,0x0000010013f00000) (1024K)]
  0x000002991124d7d0 JavaThread "Connection worker"                 [_thread_blocked, id=40124, stack(0x0000010013f00000,0x0000010014000000) (1024K)]
  0x0000029911259cb0 JavaThread "Worker-4370: Initialize workspace"        [_thread_blocked, id=46852, stack(0x0000010014100000,0x0000010014200000) (1024K)]
  0x000002991124de60 JavaThread "pool-669-thread-1"                 [_thread_blocked, id=30224, stack(0x0000010014000000,0x0000010014100000) (1024K)]
  0x0000029911257550 JavaThread "Worker-4372: Initialize workspace"        [_thread_blocked, id=40648, stack(0x0000010014300000,0x0000010014400000) (1024K)]
  0x00000299112426a0 JavaThread "Worker-4375: Initialize workspace"        [_thread_blocked, id=46536, stack(0x0000010014500000,0x0000010014600000) (1024K)]
  0x000002991125a9d0 JavaThread "Worker-4378: Initialize workspace"        [_thread_blocked, id=46544, stack(0x0000010014600000,0x0000010014700000) (1024K)]
  0x0000029911262680 JavaThread "Worker-4381: Initialize workspace"        [_thread_blocked, id=47740, stack(0x0000010014200000,0x0000010014300000) (1024K)]
  0x0000029908d2c050 JavaThread "Connection worker"                 [_thread_blocked, id=47860, stack(0x0000010014700000,0x0000010014800000) (1024K)]
  0x0000029908d2d400 JavaThread "Worker-4384: Initialize workspace"        [_thread_blocked, id=10248, stack(0x0000010014900000,0x0000010014a00000) (1024K)]
  0x0000029908d2e120 JavaThread "pool-670-thread-1"                 [_thread_blocked, id=11304, stack(0x0000010014400000,0x0000010014500000) (1024K)]
  0x0000029908d050e0 JavaThread "Worker-4389: Initialize workspace"        [_thread_blocked, id=40248, stack(0x0000010014b00000,0x0000010014c00000) (1024K)]
  0x0000029908d09280 JavaThread "Connection worker"                 [_thread_blocked, id=25080, stack(0x0000010014c00000,0x0000010014d00000) (1024K)]
  0x0000029908d12970 JavaThread "pool-671-thread-1"                 [_thread_blocked, id=17872, stack(0x0000010014e00000,0x0000010014f00000) (1024K)]
  0x0000029908d1a620 JavaThread "Worker-4395: Initialize workspace"        [_thread_blocked, id=1432, stack(0x0000010015100000,0x0000010015200000) (1024K)]
  0x00000299102e6c40 JavaThread "Connection worker"                 [_thread_blocked, id=16784, stack(0x0000010015200000,0x0000010015300000) (1024K)]
  0x00000299102e5200 JavaThread "pool-672-thread-1"                 [_thread_blocked, id=47908, stack(0x0000010015300000,0x0000010015400000) (1024K)]
  0x00000299102e3e50 JavaThread "Connection worker"                 [_thread_blocked, id=11528, stack(0x0000010015500000,0x0000010015600000) (1024K)]
  0x00000299102e5890 JavaThread "pool-673-thread-1"                 [_thread_blocked, id=43800, stack(0x0000010015600000,0x0000010015700000) (1024K)]
  0x00000299102f0330 JavaThread "Connection worker"                 [_thread_blocked, id=23776, stack(0x0000010015700000,0x0000010015800000) (1024K)]
  0x00000299102f4b60 JavaThread "Connection worker"                 [_thread_blocked, id=33744, stack(0x0000010015800000,0x0000010015900000) (1024K)]
  0x00000299102f8670 JavaThread "pool-674-thread-1"                 [_thread_blocked, id=41156, stack(0x0000010015900000,0x0000010015a00000) (1024K)]
  0x00000299102e1d80 JavaThread "Worker-4399: Initialize workspace"        [_thread_blocked, id=11328, stack(0x0000010015a00000,0x0000010015b00000) (1024K)]
  0x00000298fdda8030 JavaThread "Connection worker"                 [_thread_blocked, id=47796, stack(0x000000ffb5600000,0x000000ffb5700000) (1024K)]
  0x00000298fdd8efe0 JavaThread "pool-675-thread-1"                 [_thread_blocked, id=1456, stack(0x0000010015400000,0x0000010015500000) (1024K)]
  0x00000298fddaa100 JavaThread "Worker-4403: Initialize workspace"        [_thread_blocked, id=47532, stack(0x000000ffb5200000,0x000000ffb5300000) (1024K)]
  0x00000298fdd7b4e0 JavaThread "Connection worker"                 [_thread_blocked, id=39688, stack(0x000000ffd7a00000,0x000000ffd7b00000) (1024K)]
  0x00000298fdd7fd10 JavaThread "Connection worker"                 [_thread_blocked, id=30956, stack(0x0000010000100000,0x0000010000200000) (1024K)]
  0x00000298f80bfbc0 JavaThread "Connection worker"                 [_thread_blocked, id=38672, stack(0x0000010015e00000,0x0000010015f00000) (1024K)]
  0x00000298f80bd460 JavaThread "pool-676-thread-1"                 [_thread_blocked, id=47416, stack(0x0000010015f00000,0x0000010016000000) (1024K)]
  0x00000298f80b0f80 JavaThread "Worker-4408: Initialize workspace"        [_thread_blocked, id=47704, stack(0x0000010016000000,0x0000010016100000) (1024K)]
  0x00000298f80adb00 JavaThread "pool-677-thread-1"                 [_thread_blocked, id=47708, stack(0x0000010016100000,0x0000010016200000) (1024K)]
  0x00000298f80b3050 JavaThread "pool-678-thread-1"                 [_thread_blocked, id=18128, stack(0x0000010015d00000,0x0000010015e00000) (1024K)]
  0x0000029911256830 JavaThread "Worker-4411: Initialize workspace"        [_thread_blocked, id=33052, stack(0x000000ffcc700000,0x000000ffcc800000) (1024K)]
  0x000002991125ff20 JavaThread "Connection worker"                 [_thread_blocked, id=39256, stack(0x0000010016200000,0x0000010016300000) (1024K)]
  0x000002991122ff50 JavaThread "pool-679-thread-1"                 [_thread_blocked, id=21804, stack(0x0000010016300000,0x0000010016400000) (1024K)]
  0x00000299112340f0 JavaThread "Connection worker"                 [_thread_blocked, id=38324, stack(0x0000010016400000,0x0000010016500000) (1024K)]
  0x00000298f67bd620 JavaThread "Worker-4416: Initialize workspace"        [_thread_blocked, id=47588, stack(0x0000010016700000,0x0000010016800000) (1024K)]
  0x00000298f67c0410 JavaThread "Connection worker"                 [_thread_blocked, id=38524, stack(0x0000010002000000,0x0000010002100000) (1024K)]
  0x00000298f67c4c40 JavaThread "pool-680-thread-1"                 [_thread_blocked, id=23520, stack(0x0000010016600000,0x0000010016700000) (1024K)]
  0x00000299084b2de0 JavaThread "Worker-4423: Initialize workspace"        [_thread_blocked, id=920, stack(0x0000010016500000,0x0000010016600000) (1024K)]
  0x00000299084b68f0 JavaThread "pool-681-thread-1"                 [_thread_blocked, id=28260, stack(0x0000010016900000,0x0000010016a00000) (1024K)]
  0x000002991123c430 JavaThread "Worker-4427: Initialize workspace"        [_thread_blocked, id=46432, stack(0x0000010016b00000,0x0000010016c00000) (1024K)]
  0x000002990cf18b00 JavaThread "Worker-4430: Initialize workspace"        [_thread_blocked, id=47212, stack(0x0000010016e00000,0x0000010016f00000) (1024K)]
  0x000002990cf1c610 JavaThread "Worker-4434: Initialize workspace"        [_thread_blocked, id=47940, stack(0x0000010001f00000,0x0000010002000000) (1024K)]
  0x0000029908fa9600 JavaThread "Connection worker"                 [_thread_blocked, id=35692, stack(0x0000010004d00000,0x0000010004e00000) (1024K)]
  0x0000029908fcde10 JavaThread "Connection worker"                 [_thread_blocked, id=2072, stack(0x0000010006200000,0x0000010006300000) (1024K)]
  0x0000029908fcb6b0 JavaThread "Connection worker"                 [_thread_blocked, id=36168, stack(0x0000010016d00000,0x0000010016e00000) (1024K)]
  0x000002991125b060 JavaThread "pool-683-thread-1"                 [_thread_blocked, id=47856, stack(0x0000010017200000,0x0000010017300000) (1024K)]
  0x000002991123b080 JavaThread "pool-684-thread-1"                 [_thread_blocked, id=46892, stack(0x000000ffee400000,0x000000ffee500000) (1024K)]
  0x000002991125caa0 JavaThread "Worker-4441: Initialize workspace"        [_thread_blocked, id=33768, stack(0x0000010007000000,0x0000010007100000) (1024K)]
  0x0000029911248fa0 JavaThread "pool-685-thread-1"                 [_thread_blocked, id=28116, stack(0x0000010017000000,0x0000010017100000) (1024K)]
  0x00000298fd0c10a0 JavaThread "Worker-4446: Initialize workspace"        [_thread_blocked, id=30988, stack(0x0000010017300000,0x0000010017400000) (1024K)]
  0x00000298fd0d2ad0 JavaThread "Connection worker"                 [_thread_blocked, id=15504, stack(0x0000010017100000,0x0000010017200000) (1024K)]
  0x00000298f4b6d060 JavaThread "Worker-4449: Initialize workspace"        [_thread_blocked, id=46472, stack(0x0000010017600000,0x0000010017700000) (1024K)]
  0x00000298f4b6eaa0 JavaThread "pool-686-thread-1"                 [_thread_blocked, id=32572, stack(0x0000010017500000,0x0000010017600000) (1024K)]
  0x00000298f80b4a90 JavaThread "Worker-4451: Initialize workspace"        [_thread_blocked, id=2008, stack(0x0000010017700000,0x0000010017800000) (1024K)]
  0x00000298f67aa1b0 JavaThread "Connection worker"                 [_thread_blocked, id=44616, stack(0x0000010017a00000,0x0000010017b00000) (1024K)]
  0x00000298f1e6f380 JavaThread "pool-687-thread-1"                 [_thread_blocked, id=39696, stack(0x0000010017c00000,0x0000010017d00000) (1024K)]
  0x00000298f699ef20 JavaThread "Worker-4457: Initialize workspace"        [_thread_blocked, id=21660, stack(0x0000010017d00000,0x0000010017e00000) (1024K)]
  0x00000298f6fa6130 JavaThread "Worker-4460: Initialize workspace"        [_thread_blocked, id=42496, stack(0x000001000ed00000,0x000001000ee00000) (1024K)]
  0x00000298fdd6ae60 JavaThread "Connection worker"                 [_thread_blocked, id=17504, stack(0x0000010006a00000,0x0000010006b00000) (1024K)]
  0x00000298fdd71760 JavaThread "Worker-4465: Initialize workspace"        [_thread_blocked, id=44404, stack(0x000000ffa4900000,0x000000ffa4a00000) (1024K)]
  0x000002991123cac0 JavaThread "Connection worker"                 [_thread_blocked, id=23572, stack(0x0000010009f00000,0x000001000a000000) (1024K)]
  0x00000299102e37c0 JavaThread "Connection worker"                 [_thread_blocked, id=43420, stack(0x0000010018100000,0x0000010018200000) (1024K)]
  0x00000298f4888b70 JavaThread "Worker-4472: Initialize workspace"        [_thread_blocked, id=10596, stack(0x0000010018300000,0x0000010018400000) (1024K)]
  0x00000298f2f1bf80 JavaThread "pool-690-thread-1"                 [_thread_blocked, id=47372, stack(0x0000010018400000,0x0000010018500000) (1024K)]
  0x000002990a7cfb60 JavaThread "pool-692-thread-1"                 [_thread_blocked, id=47424, stack(0x0000010018700000,0x0000010018800000) (1024K)]
  0x00000298f037c730 JavaThread "Worker-4475: Initialize workspace"        [_thread_blocked, id=10728, stack(0x0000010018900000,0x0000010018a00000) (1024K)]
  0x00000298f4b69be0 JavaThread "Worker-4478: Initialize workspace"        [_thread_blocked, id=17484, stack(0x0000010018a00000,0x0000010018b00000) (1024K)]
  0x00000298f6fa1270 JavaThread "Connection worker"                 [_thread_blocked, id=36760, stack(0x0000010018b00000,0x0000010018c00000) (1024K)]
  0x00000298fdd77340 JavaThread "pool-693-thread-1"                 [_thread_blocked, id=42688, stack(0x0000010018e00000,0x0000010018f00000) (1024K)]
  0x000002990fa56880 JavaThread "Worker-4485: Initialize workspace"        [_thread_blocked, id=32380, stack(0x000000ff9e300000,0x000000ff9e400000) (1024K)]
  0x00000298f2f1ed70 JavaThread "Worker-4488: Initialize workspace"        [_thread_blocked, id=1656, stack(0x0000010019500000,0x0000010019600000) (1024K)]
  0x0000029911249630 JavaThread "Worker-4493: Initialize workspace"        [_thread_blocked, id=8284, stack(0x000000ffa4b00000,0x000000ffa4c00000) (1024K)]
  0x0000029911232020 JavaThread "Connection worker"                 [_thread_blocked, id=10116, stack(0x0000010000a00000,0x0000010000b00000) (1024K)]
  0x0000029911253a40 JavaThread "Connection worker"                 [_thread_blocked, id=23508, stack(0x0000010003700000,0x0000010003800000) (1024K)]
  0x0000029911254760 JavaThread "pool-696-thread-1"                 [_thread_blocked, id=27696, stack(0x000000fff5d00000,0x000000fff5e00000) (1024K)]
  0x00000299102c8d30 JavaThread "pool-697-thread-1"                 [_thread_blocked, id=27324, stack(0x000001000eb00000,0x000001000ec00000) (1024K)]
  0x00000299102dd550 JavaThread "Connection worker"                 [_thread_blocked, id=6640, stack(0x000000ff89f00000,0x000000ff8a000000) (1024K)]
  0x00000299112640c0 JavaThread "Worker-4499: Initialize workspace"        [_thread_blocked, id=13628, stack(0x000000ffa9d00000,0x000000ffa9e00000) (1024K)]
  0x0000029911255b10 JavaThread "Connection worker"                 [_thread_blocked, id=20472, stack(0x000000ffb1c00000,0x000000ffb1d00000) (1024K)]
  0x0000029911258900 JavaThread "Worker-4510: Initialize workspace"        [_thread_blocked, id=22416, stack(0x000000ffb0e00000,0x000000ffb0f00000) (1024K)]
  0x00000299112612d0 JavaThread "pool-699-thread-1"                 [_thread_blocked, id=23140, stack(0x000000ffe2100000,0x000000ffe2200000) (1024K)]
  0x00000299112605b0 JavaThread "Connection worker"                 [_thread_blocked, id=14684, stack(0x000000ffba900000,0x000000ffbaa00000) (1024K)]
  0x0000029911264de0 JavaThread "pool-700-thread-1"                 [_thread_blocked, id=19496, stack(0x0000010007800000,0x0000010007900000) (1024K)]
  0x0000029911235b30 JavaThread "Worker-4517: Initialize workspace"        [_thread_blocked, id=15444, stack(0x000000ffa8200000,0x000000ffa8300000) (1024K)]
  0x00000299112688f0 JavaThread "Connection worker"                 [_thread_blocked, id=40288, stack(0x0000010001b00000,0x0000010001c00000) (1024K)]
  0x0000029911265b00 JavaThread "pool-701-thread-1"                 [_thread_blocked, id=46824, stack(0x0000010009d00000,0x0000010009e00000) (1024K)]
  0x000002991126a9c0 JavaThread "Worker-4522: Initialize workspace"        [_thread_blocked, id=47604, stack(0x000001000a800000,0x000001000a900000) (1024K)]
  0x0000029911269ca0 JavaThread "Connection worker"                 [_thread_blocked, id=30484, stack(0x000001000b600000,0x000001000b700000) (1024K)]
  0x00000299102e5f20 JavaThread "pool-702-thread-1"                 [_thread_blocked, id=7472, stack(0x000001000bc00000,0x000001000bd00000) (1024K)]
  0x00000299102e09d0 JavaThread "Worker-4529: Initialize workspace"        [_thread_blocked, id=20160, stack(0x000001000a300000,0x000001000a400000) (1024K)]
  0x00000299102fb460 JavaThread "Connection worker"                 [_thread_blocked, id=38264, stack(0x000001000c600000,0x000001000c700000) (1024K)]
  0x00000299102e3130 JavaThread "pool-703-thread-1"                 [_thread_blocked, id=42396, stack(0x0000010001d00000,0x0000010001e00000) (1024K)]
  0x0000029907a0d410 JavaThread "Worker-4539: Initialize workspace"        [_thread_blocked, id=18864, stack(0x000001000cd00000,0x000001000ce00000) (1024K)]
  0x0000029907a1cd70 JavaThread "Connection worker"                 [_thread_blocked, id=43776, stack(0x000000ff83d00000,0x000000ff83e00000) (1024K)]
  0x0000029907a03000 JavaThread "pool-704-thread-1"                 [_thread_blocked, id=39340, stack(0x000001000e300000,0x000001000e400000) (1024K)]
  0x0000029907a00210 JavaThread "Worker-4544: Initialize workspace"        [_thread_blocked, id=47652, stack(0x000001000e400000,0x000001000e500000) (1024K)]
  0x00000298fd0c4bb0 JavaThread "Worker-4547: Initialize workspace"        [_thread_blocked, id=48124, stack(0x000001000fd00000,0x000001000fe00000) (1024K)]
  0x00000298fd0c5240 JavaThread "Worker-4551: Initialize workspace"        [_thread_blocked, id=39444, stack(0x0000010004000000,0x0000010004100000) (1024K)]
  0x00000298fd0c9a70 JavaThread "Connection worker"                 [_thread_blocked, id=39052, stack(0x000001000de00000,0x000001000df00000) (1024K)]
  0x000002990fc7b8a0 JavaThread "Connection worker"                 [_thread_blocked, id=47180, stack(0x0000010010b00000,0x0000010010c00000) (1024K)]
  0x000002990fcac590 JavaThread "Connection worker"                 [_thread_blocked, id=47184, stack(0x0000010011000000,0x0000010011100000) (1024K)]
  0x0000029911266190 JavaThread "pool-705-thread-1"                 [_thread_blocked, id=6868, stack(0x0000010011a00000,0x0000010011b00000) (1024K)]
  0x0000029911244770 JavaThread "pool-706-thread-1"                 [_thread_blocked, id=17152, stack(0x0000010011200000,0x0000010011300000) (1024K)]
  0x0000029907a2c040 JavaThread "Worker-4559: Initialize workspace"        [_thread_blocked, id=44424, stack(0x0000010011600000,0x0000010011700000) (1024K)]
  0x0000029907a03690 JavaThread "pool-707-thread-1"                 [_thread_blocked, id=15908, stack(0x0000010011400000,0x0000010011500000) (1024K)]
  0x00000299102e44e0 JavaThread "Worker-4565: Initialize workspace"        [_thread_blocked, id=29556, stack(0x0000010011c00000,0x0000010011d00000) (1024K)]
  0x000002990fa56f10 JavaThread "Connection worker"                 [_thread_blocked, id=48020, stack(0x0000010013300000,0x0000010013400000) (1024K)]
  0x0000029912be3560 JavaThread "pool-708-thread-1"                 [_thread_blocked, id=47880, stack(0x0000010019600000,0x0000010019700000) (1024K)]
  0x0000029912be1b20 JavaThread "Worker-4572: Initialize workspace"        [_thread_blocked, id=39400, stack(0x000001000ef00000,0x000001000f000000) (1024K)]
  0x0000029912be2ed0 JavaThread "Connection worker"                 [_thread_blocked, id=21316, stack(0x000001000fa00000,0x000001000fb00000) (1024K)]
  0x0000029912be21b0 JavaThread "pool-710-thread-1"                 [_thread_blocked, id=20372, stack(0x0000010019200000,0x0000010019300000) (1024K)]
  0x0000029912be00e0 JavaThread "Worker-4586: Initialize workspace"        [_thread_blocked, id=48120, stack(0x0000010019700000,0x0000010019800000) (1024K)]
  0x0000029912be0770 JavaThread "Worker-4597: Initialize workspace"        [_thread_blocked, id=46132, stack(0x0000010019900000,0x0000010019a00000) (1024K)]
  0x0000029912be4280 JavaThread "Connection worker"                 [_thread_blocked, id=21472, stack(0x0000010019a00000,0x0000010019b00000) (1024K)]
  0x0000029912be0e00 JavaThread "pool-711-thread-1"                 [_thread_blocked, id=6248, stack(0x0000010019b00000,0x0000010019c00000) (1024K)]
  0x0000029912be7070 JavaThread "Connection worker"                 [_thread_blocked, id=42656, stack(0x000000ff97000000,0x000000ff97100000) (1024K)]
  0x0000029912be4fa0 JavaThread "Connection worker"                 [_thread_blocked, id=18768, stack(0x000000ff95300000,0x000000ff95400000) (1024K)]
  0x0000029912be4910 JavaThread "Worker-4610: Initialize workspace"        [_thread_blocked, id=28592, stack(0x0000010019d00000,0x0000010019e00000) (1024K)]
  0x0000029912be6350 JavaThread "pool-712-thread-1"                 [_thread_blocked, id=14424, stack(0x000000ff89700000,0x000000ff89800000) (1024K)]
  0x0000029912be69e0 JavaThread "Worker-4613: Initialize workspace"        [_thread_blocked, id=32088, stack(0x000000ff8c800000,0x000000ff8c900000) (1024K)]
  0x0000029912be5630 JavaThread "Worker-4628: Initialize workspace"        [_thread_blocked, id=44060, stack(0x0000010019f00000,0x000001001a000000) (1024K)]
  0x0000029912be9140 JavaThread "Connection worker"                 [_thread_blocked, id=26616, stack(0x000001001a100000,0x000001001a200000) (1024K)]
  0x0000029912beb8a0 JavaThread "pool-713-thread-1"                 [_thread_blocked, id=22576, stack(0x000001001a400000,0x000001001a500000) (1024K)]
  0x0000029912be8420 JavaThread "Connection worker"                 [_thread_blocked, id=46300, stack(0x000001001a200000,0x000001001a300000) (1024K)]
  0x0000029912bebf30 JavaThread "Connection worker"                 [_thread_blocked, id=32560, stack(0x000001001a500000,0x000001001a600000) (1024K)]
  0x0000029912be8ab0 JavaThread "pool-714-thread-1"                 [_thread_blocked, id=3800, stack(0x000001001a600000,0x000001001a700000) (1024K)]
  0x0000029912be9e60 JavaThread "Worker-4635: Initialize workspace"        [_thread_blocked, id=11472, stack(0x000001001a800000,0x000001001a900000) (1024K)]
  0x0000029912bea4f0 JavaThread "pool-715-thread-1"                 [_thread_blocked, id=39032, stack(0x000001001a300000,0x000001001a400000) (1024K)]
  0x0000029912be97d0 JavaThread "Connection worker"                 [_thread_blocked, id=18868, stack(0x000001001a900000,0x000001001aa00000) (1024K)]
  0x0000029912bef3b0 JavaThread "pool-716-thread-1"                 [_thread_blocked, id=39288, stack(0x000001001ab00000,0x000001001ac00000) (1024K)]
  0x0000029912bed2e0 JavaThread "Worker-4641: Initialize workspace"        [_thread_blocked, id=39132, stack(0x000000ff99500000,0x000000ff99600000) (1024K)]
  0x0000029912bee000 JavaThread "Worker-4649: Initialize workspace"        [_thread_blocked, id=32956, stack(0x000000ff8ac00000,0x000000ff8ad00000) (1024K)]
  0x0000029912bee690 JavaThread "Worker-4657: Initialize workspace"        [_thread_blocked, id=33820, stack(0x0000010012800000,0x0000010012900000) (1024K)]
  0x0000029912bf0df0 JavaThread "Connection worker"                 [_thread_blocked, id=3820, stack(0x000001001b100000,0x000001001b200000) (1024K)]
  0x0000029912bf0760 JavaThread "Connection worker"                 [_thread_blocked, id=40476, stack(0x000001001b300000,0x000001001b400000) (1024K)]
  0x0000029912bf00d0 JavaThread "Worker-4663: Initialize workspace"        [_thread_blocked, id=35368, stack(0x000001001b200000,0x000001001b300000) (1024K)]
  0x0000029912bf1b10 JavaThread "pool-718-thread-1"                 [_thread_blocked, id=48064, stack(0x000001001b000000,0x000001001b100000) (1024K)]
  0x0000029912bf21a0 JavaThread "pool-719-thread-1"                 [_thread_blocked, id=36432, stack(0x000001001b400000,0x000001001b500000) (1024K)]
  0x0000029912beed20 JavaThread "Worker-4667: Initialize workspace"        [_thread_blocked, id=20004, stack(0x000001000e000000,0x000001000e100000) (1024K)]
  0x0000029912bf5cb0 JavaThread "Worker-4674: Initialize workspace"        [_thread_blocked, id=39064, stack(0x000001001b700000,0x000001001b800000) (1024K)]
  0x0000029912bf5620 JavaThread "Connection worker"                 [_thread_blocked, id=35104, stack(0x000001001b800000,0x000001001b900000) (1024K)]
  0x0000029912bf3be0 JavaThread "Connection worker"                 [_thread_blocked, id=41876, stack(0x000001001ba00000,0x000001001bb00000) (1024K)]
  0x0000029912bf6340 JavaThread "Connection worker"                 [_thread_blocked, id=26848, stack(0x000001001bb00000,0x000001001bc00000) (1024K)]
  0x0000029912bf4f90 JavaThread "pool-720-thread-1"                 [_thread_blocked, id=24072, stack(0x000001001be00000,0x000001001bf00000) (1024K)]
  0x0000029912bf2ec0 JavaThread "pool-721-thread-1"                 [_thread_blocked, id=36396, stack(0x000001001bd00000,0x000001001be00000) (1024K)]
  0x0000029912bf9e50 JavaThread "pool-722-thread-1"                 [_thread_blocked, id=25552, stack(0x000001001c000000,0x000001001c100000) (1024K)]
  0x0000029912bf7d80 JavaThread "Worker-4678: Initialize workspace"        [_thread_blocked, id=26396, stack(0x000001001bf00000,0x000001001c000000) (1024K)]
  0x0000029912bf8410 JavaThread "Connection worker"                 [_thread_blocked, id=31116, stack(0x000001001c400000,0x000001001c500000) (1024K)]
  0x0000029912bf9130 JavaThread "pool-723-thread-1"                 [_thread_blocked, id=10668, stack(0x000001001c500000,0x000001001c600000) (1024K)]
  0x0000029912bf97c0 JavaThread "Worker-4683: Initialize workspace"        [_thread_blocked, id=40968, stack(0x000001001c700000,0x000001001c800000) (1024K)]
  0x0000029912bf4900 JavaThread "Connection worker"                 [_thread_blocked, id=40980, stack(0x000000ffbf300000,0x000000ffbf400000) (1024K)]
  0x0000029912bfc5b0 JavaThread "Connection worker"                 [_thread_blocked, id=44352, stack(0x000001001c200000,0x000001001c300000) (1024K)]
  0x0000029912bfa4e0 JavaThread "Worker-4688: Initialize workspace"        [_thread_blocked, id=43164, stack(0x000000ffbf400000,0x000000ffbf500000) (1024K)]
  0x0000029912bfab70 JavaThread "pool-724-thread-1"                 [_thread_blocked, id=47964, stack(0x000001001c900000,0x000001001ca00000) (1024K)]
  0x0000029912bfb200 JavaThread "Connection worker"                 [_thread_blocked, id=36320, stack(0x000001001cb00000,0x000001001cc00000) (1024K)]
  0x0000029912bfb890 JavaThread "pool-725-thread-1"                 [_thread_blocked, id=43416, stack(0x000001000db00000,0x000001000dc00000) (1024K)]
  0x0000029912bfed10 JavaThread "Worker-4694: Initialize workspace"        [_thread_blocked, id=26164, stack(0x000001000e500000,0x000001000e600000) (1024K)]
  0x0000029912bfe680 JavaThread "Connection worker"                 [_thread_blocked, id=44088, stack(0x000001000e200000,0x000001000e300000) (1024K)]
  0x0000029912bff3a0 JavaThread "pool-726-thread-1"                 [_thread_blocked, id=22336, stack(0x000001001ca00000,0x000001001cb00000) (1024K)]
  0x0000029912c02820 JavaThread "Worker-4702: Initialize workspace"        [_thread_blocked, id=47660, stack(0x0000010019100000,0x0000010019200000) (1024K)]
  0x0000029912c02190 JavaThread "Connection worker"                 [_thread_blocked, id=10524, stack(0x0000010019400000,0x0000010019500000) (1024K)]
  0x0000029912c00de0 JavaThread "pool-727-thread-1"                 [_thread_blocked, id=42324, stack(0x000001001cc00000,0x000001001cd00000) (1024K)]
  0x0000029912c00750 JavaThread "Worker-4710: Initialize workspace"        [_thread_blocked, id=37900, stack(0x000001000e700000,0x000001000e800000) (1024K)]
  0x0000029912c02eb0 JavaThread "Connection worker"                 [_thread_blocked, id=19196, stack(0x000001001cf00000,0x000001001d000000) (1024K)]
  0x0000029912c000c0 JavaThread "pool-728-thread-1"                 [_thread_blocked, id=39568, stack(0x000001000e800000,0x000001000e900000) (1024K)]
  0x0000029912c01b00 JavaThread "Worker-4721: Initialize workspace"        [_thread_blocked, id=7544, stack(0x000001001ce00000,0x000001001cf00000) (1024K)]
  0x0000029912bffa30 JavaThread "Connection worker"                 [_thread_blocked, id=39616, stack(0x000001001d000000,0x000001001d100000) (1024K)]
  0x0000029912c03540 JavaThread "Worker-4727: Initialize workspace"        [_thread_blocked, id=5964, stack(0x000000ffe7b00000,0x000000ffe7c00000) (1024K)]
  0x0000029912c03bd0 JavaThread "Worker-4730: Initialize workspace"        [_thread_blocked, id=25788, stack(0x000001001d200000,0x000001001d300000) (1024K)]
  0x0000029912c04f80 JavaThread "Connection worker"                 [_thread_blocked, id=40356, stack(0x000000ffe7800000,0x000000ffe7900000) (1024K)]
  0x0000029912c076e0 JavaThread "pool-729-thread-1"                 [_thread_blocked, id=23732, stack(0x000001001d300000,0x000001001d400000) (1024K)]
  0x0000029912c05ca0 JavaThread "Worker-4734: Initialize workspace"        [_thread_blocked, id=29832, stack(0x000000ff91400000,0x000000ff91500000) (1024K)]
  0x0000029912c06330 JavaThread "Worker-4740: Initialize workspace"        [_thread_blocked, id=43760, stack(0x000001001d500000,0x000001001d600000) (1024K)]
  0x0000029912c069c0 JavaThread "Connection worker"                 [_thread_blocked, id=31756, stack(0x000001001d600000,0x000001001d700000) (1024K)]
  0x0000029912c04260 JavaThread "Worker-4743: Initialize workspace"        [_thread_blocked, id=38460, stack(0x000001001d900000,0x000001001da00000) (1024K)]
  0x0000029912c07d70 JavaThread "pool-730-thread-1"                 [_thread_blocked, id=16848, stack(0x000001001d400000,0x000001001d500000) (1024K)]
  0x0000029912c08400 JavaThread "Connection worker"                 [_thread_blocked, id=10128, stack(0x000001001da00000,0x000001001db00000) (1024K)]
  0x0000029912c0bf10 JavaThread "Connection worker"                 [_thread_blocked, id=17064, stack(0x000001001dc00000,0x000001001dd00000) (1024K)]
  0x0000029912c0b880 JavaThread "Connection worker"                 [_thread_blocked, id=22052, stack(0x000001001dd00000,0x000001001de00000) (1024K)]
  0x0000029912c0b1f0 JavaThread "Connection worker"                 [_thread_blocked, id=29984, stack(0x000001001de00000,0x000001001df00000) (1024K)]
  0x0000029912c0a4d0 JavaThread "pool-731-thread-1"                 [_thread_blocked, id=41568, stack(0x000001001e000000,0x000001001e100000) (1024K)]
  0x0000029912c08a90 JavaThread "pool-732-thread-1"                 [_thread_blocked, id=40308, stack(0x000001001e100000,0x000001001e200000) (1024K)]
  0x0000029912c0cc30 JavaThread "pool-733-thread-1"                 [_thread_blocked, id=31516, stack(0x000001001e200000,0x000001001e300000) (1024K)]
  0x0000029912c0d950 JavaThread "pool-734-thread-1"                 [_thread_blocked, id=24212, stack(0x000001001e500000,0x000001001e600000) (1024K)]
  0x0000029912c0dfe0 JavaThread "PatternSearchJob-worker-1"  daemon [_thread_blocked, id=29708, stack(0x000001001e800000,0x000001001e900000) (1024K)]
  0x0000029912c0ab60 JavaThread "PatternSearchJob-worker-7"  daemon [_thread_blocked, id=19144, stack(0x000001001e300000,0x000001001e400000) (1024K)]
  0x0000029912c10740 JavaThread "PatternSearchJob-worker-2"  daemon [_thread_blocked, id=19676, stack(0x000001001e900000,0x000001001ea00000) (1024K)]
  0x0000029912c0e670 JavaThread "PatternSearchJob-worker-5"  daemon [_thread_blocked, id=43984, stack(0x000001001ea00000,0x000001001eb00000) (1024K)]
  0x0000029912c0f390 JavaThread "PatternSearchJob-worker-6"  daemon [_thread_blocked, id=46796, stack(0x0000010003a00000,0x0000010003b00000) (1024K)]
  0x0000029912c0ed00 JavaThread "PatternSearchJob-worker-4"  daemon [_thread_blocked, id=39308, stack(0x000001001eb00000,0x000001001ec00000) (1024K)]
  0x0000029912c0fa20 JavaThread "PatternSearchJob-worker-3"  daemon [_thread_blocked, id=42188, stack(0x000001001ec00000,0x000001001ed00000) (1024K)]
  0x0000029912c100b0 JavaThread "Worker-4752: Initialize workspace"        [_thread_blocked, id=47832, stack(0x000000ffe5d00000,0x000000ffe5e00000) (1024K)]
  0x0000029912c0c5a0 JavaThread "Connection worker"                 [_thread_blocked, id=38152, stack(0x000001001ed00000,0x000001001ee00000) (1024K)]
  0x0000029912c13530 JavaThread "pool-735-thread-1"                 [_thread_blocked, id=4960, stack(0x000001001ef00000,0x000001001f000000) (1024K)]
  0x0000029912c10dd0 JavaThread "Connection worker"                 [_thread_blocked, id=42708, stack(0x000000ff92400000,0x000000ff92500000) (1024K)]
  0x0000029912c09e40 JavaThread "pool-736-thread-1"                 [_thread_blocked, id=39576, stack(0x000000ff9ab00000,0x000000ff9ac00000) (1024K)]
  0x0000029912c12810 JavaThread "Worker-4771: Initialize workspace"        [_thread_blocked, id=22036, stack(0x000000ff89a00000,0x000000ff89b00000) (1024K)]
  0x0000029912c11460 JavaThread "Connection worker"                 [_thread_blocked, id=15288, stack(0x000000ffa1000000,0x000000ffa1100000) (1024K)]
  0x0000029912c11af0 JavaThread "Connection worker"                 [_thread_blocked, id=23452, stack(0x000000ffa1e00000,0x000000ffa1f00000) (1024K)]
  0x0000029912c12ea0 JavaThread "Connection worker"                 [_thread_blocked, id=16296, stack(0x000000ff8c500000,0x000000ff8c600000) (1024K)]
  0x0000029912c14250 JavaThread "pool-737-thread-1"                 [_thread_blocked, id=32904, stack(0x000000ff93900000,0x000000ff93a00000) (1024K)]
  0x0000029912c17040 JavaThread "Worker-4776: Initialize workspace"        [_thread_blocked, id=34140, stack(0x000000ff90800000,0x000000ff90900000) (1024K)]
  0x0000029912beab80 JavaThread "pool-738-thread-1"                 [_thread_blocked, id=35932, stack(0x000000ff94600000,0x000000ff94700000) (1024K)]
  0x0000029912bf4270 JavaThread "Connection worker"                 [_thread_blocked, id=21672, stack(0x000000ff95c00000,0x000000ff95d00000) (1024K)]
  0x0000029912bf8aa0 JavaThread "pool-739-thread-1"                 [_thread_blocked, id=38344, stack(0x000000ff98a00000,0x000000ff98b00000) (1024K)]
  0x0000029912c176d0 JavaThread "Connection worker"                 [_thread_blocked, id=43720, stack(0x000000ff82e00000,0x000000ff82f00000) (1024K)]
  0x0000029912bfd960 JavaThread "Connection worker"                 [_thread_blocked, id=30828, stack(0x000000ff82c00000,0x000000ff82d00000) (1024K)]
  0x0000029912c13bc0 JavaThread "pool-740-thread-1"                 [_thread_blocked, id=30928, stack(0x000000ff80c00000,0x000000ff80d00000) (1024K)]
  0x0000029912c183f0 JavaThread "Connection worker"                 [_thread_blocked, id=33336, stack(0x000000ff8c700000,0x000000ff8c800000) (1024K)]
  0x0000029912c18a80 JavaThread "Connection worker"                 [_thread_blocked, id=16228, stack(0x000000ff9c700000,0x000000ff9c800000) (1024K)]
  0x0000029912c169b0 JavaThread "Worker-4803: Initialize workspace"        [_thread_blocked, id=19824, stack(0x000000ff9cd00000,0x000000ff9ce00000) (1024K)]
  0x0000029912c15c90 JavaThread "pool-741-thread-1"                 [_thread_blocked, id=20332, stack(0x000000ff85e00000,0x000000ff85f00000) (1024K)]
  0x0000029912c197a0 JavaThread "Connection worker"                 [_thread_blocked, id=3868, stack(0x000000ff8cc00000,0x000000ff8cd00000) (1024K)]
  0x0000029912c1c590 JavaThread "Worker-4813: Initialize workspace"        [_thread_blocked, id=47260, stack(0x000000ff97700000,0x000000ff97800000) (1024K)]
  0x0000029912c16320 JavaThread "pool-742-thread-1"                 [_thread_blocked, id=36792, stack(0x000000ff8e500000,0x000000ff8e600000) (1024K)]
  0x0000029912c1bf00 JavaThread "Worker-4820: Initialize workspace"        [_thread_blocked, id=34104, stack(0x000000ff87900000,0x000000ff87a00000) (1024K)]
  0x0000029912c1cc20 JavaThread "Connection worker"                 [_thread_blocked, id=25192, stack(0x000000ff92800000,0x000000ff92900000) (1024K)]
  0x0000029912c1b870 JavaThread "Connection worker"                 [_thread_blocked, id=45092, stack(0x000000ff9ad00000,0x000000ff9ae00000) (1024K)]
  0x0000029912c1a4c0 JavaThread "pool-744-thread-1"                 [_thread_blocked, id=2640, stack(0x000000ff9dd00000,0x000000ff9de00000) (1024K)]
  0x0000029912c1dfd0 JavaThread "Worker-4826: Initialize workspace"        [_thread_blocked, id=1892, stack(0x000000ff9e000000,0x000000ff9e100000) (1024K)]
  0x0000029912c1e660 JavaThread "pool-745-thread-1"                 [_thread_blocked, id=47100, stack(0x000000ff86800000,0x000000ff86900000) (1024K)]
  0x0000029912c1fa10 JavaThread "Worker-4830: Initialize workspace"        [_thread_blocked, id=32276, stack(0x000000ffa0000000,0x000000ffa0100000) (1024K)]
  0x0000029912c1ecf0 JavaThread "Connection worker"                 [_thread_blocked, id=33908, stack(0x000000ff9d400000,0x000000ff9d500000) (1024K)]
  0x0000029912c1f380 JavaThread "Connection worker"                 [_thread_blocked, id=4384, stack(0x000000ff96900000,0x000000ff96a00000) (1024K)]
  0x0000029912c200a0 JavaThread "pool-746-thread-1"                 [_thread_blocked, id=26744, stack(0x000000ff8b000000,0x000000ff8b100000) (1024K)]
  0x0000029912c1d940 JavaThread "Worker-4836: Initialize workspace"        [_thread_blocked, id=23928, stack(0x000000ff8aa00000,0x000000ff8ab00000) (1024K)]
  0x0000029912c048f0 JavaThread "pool-747-thread-1"                 [_thread_blocked, id=45168, stack(0x000000ff87a00000,0x000000ff87b00000) (1024K)]
  0x0000029912bed970 JavaThread "Connection worker"                 [_thread_blocked, id=39344, stack(0x000000ff81300000,0x000000ff81400000) (1024K)]
  0x0000029912be3bf0 JavaThread "Worker-4841: Initialize workspace"        [_thread_blocked, id=45832, stack(0x000000ff80200000,0x000000ff80300000) (1024K)]
  0x0000029912bf2830 JavaThread "pool-748-thread-1"                 [_thread_blocked, id=2112, stack(0x000000ff81500000,0x000000ff81600000) (1024K)]
  0x0000029912c01470 JavaThread "Connection worker"                 [_thread_blocked, id=47004, stack(0x000000ff82a00000,0x000000ff82b00000) (1024K)]
  0x0000029912bfd2d0 JavaThread "Worker-4852: Initialize workspace"        [_thread_blocked, id=18244, stack(0x000000ff80f00000,0x000000ff81000000) (1024K)]
  0x0000029912c05610 JavaThread "Connection worker"                 [_thread_blocked, id=45272, stack(0x000000ff84000000,0x000000ff84100000) (1024K)]
  0x0000029912c07050 JavaThread "pool-749-thread-1"                 [_thread_blocked, id=9932, stack(0x000000ff84800000,0x000000ff84900000) (1024K)]
  0x0000029912c19110 JavaThread "pool-750-thread-1"                 [_thread_blocked, id=17964, stack(0x000000ff84900000,0x000000ff84a00000) (1024K)]
  0x0000029912be5cc0 JavaThread "Connection worker"                 [_thread_blocked, id=44580, stack(0x000000ff84e00000,0x000000ff84f00000) (1024K)]
  0x0000029912c20730 JavaThread "pool-751-thread-1"                 [_thread_blocked, id=37632, stack(0x000000ff81e00000,0x000000ff81f00000) (1024K)]
  0x0000029912beb210 JavaThread "Worker-4859: Initialize workspace"        [_thread_blocked, id=36820, stack(0x000000ff82600000,0x000000ff82700000) (1024K)]
  0x00000298fdd858f0 JavaThread "Connection worker"                 [_thread_blocked, id=42936, stack(0x000000ff84a00000,0x000000ff84b00000) (1024K)]
  0x00000298fdd879c0 JavaThread "pool-752-thread-1"                 [_thread_blocked, id=19812, stack(0x000000ff86000000,0x000000ff86100000) (1024K)]
  0x00000298fdd6bb80 JavaThread "Connection worker"                 [_thread_blocked, id=34780, stack(0x000000ff87200000,0x000000ff87300000) (1024K)]
  0x00000298fdd6a140 JavaThread "Connection worker"                 [_thread_blocked, id=43748, stack(0x000000ff87b00000,0x000000ff87c00000) (1024K)]
  0x00000298fdd6dc50 JavaThread "Worker-4867: Initialize workspace"        [_thread_blocked, id=36668, stack(0x000000ff87c00000,0x000000ff87d00000) (1024K)]
  0x00000298fdd74be0 JavaThread "pool-753-thread-1"                 [_thread_blocked, id=23484, stack(0x000000ff87e00000,0x000000ff87f00000) (1024K)]
  0x00000298fdd72b10 JavaThread "pool-754-thread-1"                 [_thread_blocked, id=31240, stack(0x000000ff88100000,0x000000ff88200000) (1024K)]
  0x00000298fdd71df0 JavaThread "Connection worker"                 [_thread_blocked, id=22864, stack(0x000000ff88600000,0x000000ff88700000) (1024K)]
  0x00000298fdd76cb0 JavaThread "Connection worker"                 [_thread_blocked, id=23396, stack(0x000000ff89400000,0x000000ff89500000) (1024K)]
  0x00000298fdd75900 JavaThread "pool-755-thread-1"                 [_thread_blocked, id=46344, stack(0x000000ff89300000,0x000000ff89400000) (1024K)]
  0x00000298fdda10a0 JavaThread "Worker-4877: Initialize workspace"        [_thread_blocked, id=34896, stack(0x000000ff80000000,0x000000ff80100000) (1024K)]
  0x00000298fdda2450 JavaThread "Connection worker"                 [_thread_blocked, id=44108, stack(0x000000ff85d00000,0x000000ff85e00000) (1024K)]
  0x00000298fdda2ae0 JavaThread "Worker-4880: Initialize workspace"        [_thread_blocked, id=38760, stack(0x000000ff83f00000,0x000000ff84000000) (1024K)]
  0x00000298fdda3170 JavaThread "pool-756-thread-1"                 [_thread_blocked, id=9496, stack(0x000000ff83300000,0x000000ff83400000) (1024K)]
  0x00000298fdd8e2c0 JavaThread "Connection worker"                 [_thread_blocked, id=33956, stack(0x000000ff82100000,0x000000ff82200000) (1024K)]
  0x00000298fdd88050 JavaThread "pool-757-thread-1"                 [_thread_blocked, id=31760, stack(0x000000ff81f00000,0x000000ff82000000) (1024K)]
  0x00000298fdd6f690 JavaThread "Connection worker"                 [_thread_blocked, id=42032, stack(0x000000ff80b00000,0x000000ff80c00000) (1024K)]
  0x00000298fdd8bb60 JavaThread "Connection worker"                 [_thread_blocked, id=39988, stack(0x000000ff83100000,0x000000ff83200000) (1024K)]
  0x00000298fdd92af0 JavaThread "Connection worker"                 [_thread_blocked, id=42104, stack(0x000000ff84300000,0x000000ff84400000) (1024K)]
  0x00000298fdd94bc0 JavaThread "pool-758-thread-1"                 [_thread_blocked, id=16132, stack(0x000000ff84400000,0x000000ff84500000) (1024K)]
  0x00000298fdd9b4c0 JavaThread "pool-759-thread-1"                 [_thread_blocked, id=17644, stack(0x000000ff85a00000,0x000000ff85b00000) (1024K)]
  0x00000298fdd94530 JavaThread "Worker-4897: Initialize workspace"        [_thread_blocked, id=44800, stack(0x000000ff86900000,0x000000ff86a00000) (1024K)]
  0x00000298fdd91dd0 JavaThread "pool-760-thread-1"                 [_thread_blocked, id=44804, stack(0x000000ff86700000,0x000000ff86800000) (1024K)]
  0x00000298fdda6c80 JavaThread "Connection worker"                 [_thread_blocked, id=46192, stack(0x000000ff85700000,0x000000ff85800000) (1024K)]
  0x00000298fdda1730 JavaThread "pool-761-thread-1"                 [_thread_blocked, id=43104, stack(0x000000ff85300000,0x000000ff85400000) (1024K)]
  0x00000298fdda5240 JavaThread "Worker-4904: Initialize workspace"        [_thread_blocked, id=43892, stack(0x000000ff88300000,0x000000ff88400000) (1024K)]
  0x00000298fdd6e2e0 JavaThread "Worker-4911: Initialize workspace"        [_thread_blocked, id=39916, stack(0x000000ff87f00000,0x000000ff88000000) (1024K)]
  0x00000298fdd72480 JavaThread "Connection worker"                 [_thread_blocked, id=22784, stack(0x000000ff89500000,0x000000ff89600000) (1024K)]
  0x00000298fdd7dc40 JavaThread "pool-762-thread-1"                 [_thread_blocked, id=23296, stack(0x000000ff81400000,0x000000ff81500000) (1024K)]
  0x00000298fdda86c0 JavaThread "Worker-4921: Initialize workspace"        [_thread_blocked, id=36840, stack(0x000000ff83b00000,0x000000ff83c00000) (1024K)]
  0x00000298fdda93e0 JavaThread "Connection worker"                 [_thread_blocked, id=5860, stack(0x000000ff85b00000,0x000000ff85c00000) (1024K)]
  0x00000298fdd7eff0 JavaThread "Connection worker"                 [_thread_blocked, id=19736, stack(0x000000ff89d00000,0x000000ff89e00000) (1024K)]
  0x00000298fdd7f680 JavaThread "pool-763-thread-1"                 [_thread_blocked, id=34992, stack(0x000000ff8b200000,0x000000ff8b300000) (1024K)]
  0x00000298fdd83190 JavaThread "pool-764-thread-1"                 [_thread_blocked, id=36264, stack(0x000000ff8b100000,0x000000ff8b200000) (1024K)]
  0x00000298fdd86610 JavaThread "Connection worker"                 [_thread_blocked, id=45132, stack(0x000000ff84600000,0x000000ff84700000) (1024K)]
  0x00000298fdd8a120 JavaThread "Worker-4934: Initialize workspace"        [_thread_blocked, id=17420, stack(0x000000ff8b600000,0x000000ff8b700000) (1024K)]
  0x00000298fdd75f90 JavaThread "Connection worker"                 [_thread_blocked, id=40096, stack(0x000000ff80400000,0x000000ff80500000) (1024K)]
  0x00000298fdd86ca0 JavaThread "pool-765-thread-1"                 [_thread_blocked, id=44156, stack(0x000000ff80300000,0x000000ff80400000) (1024K)]
  0x00000298fdd78d80 JavaThread "Worker-4937: Initialize workspace"        [_thread_blocked, id=25216, stack(0x000000ff81c00000,0x000000ff81d00000) (1024K)]
  0x00000298fdd731a0 JavaThread "Connection worker"                 [_thread_blocked, id=26980, stack(0x000000ff81a00000,0x000000ff81b00000) (1024K)]
  0x00000298fdd7a7c0 JavaThread "pool-766-thread-1"                 [_thread_blocked, id=22096, stack(0x000000ff83900000,0x000000ff83a00000) (1024K)]
  0x00000298fdd81de0 JavaThread "Worker-4941: Initialize workspace"        [_thread_blocked, id=10552, stack(0x000000ff84500000,0x000000ff84600000) (1024K)]
  0x00000298fdd70a40 JavaThread "Connection worker"                 [_thread_blocked, id=31936, stack(0x000000ff80600000,0x000000ff80700000) (1024K)]
  0x00000298fdd79aa0 JavaThread "pool-767-thread-1"                 [_thread_blocked, id=30452, stack(0x000000ff83200000,0x000000ff83300000) (1024K)]
  0x00000298fdd8d5a0 JavaThread "Worker-4947: Initialize workspace"        [_thread_blocked, id=40916, stack(0x000000ff84100000,0x000000ff84200000) (1024K)]
  0x00000298fdd993f0 JavaThread "Connection worker"                 [_thread_blocked, id=35892, stack(0x000000ff86200000,0x000000ff86300000) (1024K)]
  0x00000298fdd99a80 JavaThread "Connection worker"                 [_thread_blocked, id=24504, stack(0x000000ff87100000,0x000000ff87200000) (1024K)]
  0x00000298fdd9c1e0 JavaThread "pool-768-thread-1"                 [_thread_blocked, id=38860, stack(0x000000ff85200000,0x000000ff85300000) (1024K)]
  0x00000298fdda9a70 JavaThread "Worker-4951: Initialize workspace"        [_thread_blocked, id=29836, stack(0x000000ff85f00000,0x000000ff86000000) (1024K)]
  0x00000298fdd9fcf0 JavaThread "pool-769-thread-1"                 [_thread_blocked, id=35468, stack(0x000000ff87300000,0x000000ff87400000) (1024K)]
  0x00000298fdd7d5b0 JavaThread "Worker-4953: Initialize workspace"        [_thread_blocked, id=20632, stack(0x000000ff88000000,0x000000ff88100000) (1024K)]
  0x00000298fddaa790 JavaThread "Connection worker"                 [_thread_blocked, id=26428, stack(0x000000ff87700000,0x000000ff87800000) (1024K)]
  0x0000029907a09f90 JavaThread "pool-770-thread-1"                 [_thread_blocked, id=39292, stack(0x000000ff8a400000,0x000000ff8a500000) (1024K)]
  0x0000029907a08550 JavaThread "Connection worker"                 [_thread_blocked, id=41396, stack(0x000000ff88d00000,0x000000ff88e00000) (1024K)]
  0x0000029907a0b340 JavaThread "pool-771-thread-1"                 [_thread_blocked, id=45588, stack(0x000000ff8b300000,0x000000ff8b400000) (1024K)]
  0x0000029907a0c6f0 JavaThread "Worker-4965: Initialize workspace"        [_thread_blocked, id=17332, stack(0x000000ff88500000,0x000000ff88600000) (1024K)]
  0x0000029907a09900 JavaThread "Connection worker"                 [_thread_blocked, id=44348, stack(0x000000ff8b400000,0x000000ff8b500000) (1024K)]
  0x0000029907a0ee50 JavaThread "Worker-4966: Initialize workspace"        [_thread_blocked, id=39092, stack(0x000000ff8b700000,0x000000ff8b800000) (1024K)]
  0x0000029907a115b0 JavaThread "pool-772-thread-1"                 [_thread_blocked, id=35908, stack(0x000000ff8ba00000,0x000000ff8bb00000) (1024K)]
  0x0000029907a0e130 JavaThread "Worker-4970: Initialize workspace"        [_thread_blocked, id=41352, stack(0x000000ff89200000,0x000000ff89300000) (1024K)]
  0x0000029907a11c40 JavaThread "Connection worker"                 [_thread_blocked, id=39104, stack(0x000000ff8c100000,0x000000ff8c200000) (1024K)]
  0x0000029907a0f4e0 JavaThread "Connection worker"                 [_thread_blocked, id=21456, stack(0x000000ff8c600000,0x000000ff8c700000) (1024K)]
  0x0000029907a17eb0 JavaThread "pool-773-thread-1"                 [_thread_blocked, id=27224, stack(0x000000ff8ce00000,0x000000ff8cf00000) (1024K)]
  0x0000029907a14a30 JavaThread "Worker-4976: Initialize workspace"        [_thread_blocked, id=37564, stack(0x000000ff8d200000,0x000000ff8d300000) (1024K)]
  0x0000029907a0b9d0 JavaThread "pool-774-thread-1"                 [_thread_blocked, id=12044, stack(0x000000ff8bc00000,0x000000ff8bd00000) (1024K)]
  0x0000029907a18bd0 JavaThread "Connection worker"                 [_thread_blocked, id=25056, stack(0x000000ff8d000000,0x000000ff8d100000) (1024K)]
  0x0000029907a15de0 JavaThread "pool-775-thread-1"                 [_thread_blocked, id=27796, stack(0x000000ff8d300000,0x000000ff8d400000) (1024K)]
  0x0000029907a0e7c0 JavaThread "Worker-4982: Initialize workspace"        [_thread_blocked, id=27168, stack(0x000000ff8c400000,0x000000ff8c500000) (1024K)]
  0x0000029907a16470 JavaThread "Worker-4986: Initialize workspace"        [_thread_blocked, id=41300, stack(0x000000ff8c900000,0x000000ff8ca00000) (1024K)]
  0x0000029907a17820 JavaThread "Worker-4990: Initialize workspace"        [_thread_blocked, id=37372, stack(0x000000ff8de00000,0x000000ff8df00000) (1024K)]
  0x0000029907a1a610 JavaThread "Connection worker"                 [_thread_blocked, id=47500, stack(0x000000ff8e400000,0x000000ff8e500000) (1024K)]
  0x0000029907a1fb60 JavaThread "Connection worker"                 [_thread_blocked, id=39416, stack(0x000000ff8f000000,0x000000ff8f100000) (1024K)]
  0x0000029907a222c0 JavaThread "Worker-4997: Initialize workspace"        [_thread_blocked, id=41804, stack(0x000000ff8f500000,0x000000ff8f600000) (1024K)]
  0x0000029907a198f0 JavaThread "pool-776-thread-1"                 [_thread_blocked, id=15920, stack(0x000000ff8e000000,0x000000ff8e100000) (1024K)]
  0x0000029907a26af0 JavaThread "pool-778-thread-1"                 [_thread_blocked, id=32296, stack(0x000000ff8f900000,0x000000ff8fa00000) (1024K)]
  0x0000029907a24a20 JavaThread "Connection worker"                 [_thread_blocked, id=30604, stack(0x000000ff8fb00000,0x000000ff8fc00000) (1024K)]
  0x0000029907a2a600 JavaThread "pool-779-thread-1"                 [_thread_blocked, id=37724, stack(0x000000ff8fd00000,0x000000ff8fe00000) (1024K)]
  0x0000029907a20880 JavaThread "Worker-5002: Initialize workspace"        [_thread_blocked, id=28700, stack(0x000000ff8d600000,0x000000ff8d700000) (1024K)]
  0x0000029907a2b9b0 JavaThread "Worker-5006: Initialize workspace"        [_thread_blocked, id=17052, stack(0x000000ff90700000,0x000000ff90800000) (1024K)]
  0x0000029907a2ac90 JavaThread "Connection worker"                 [_thread_blocked, id=38692, stack(0x000000ff8fe00000,0x000000ff8ff00000) (1024K)]
  0x0000029907a29f70 JavaThread "Worker-5013: Initialize workspace"        [_thread_blocked, id=23872, stack(0x000000ff90300000,0x000000ff90400000) (1024K)]
  0x00000299079f4a50 JavaThread "pool-781-thread-1"                 [_thread_blocked, id=22928, stack(0x000000ff91100000,0x000000ff91200000) (1024K)]
  0x00000299079f3010 JavaThread "Worker-5017: Initialize workspace"        [_thread_blocked, id=40680, stack(0x000000ff91300000,0x000000ff91400000) (1024K)]
  0x00000299079f7840 JavaThread "Connection worker"                 [_thread_blocked, id=24164, stack(0x000000ff91d00000,0x000000ff91e00000) (1024K)]
  0x00000299079f71b0 JavaThread "Worker-5025: Initialize workspace"        [_thread_blocked, id=44168, stack(0x000000ff90f00000,0x000000ff91000000) (1024K)]
  0x00000299079f9910 JavaThread "pool-783-thread-1"                 [_thread_blocked, id=44180, stack(0x000000ff91b00000,0x000000ff91c00000) (1024K)]
  0x00000299079fc700 JavaThread "Connection worker"                 [_thread_blocked, id=33212, stack(0x000000ff92a00000,0x000000ff92b00000) (1024K)]
  0x00000299079fc070 JavaThread "Worker-5033: Initialize workspace"        [_thread_blocked, id=39540, stack(0x000000ff92300000,0x000000ff92400000) (1024K)]
  0x00000299079eee70 JavaThread "pool-784-thread-1"                 [_thread_blocked, id=39368, stack(0x000000ff90d00000,0x000000ff90e00000) (1024K)]
  0x00000299079fee60 JavaThread "Connection worker"                 [_thread_blocked, id=13468, stack(0x000000ff93f00000,0x000000ff94000000) (1024K)]
  0x0000029907a01c50 JavaThread "pool-785-thread-1"                 [_thread_blocked, id=14264, stack(0x000000ff94000000,0x000000ff94100000) (1024K)]
  0x00000299079fd420 JavaThread "Worker-5040: Initialize workspace"        [_thread_blocked, id=29888, stack(0x000000ff92e00000,0x000000ff92f00000) (1024K)]
  0x0000029907a02970 JavaThread "Connection worker"                 [_thread_blocked, id=18952, stack(0x000000ff94800000,0x000000ff94900000) (1024K)]
  0x00000299079fb9e0 JavaThread "Worker-5047: Initialize workspace"        [_thread_blocked, id=36388, stack(0x000000ff93500000,0x000000ff93600000) (1024K)]
  0x0000029907a008a0 JavaThread "pool-786-thread-1"                 [_thread_blocked, id=17532, stack(0x000000ff94400000,0x000000ff94500000) (1024K)]
  0x0000029907a050d0 JavaThread "Connection worker"                 [_thread_blocked, id=46120, stack(0x000000ff94d00000,0x000000ff94e00000) (1024K)]
  0x0000029908fb6800 JavaThread "pool-787-thread-1"                 [_thread_blocked, id=27272, stack(0x000000ff80a00000,0x000000ff80b00000) (1024K)]
  0x0000029908fb6e90 JavaThread "Connection worker"                 [_thread_blocked, id=37444, stack(0x000000ff94e00000,0x000000ff94f00000) (1024K)]
  0x0000029908fb4730 JavaThread "Connection worker"                 [_thread_blocked, id=9300, stack(0x000000ff94c00000,0x000000ff94d00000) (1024K)]
  0x0000029908fbd790 JavaThread "Worker-5063: Initialize workspace"        [_thread_blocked, id=18212, stack(0x000000ff96700000,0x000000ff96800000) (1024K)]
  0x0000029908fbf860 JavaThread "pool-788-thread-1"                 [_thread_blocked, id=28136, stack(0x000000ff96a00000,0x000000ff96b00000) (1024K)]
  0x0000029908fb95f0 JavaThread "Worker-5067: Initialize workspace"        [_thread_blocked, id=29140, stack(0x000000ff95f00000,0x000000ff96000000) (1024K)]
  0x0000029908fb8f60 JavaThread "Worker-5076: Initialize workspace"        [_thread_blocked, id=25244, stack(0x000000ff96500000,0x000000ff96600000) (1024K)]
  0x0000029908fbe4b0 JavaThread "Connection worker"                 [_thread_blocked, id=22288, stack(0x000000ff96b00000,0x000000ff96c00000) (1024K)]
  0x0000029908fc5440 JavaThread "Connection worker"                 [_thread_blocked, id=16836, stack(0x000000ff97a00000,0x000000ff97b00000) (1024K)]
  0x0000029908fc2650 JavaThread "Connection worker"                 [_thread_blocked, id=35872, stack(0x000000ff89800000,0x000000ff89900000) (1024K)]
  0x0000029908fc67f0 JavaThread "Connection worker"                 [_thread_blocked, id=36952, stack(0x000000ff97b00000,0x000000ff97c00000) (1024K)]
  0x0000029908fc7ba0 JavaThread "Connection worker"                 [_thread_blocked, id=47728, stack(0x000000ff97d00000,0x000000ff97e00000) (1024K)]
  0x0000029908fcc3d0 JavaThread "pool-789-thread-1"                 [_thread_blocked, id=47732, stack(0x000000ff97f00000,0x000000ff98000000) (1024K)]
  0x0000029908fc4720 JavaThread "Connection worker"                 [_thread_blocked, id=47736, stack(0x000000ff95400000,0x000000ff95500000) (1024K)]
  0x0000029908fd0570 JavaThread "Worker-5081: Initialize workspace"        [_thread_blocked, id=27184, stack(0x000000ff98800000,0x000000ff98900000) (1024K)]
  0x0000029908fcd780 JavaThread "Connection worker"                 [_thread_blocked, id=4532, stack(0x000000ff98900000,0x000000ff98a00000) (1024K)]
  0x0000029908fce4a0 JavaThread "pool-791-thread-1"                 [_thread_blocked, id=41192, stack(0x000000ff99000000,0x000000ff99100000) (1024K)]
  0x0000029908fc95e0 JavaThread "pool-792-thread-1"                 [_thread_blocked, id=26076, stack(0x000000ff99200000,0x000000ff99300000) (1024K)]
  0x0000029908fd0c00 JavaThread "Worker-5086: Initialize workspace"        [_thread_blocked, id=31208, stack(0x000000ff98100000,0x000000ff98200000) (1024K)]
  0x0000029908fa2d00 JavaThread "Connection worker"                 [_thread_blocked, id=37296, stack(0x000000ff9bc00000,0x000000ff9bd00000) (1024K)]
  0x0000029908fade30 JavaThread "pool-793-thread-1"                 [_thread_blocked, id=20060, stack(0x000000ff99b00000,0x000000ff99c00000) (1024K)]
  0x0000029908fc5ad0 JavaThread "Worker-5092: Initialize workspace"        [_thread_blocked, id=28556, stack(0x000000ff9a300000,0x000000ff9a400000) (1024K)]
  0x0000029908cf71c0 JavaThread "Worker-5098: Initialize workspace"        [_thread_blocked, id=30428, stack(0x000000ff9c100000,0x000000ff9c200000) (1024K)]
  0x0000029908cf0f50 JavaThread "Connection worker"                 [_thread_blocked, id=13800, stack(0x000000ff9ba00000,0x000000ff9bb00000) (1024K)]
  0x0000029908cf5780 JavaThread "Connection worker"                 [_thread_blocked, id=23076, stack(0x000000ff9d000000,0x000000ff9d100000) (1024K)]
  0x0000029908cf64a0 JavaThread "Worker-5104: Initialize workspace"        [_thread_blocked, id=46900, stack(0x000000ff87000000,0x000000ff87100000) (1024K)]
  0x0000029908cf9920 JavaThread "pool-794-thread-1"                 [_thread_blocked, id=14984, stack(0x000000ff9cf00000,0x000000ff9d000000) (1024K)]
  0x0000029908cf7850 JavaThread "Worker-5108: Initialize workspace"        [_thread_blocked, id=11176, stack(0x000000ff9cb00000,0x000000ff9cc00000) (1024K)]
  0x0000029908cfc710 JavaThread "pool-795-thread-1"                 [_thread_blocked, id=36948, stack(0x000000ff9d800000,0x000000ff9d900000) (1024K)]
  0x0000029908cfd430 JavaThread "Connection worker"                 [_thread_blocked, id=22732, stack(0x000000ff9e600000,0x000000ff9e700000) (1024K)]
  0x0000029908cfcda0 JavaThread "Connection worker"                 [_thread_blocked, id=46708, stack(0x000000ff9e800000,0x000000ff9e900000) (1024K)]
  0x0000029908cfa640 JavaThread "pool-796-thread-1"                 [_thread_blocked, id=37068, stack(0x000000ff9e900000,0x000000ff9ea00000) (1024K)]
  0x0000029908cf8c00 JavaThread "pool-797-thread-1"                 [_thread_blocked, id=18176, stack(0x000000ff9d500000,0x000000ff9d600000) (1024K)]
  0x0000029908cf9fb0 JavaThread "Worker-5117: Initialize workspace"        [_thread_blocked, id=39852, stack(0x000000ff9e500000,0x000000ff9e600000) (1024K)]
  0x0000029908cffb90 JavaThread "Worker-5121: Initialize workspace"        [_thread_blocked, id=24096, stack(0x000000ff9ec00000,0x000000ff9ed00000) (1024K)]
  0x0000029908d036a0 JavaThread "Connection worker"                 [_thread_blocked, id=12236, stack(0x000000ff9ee00000,0x000000ff9ef00000) (1024K)]
  0x0000029908d02980 JavaThread "pool-798-thread-1"                 [_thread_blocked, id=21912, stack(0x000000ff9f500000,0x000000ff9f600000) (1024K)]
  0x0000029908d03d30 JavaThread "Connection worker"                 [_thread_blocked, id=36828, stack(0x000000ff9f600000,0x000000ff9f700000) (1024K)]
  0x0000029908d07ed0 JavaThread "Worker-5128: Initialize workspace"        [_thread_blocked, id=46348, stack(0x000000ff9f700000,0x000000ff9f800000) (1024K)]
  0x0000029908d00220 JavaThread "pool-799-thread-1"                 [_thread_blocked, id=18744, stack(0x000000ff9f000000,0x000000ff9f100000) (1024K)]
  0x0000029908d108a0 JavaThread "Worker-5132: Initialize workspace"        [_thread_blocked, id=36920, stack(0x000000ffa0800000,0x000000ffa0900000) (1024K)]
  0x0000029908d150d0 JavaThread "Connection worker"                 [_thread_blocked, id=41692, stack(0x000000ffa0f00000,0x000000ffa1000000) (1024K)]
  0x0000029908d15760 JavaThread "Connection worker"                 [_thread_blocked, id=41696, stack(0x000000ffa1100000,0x000000ffa1200000) (1024K)]
  0x0000029908d115c0 JavaThread "Worker-5139: Initialize workspace"        [_thread_blocked, id=44516, stack(0x000000ffa0c00000,0x000000ffa0d00000) (1024K)]
  0x0000029908d19f90 JavaThread "pool-800-thread-1"                 [_thread_blocked, id=22068, stack(0x000000ffa1800000,0x000000ffa1900000) (1024K)]
  0x0000029908d1b9d0 JavaThread "Connection worker"                 [_thread_blocked, id=29720, stack(0x000000ffa1b00000,0x000000ffa1c00000) (1024K)]
  0x0000029908d23680 JavaThread "pool-801-thread-1"                 [_thread_blocked, id=33352, stack(0x000000ffa2a00000,0x000000ffa2b00000) (1024K)]
  0x0000029908d21c40 JavaThread "Worker-5145: Initialize workspace"        [_thread_blocked, id=43336, stack(0x000000ffa2e00000,0x000000ffa2f00000) (1024K)]
  0x0000029908d1e7c0 JavaThread "pool-802-thread-1"                 [_thread_blocked, id=31820, stack(0x000000ffa2100000,0x000000ffa2200000) (1024K)]
  0x0000029908d20200 JavaThread "Connection worker"                 [_thread_blocked, id=33280, stack(0x000000ffa3300000,0x000000ffa3400000) (1024K)]
  0x0000029908d24a30 JavaThread "pool-803-thread-1"                 [_thread_blocked, id=46640, stack(0x000000ffa3500000,0x000000ffa3600000) (1024K)]
  0x0000029908d27eb0 JavaThread "Worker-5153: Initialize workspace"        [_thread_blocked, id=25308, stack(0x000000ffa3600000,0x000000ffa3700000) (1024K)]
  0x0000029908d26470 JavaThread "Worker-5156: Initialize workspace"        [_thread_blocked, id=39940, stack(0x000000ffa4000000,0x000000ffa4100000) (1024K)]
  0x0000029908d2b330 JavaThread "Worker-5163: Initialize workspace"        [_thread_blocked, id=31736, stack(0x000000ff9d300000,0x000000ff9d400000) (1024K)]
  0x0000029908d28bd0 JavaThread "Connection worker"                 [_thread_blocked, id=38644, stack(0x000000ffa4300000,0x000000ffa4400000) (1024K)]
  0x0000029908d2e7b0 JavaThread "Connection worker"                 [_thread_blocked, id=33140, stack(0x000000ffa4600000,0x000000ffa4700000) (1024K)]
  0x0000029908d2cd70 JavaThread "pool-804-thread-1"                 [_thread_blocked, id=3888, stack(0x000000ffa5000000,0x000000ffa5100000) (1024K)]
  0x00000299084c68e0 JavaThread "Connection worker"                 [_thread_blocked, id=25488, stack(0x000000ffa5700000,0x000000ffa5800000) (1024K)]
  0x00000299084c7600 JavaThread "pool-805-thread-1"                 [_thread_blocked, id=24708, stack(0x000000ffa5300000,0x000000ffa5400000) (1024K)]
  0x00000299084c96d0 JavaThread "pool-806-thread-1"                 [_thread_blocked, id=8056, stack(0x000000ffa5900000,0x000000ffa5a00000) (1024K)]
  0x00000299084cb110 JavaThread "Worker-5172: Initialize workspace"        [_thread_blocked, id=27540, stack(0x000000ffa4500000,0x000000ffa4600000) (1024K)]
  0x00000299084cb7a0 JavaThread "Worker-5173: Initialize workspace"        [_thread_blocked, id=27276, stack(0x000000ffa4200000,0x000000ffa4300000) (1024K)]
  0x00000299084c8320 JavaThread "Connection worker"                 [_thread_blocked, id=46216, stack(0x000000ff83c00000,0x000000ff83d00000) (1024K)]
  0x00000299084c89b0 JavaThread "Connection worker"                 [_thread_blocked, id=39724, stack(0x000000ffa5b00000,0x000000ffa5c00000) (1024K)]
  0x00000299084cec20 JavaThread "pool-807-thread-1"                 [_thread_blocked, id=25128, stack(0x000000ffa5200000,0x000000ffa5300000) (1024K)]
  0x00000299084cbe30 JavaThread "Connection worker"                 [_thread_blocked, id=44052, stack(0x000000ffa6000000,0x000000ffa6100000) (1024K)]
  0x00000299084d2dc0 JavaThread "Connection worker"                 [_thread_blocked, id=43556, stack(0x000000ffa6400000,0x000000ffa6500000) (1024K)]
  0x00000299084d0cf0 JavaThread "Worker-5185: Initialize workspace"        [_thread_blocked, id=46952, stack(0x000000ffa5c00000,0x000000ffa5d00000) (1024K)]
  0x00000299084cdf00 JavaThread "pool-808-thread-1"                 [_thread_blocked, id=17228, stack(0x000000ffa5f00000,0x000000ffa6000000) (1024K)]
  0x00000299084d5bb0 JavaThread "Connection worker"                 [_thread_blocked, id=5720, stack(0x000000ffa6800000,0x000000ffa6900000) (1024K)]
  0x00000299084d4170 JavaThread "pool-809-thread-1"                 [_thread_blocked, id=30624, stack(0x000000ffa6900000,0x000000ffa6a00000) (1024K)]
  0x00000299084d1a10 JavaThread "Worker-5192: Initialize workspace"        [_thread_blocked, id=33376, stack(0x000000ffa6700000,0x000000ffa6800000) (1024K)]
  0x00000299084dcb40 JavaThread "Connection worker"                 [_thread_blocked, id=38632, stack(0x000000ffa6b00000,0x000000ffa6c00000) (1024K)]
  0x00000299084dd1d0 JavaThread "pool-810-thread-1"                 [_thread_blocked, id=37696, stack(0x000000ffa6c00000,0x000000ffa6d00000) (1024K)]
  0x00000299084d6240 JavaThread "Worker-5201: Initialize workspace"        [_thread_blocked, id=15396, stack(0x000000ffa6a00000,0x000000ffa6b00000) (1024K)]
  0x00000299084dd860 JavaThread "Worker-5209: Initialize workspace"        [_thread_blocked, id=41932, stack(0x000000ffa6e00000,0x000000ffa6f00000) (1024K)]
  0x00000299084ddef0 JavaThread "Connection worker"                 [_thread_blocked, id=30240, stack(0x000000ffa7500000,0x000000ffa7600000) (1024K)]
  0x00000299084dec10 JavaThread "pool-811-thread-1"                 [_thread_blocked, id=7332, stack(0x000000ffa7600000,0x000000ffa7700000) (1024K)]
  0x00000299084cc4c0 JavaThread "Worker-5215: Initialize workspace"        [_thread_blocked, id=22004, stack(0x000000ffa6500000,0x000000ffa6600000) (1024K)]
  0x00000299084e75e0 JavaThread "Worker-5218: Initialize workspace"        [_thread_blocked, id=43736, stack(0x000000ffa3d00000,0x000000ffa3e00000) (1024K)]
  0x00000299084e2720 JavaThread "Connection worker"                 [_thread_blocked, id=43740, stack(0x000000ffa3f00000,0x000000ffa4000000) (1024K)]
  0x00000299084e7c70 JavaThread "Worker-5221: Initialize workspace"        [_thread_blocked, id=33472, stack(0x000000ffa9100000,0x000000ffa9200000) (1024K)]
  0x00000299084eb780 JavaThread "Connection worker"                 [_thread_blocked, id=42212, stack(0x000000ffa9f00000,0x000000ffaa000000) (1024K)]
  0x00000299084b7610 JavaThread "pool-812-thread-1"                 [_thread_blocked, id=46448, stack(0x000000ffaa800000,0x000000ffaa900000) (1024K)]
  0x00000299084c0670 JavaThread "Worker-5227: Initialize workspace"        [_thread_blocked, id=38680, stack(0x000000ff8a300000,0x000000ff8a400000) (1024K)]
  0x00000299102e72d0 JavaThread "Connection worker"                 [_thread_blocked, id=14252, stack(0x000000ffab000000,0x000000ffab100000) (1024K)]
  0x00000299102ebb00 JavaThread "Connection worker"                 [_thread_blocked, id=32456, stack(0x000000ff9c200000,0x000000ff9c300000) (1024K)]
  0x00000299102e8680 JavaThread "Connection worker"                 [_thread_blocked, id=25948, stack(0x000000ffa7c00000,0x000000ffa7d00000) (1024K)]
  0x00000299102f44d0 JavaThread "Connection worker"                 [_thread_blocked, id=10784, stack(0x000000ffab300000,0x000000ffab400000) (1024K)]
  0x00000299102f37b0 JavaThread "pool-813-thread-1"                 [_thread_blocked, id=20640, stack(0x000000ff9ce00000,0x000000ff9cf00000) (1024K)]
  0x00000299102ed540 JavaThread "Worker-5237: Initialize workspace"        [_thread_blocked, id=19904, stack(0x000000ffaa100000,0x000000ffaa200000) (1024K)]
  0x00000299102f9a20 JavaThread "Connection worker"                 [_thread_blocked, id=33664, stack(0x000000ffabe00000,0x000000ffabf00000) (1024K)]
  0x00000299102fa0b0 JavaThread "Worker-5241: Initialize workspace"        [_thread_blocked, id=30140, stack(0x000000ffac500000,0x000000ffac600000) (1024K)]
  0x00000299102e7960 JavaThread "pool-814-thread-1"                 [_thread_blocked, id=32528, stack(0x000000ff86500000,0x000000ff86600000) (1024K)]
  0x00000299102fe250 JavaThread "pool-815-thread-1"                 [_thread_blocked, id=43128, stack(0x000000ffac900000,0x000000ffaca00000) (1024K)]
  0x0000029910307940 JavaThread "Connection worker"                 [_thread_blocked, id=29764, stack(0x000000ffad800000,0x000000ffad900000) (1024K)]
  0x00000299103051e0 JavaThread "Connection worker"                 [_thread_blocked, id=15244, stack(0x000000ffad200000,0x000000ffad300000) (1024K)]
  0x00000299102cbb20 JavaThread "Connection worker"                 [_thread_blocked, id=40300, stack(0x000000ffae500000,0x000000ffae600000) (1024K)]
  0x00000299103037a0 JavaThread "Worker-5255: Initialize workspace"        [_thread_blocked, id=41456, stack(0x000000ffab700000,0x000000ffab800000) (1024K)]
  0x00000299102cd560 JavaThread "pool-816-thread-1"                 [_thread_blocked, id=15760, stack(0x000000ffa0b00000,0x000000ffa0c00000) (1024K)]
  0x00000299102d0350 JavaThread "Connection worker"                 [_thread_blocked, id=23024, stack(0x000000ff9d100000,0x000000ff9d200000) (1024K)]
  0x00000299102cf630 JavaThread "pool-817-thread-1"                 [_thread_blocked, id=20928, stack(0x000000ffae200000,0x000000ffae300000) (1024K)]
  0x00000299102c86a0 JavaThread "Connection worker"                 [_thread_blocked, id=38820, stack(0x000000ff9ef00000,0x000000ff9f000000) (1024K)]
  0x00000299102d1d90 JavaThread "pool-818-thread-1"                 [_thread_blocked, id=19544, stack(0x000000ffae700000,0x000000ffae800000) (1024K)]
  0x00000299102db480 JavaThread "pool-819-thread-1"                 [_thread_blocked, id=17044, stack(0x000000ffaed00000,0x000000ffaee00000) (1024K)]
  0x00000299102de270 JavaThread "Worker-5264: Initialize workspace"        [_thread_blocked, id=43264, stack(0x000000ffaef00000,0x000000ffaf000000) (1024K)]
  0x00000299102df620 JavaThread "Connection worker"                 [_thread_blocked, id=40320, stack(0x000000ffaf000000,0x000000ffaf100000) (1024K)]
  0x00000299102f8d00 JavaThread "pool-820-thread-1"                 [_thread_blocked, id=22328, stack(0x000000ffafb00000,0x000000ffafc00000) (1024K)]
  0x0000029911230c70 JavaThread "Worker-5270: Initialize workspace"        [_thread_blocked, id=26740, stack(0x000000ff99100000,0x000000ff99200000) (1024K)]
  0x00000299112354a0 JavaThread "Connection worker"                 [_thread_blocked, id=24284, stack(0x000000ff8f300000,0x000000ff8f400000) (1024K)]
  0x00000299112440e0 JavaThread "Worker-5274: Initialize workspace"        [_thread_blocked, id=32192, stack(0x000000ffb1100000,0x000000ffb1200000) (1024K)]
  0x0000029911231990 JavaThread "Connection worker"                 [_thread_blocked, id=32428, stack(0x000000ffaf100000,0x000000ffaf200000) (1024K)]
  0x0000029911245b20 JavaThread "Connection worker"                 [_thread_blocked, id=32436, stack(0x000000ffb1200000,0x000000ffb1300000) (1024K)]
  0x0000029911245490 JavaThread "Connection worker"                 [_thread_blocked, id=32452, stack(0x000000ffb1400000,0x000000ffb1500000) (1024K)]
  0x00000299112412f0 JavaThread "Connection worker"                 [_thread_blocked, id=25900, stack(0x000000ffb0f00000,0x000000ffb1000000) (1024K)]
  0x000002991124f210 JavaThread "Connection worker"                 [_thread_blocked, id=23448, stack(0x000000ff98400000,0x000000ff98500000) (1024K)]
  0x00000299112512e0 JavaThread "Connection worker"                 [_thread_blocked, id=10052, stack(0x000000ffa7900000,0x000000ffa7a00000) (1024K)]
  0x000002991125a340 JavaThread "Connection worker"                 [_thread_blocked, id=41184, stack(0x000000ff81100000,0x000000ff81200000) (1024K)]
  0x0000029911256ec0 JavaThread "Connection worker"                 [_thread_blocked, id=21528, stack(0x000000ffaeb00000,0x000000ffaec00000) (1024K)]
  0x0000029911267bd0 JavaThread "Connection worker"                 [_thread_blocked, id=31336, stack(0x000000ffb2600000,0x000000ffb2700000) (1024K)]
  0x000002991126b050 JavaThread "Connection worker"                 [_thread_blocked, id=25964, stack(0x000000ffb2900000,0x000000ffb2a00000) (1024K)]
  0x00000298fd0c7310 JavaThread "Connection worker"                 [_thread_blocked, id=44652, stack(0x000000ff99900000,0x000000ff99a00000) (1024K)]
  0x00000298fd0c5f60 JavaThread "Worker-5287: Initialize workspace"        [_thread_blocked, id=11724, stack(0x000000ff9fb00000,0x000000ff9fc00000) (1024K)]
  0x00000298fd0c79a0 JavaThread "Connection worker"                 [_thread_blocked, id=43996, stack(0x000000ff8e900000,0x000000ff8ea00000) (1024K)]
  0x00000298fd0c8d50 JavaThread "Connection worker"                 [_thread_blocked, id=47096, stack(0x000000ffa8900000,0x000000ffa8a00000) (1024K)]
  0x00000298fd0cd580 JavaThread "pool-821-thread-1"                 [_thread_blocked, id=27212, stack(0x000000ff8eb00000,0x000000ff8ec00000) (1024K)]
  0x00000298fd0ca100 JavaThread "Connection worker"                 [_thread_blocked, id=30272, stack(0x000000ffb1700000,0x000000ffb1800000) (1024K)]
  0x00000298fd0c93e0 JavaThread "Worker-5290: Initialize workspace"        [_thread_blocked, id=46744, stack(0x000000ffa8800000,0x000000ffa8900000) (1024K)]
  0x00000298fd0c3e90 JavaThread "pool-822-thread-1"                 [_thread_blocked, id=18756, stack(0x000000ffa5e00000,0x000000ffa5f00000) (1024K)]
  0x00000298fd0ce930 JavaThread "Worker-5300: Initialize workspace"        [_thread_blocked, id=24720, stack(0x000000ffa1500000,0x000000ffa1600000) (1024K)]
  0x00000298fd0cfce0 JavaThread "Connection worker"                 [_thread_blocked, id=38608, stack(0x000000ffa1c00000,0x000000ffa1d00000) (1024K)]
  0x00000298fd0d9a60 JavaThread "Connection worker"                 [_thread_blocked, id=39532, stack(0x000000ffb5700000,0x000000ffb5800000) (1024K)]
  0x00000298fd0d6c70 JavaThread "Connection worker"                 [_thread_blocked, id=33936, stack(0x000000ff9df00000,0x000000ff9e000000) (1024K)]
  0x00000298fd0d7990 JavaThread "pool-823-thread-1"                 [_thread_blocked, id=47924, stack(0x000000ffa3400000,0x000000ffa3500000) (1024K)]
  0x00000298fd0dae10 JavaThread "Worker-5305: Initialize workspace"        [_thread_blocked, id=31328, stack(0x000000ffb5e00000,0x000000ffb5f00000) (1024K)]
  0x00000298fd0da780 JavaThread "Connection worker"                 [_thread_blocked, id=8432, stack(0x000000ffb4b00000,0x000000ffb4c00000) (1024K)]
  0x00000298f80c1600 JavaThread "pool-824-thread-1"                 [_thread_blocked, id=32632, stack(0x000000ffb7200000,0x000000ffb7300000) (1024K)]
  0x00000298f80c1c90 JavaThread "Connection worker"                 [_thread_blocked, id=34248, stack(0x000000ffb8900000,0x000000ffb8a00000) (1024K)]
  0x00000298f80be180 JavaThread "pool-825-thread-1"                 [_thread_blocked, id=31948, stack(0x000000ffb7c00000,0x000000ffb7d00000) (1024K)]
  0x00000298f80a4410 JavaThread "Connection worker"                 [_thread_blocked, id=17188, stack(0x000000ff86a00000,0x000000ff86b00000) (1024K)]
  0x00000298f80a85b0 JavaThread "Worker-5314: Initialize workspace"        [_thread_blocked, id=28972, stack(0x000000ffb9f00000,0x000000ffba000000) (1024K)]
  0x00000298f80ae190 JavaThread "pool-826-thread-1"                 [_thread_blocked, id=47176, stack(0x000000ffbac00000,0x000000ffbad00000) (1024K)]
  0x00000298f80b0260 JavaThread "Connection worker"                 [_thread_blocked, id=21128, stack(0x000000ffbb100000,0x000000ffbb200000) (1024K)]
  0x00000298f80be810 JavaThread "pool-827-thread-1"                 [_thread_blocked, id=17944, stack(0x000000ffb7a00000,0x000000ffb7b00000) (1024K)]
  0x00000298f80b4400 JavaThread "Worker-5325: Initialize workspace"        [_thread_blocked, id=35996, stack(0x000000ffa1a00000,0x000000ffa1b00000) (1024K)]
  0x00000298f80ab3a0 JavaThread "Connection worker"                 [_thread_blocked, id=30508, stack(0x000000ffb7600000,0x000000ffb7700000) (1024K)]
  0x00000298f80b9950 JavaThread "Worker-5337: Initialize workspace"        [_thread_blocked, id=18516, stack(0x000000ffbc000000,0x000000ffbc100000) (1024K)]
  0x00000298f80b64d0 JavaThread "Worker-5339: Initialize workspace"        [_thread_blocked, id=37584, stack(0x000000ffbce00000,0x000000ffbcf00000) (1024K)]
  0x00000298f80b7880 JavaThread "pool-828-thread-1"                 [_thread_blocked, id=19136, stack(0x000000ffbcb00000,0x000000ffbcc00000) (1024K)]
  0x00000298f80b08f0 JavaThread "Connection worker"                 [_thread_blocked, id=43848, stack(0x000000ffa7200000,0x000000ffa7300000) (1024K)]
  0x00000298f80fd130 JavaThread "Worker-5344: Initialize workspace"        [_thread_blocked, id=42696, stack(0x000000ff86c00000,0x000000ff86d00000) (1024K)]
  0x00000298f80fe4e0 JavaThread "Connection worker"                 [_thread_blocked, id=41560, stack(0x000000ff8b500000,0x000000ff8b600000) (1024K)]
  0x00000298f80fb060 JavaThread "Connection worker"                 [_thread_blocked, id=19468, stack(0x000000ff90b00000,0x000000ff90c00000) (1024K)]
  0x00000298f8105b00 JavaThread "Connection worker"                 [_thread_blocked, id=26920, stack(0x000000ffaae00000,0x000000ffaaf00000) (1024K)]
  0x00000298f8102d10 JavaThread "Worker-5357: Initialize workspace"        [_thread_blocked, id=3804, stack(0x000000ffabd00000,0x000000ffabe00000) (1024K)]
  0x00000298f8109610 JavaThread "pool-829-thread-1"                 [_thread_blocked, id=31420, stack(0x000000ffbea00000,0x000000ffbeb00000) (1024K)]
  0x00000298f810a9c0 JavaThread "pool-830-thread-1"                 [_thread_blocked, id=2672, stack(0x000000ffbeb00000,0x000000ffbec00000) (1024K)]
  0x00000298f8107540 JavaThread "Connection worker"                 [_thread_blocked, id=12080, stack(0x000000ffaba00000,0x000000ffabb00000) (1024K)]
  0x00000298f810bd70 JavaThread "pool-831-thread-1"                 [_thread_blocked, id=1332, stack(0x000000fface00000,0x000000ffacf00000) (1024K)]
  0x00000298f8102680 JavaThread "Worker-5365: Initialize workspace"        [_thread_blocked, id=28316, stack(0x000000ff84d00000,0x000000ff84e00000) (1024K)]
  0x00000298f810d120 JavaThread "Connection worker"                 [_thread_blocked, id=43600, stack(0x000000ffbfe00000,0x000000ffbff00000) (1024K)]
  0x00000298f8112670 JavaThread "Connection worker"                 [_thread_blocked, id=25008, stack(0x000000ffbff00000,0x000000ffc0000000) (1024K)]
  0x00000298f81112c0 JavaThread "pool-832-thread-1"                 [_thread_blocked, id=34552, stack(0x000000ffc0700000,0x000000ffc0800000) (1024K)]
  0x00000298f8114740 JavaThread "pool-833-thread-1"                 [_thread_blocked, id=31960, stack(0x000000ffacb00000,0x000000ffacc00000) (1024K)]
  0x00000298f8116180 JavaThread "Worker-5371: Initialize workspace"        [_thread_blocked, id=20636, stack(0x000000ffc1c00000,0x000000ffc1d00000) (1024K)]
  0x00000298f8108f80 JavaThread "Connection worker"                 [_thread_blocked, id=17700, stack(0x000000ffc2200000,0x000000ffc2300000) (1024K)]
  0x00000298f67a7a50 JavaThread "pool-834-thread-1"                 [_thread_blocked, id=7628, stack(0x000000ffaac00000,0x000000ffaad00000) (1024K)]
  0x00000298f67a8770 JavaThread "Worker-5379: Initialize workspace"        [_thread_blocked, id=35636, stack(0x000000ffaf800000,0x000000ffaf900000) (1024K)]
  0x00000298f67ac280 JavaThread "Connection worker"                 [_thread_blocked, id=43960, stack(0x000000ffc2a00000,0x000000ffc2b00000) (1024K)]
  0x00000298f67b3f30 JavaThread "pool-835-thread-1"                 [_thread_blocked, id=16064, stack(0x000000ffc3900000,0x000000ffc3a00000) (1024K)]
  0x00000298f67a6d30 JavaThread "Worker-5387: Initialize workspace"        [_thread_blocked, id=44124, stack(0x000000ffc3700000,0x000000ffc3800000) (1024K)]
  0x00000298f67ab560 JavaThread "Worker-5394: Initialize workspace"        [_thread_blocked, id=44688, stack(0x000000ffaab00000,0x000000ffaac00000) (1024K)]
  0x00000298f67b6690 JavaThread "Worker-5400: Initialize workspace"        [_thread_blocked, id=21040, stack(0x000000ffafd00000,0x000000ffafe00000) (1024K)]
  0x00000298f67b45c0 JavaThread "Connection worker"                 [_thread_blocked, id=40420, stack(0x000000ffc3e00000,0x000000ffc3f00000) (1024K)]
  0x00000298f67b8760 JavaThread "Connection worker"                 [_thread_blocked, id=44372, stack(0x000000ffc4d00000,0x000000ffc4e00000) (1024K)]
  0x00000298f67bf060 JavaThread "Worker-5409: Initialize workspace"        [_thread_blocked, id=29396, stack(0x000000ffc5800000,0x000000ffc5900000) (1024K)]
  0x00000298f67b8df0 JavaThread "Connection worker"                 [_thread_blocked, id=45472, stack(0x000000ffc5100000,0x000000ffc5200000) (1024K)]
  0x00000298f67be9d0 JavaThread "pool-836-thread-1"                 [_thread_blocked, id=7548, stack(0x000000ffc5900000,0x000000ffc5a00000) (1024K)]
  0x00000298f67c3200 JavaThread "pool-837-thread-1"                 [_thread_blocked, id=35644, stack(0x000000ffc6200000,0x000000ffc6300000) (1024K)]
  0x00000298f67c2b70 JavaThread "pool-838-thread-1"                 [_thread_blocked, id=36740, stack(0x000000ffc6700000,0x000000ffc6800000) (1024K)]
  0x00000298f67c17c0 JavaThread "Connection worker"                 [_thread_blocked, id=35316, stack(0x000000ffc6800000,0x000000ffc6900000) (1024K)]
  0x00000298f67c52d0 JavaThread "pool-839-thread-1"                 [_thread_blocked, id=4896, stack(0x000000ffc5300000,0x000000ffc5400000) (1024K)]
  0x0000029908cf3020 JavaThread "Worker-5421: Initialize workspace"        [_thread_blocked, id=44716, stack(0x000000ffc7100000,0x000000ffc7200000) (1024K)]
  0x0000029908cfe150 JavaThread "Worker-5429: Initialize workspace"        [_thread_blocked, id=26388, stack(0x000000ffc4500000,0x000000ffc4600000) (1024K)]
  0x0000029908cfc080 JavaThread "Worker-5435: Initialize workspace"        [_thread_blocked, id=44808, stack(0x000000ffc8900000,0x000000ffc8a00000) (1024K)]
  0x0000029908cfb360 JavaThread "Connection worker"                 [_thread_blocked, id=34252, stack(0x000000ffaa000000,0x000000ffaa100000) (1024K)]
  0x0000029908d0c070 JavaThread "Worker-5442: Initialize workspace"        [_thread_blocked, id=29224, stack(0x000000ffc8a00000,0x000000ffc8b00000) (1024K)]
  0x0000029908d0cd90 JavaThread "Connection worker"                 [_thread_blocked, id=33304, stack(0x000000ffc9600000,0x000000ffc9700000) (1024K)]
  0x0000029908d1e130 JavaThread "Worker-5452: Initialize workspace"        [_thread_blocked, id=20092, stack(0x000000ffcad00000,0x000000ffcae00000) (1024K)]
  0x0000029908d171a0 JavaThread "pool-840-thread-1"                 [_thread_blocked, id=28828, stack(0x000000ffcb000000,0x000000ffcb100000) (1024K)]
  0x0000029908d1c6f0 JavaThread "pool-841-thread-1"                 [_thread_blocked, id=12300, stack(0x000000ffca100000,0x000000ffca200000) (1024K)]
  0x0000029908d2b9c0 JavaThread "Connection worker"                 [_thread_blocked, id=31640, stack(0x000000ffc8f00000,0x000000ffc9000000) (1024K)]
  0x0000029908d122e0 JavaThread "Connection worker"                 [_thread_blocked, id=26480, stack(0x000000ffcb700000,0x000000ffcb800000) (1024K)]
  0x0000029908d0fb80 JavaThread "pool-842-thread-1"                 [_thread_blocked, id=13884, stack(0x000000ffa9b00000,0x000000ffa9c00000) (1024K)]
  0x0000029908d10f30 JavaThread "pool-843-thread-1"                 [_thread_blocked, id=22776, stack(0x000000ffc9f00000,0x000000ffca000000) (1024K)]
  0x0000029908d022f0 JavaThread "Worker-5464: Initialize workspace"        [_thread_blocked, id=21676, stack(0x000000ffc9d00000,0x000000ffc9e00000) (1024K)]
  0x0000029908d008b0 JavaThread "Connection worker"                 [_thread_blocked, id=18540, stack(0x000000ffcb900000,0x000000ffcba00000) (1024K)]
  0x000002990a7cb330 JavaThread "Worker-5475: Initialize workspace"        [_thread_blocked, id=39792, stack(0x000000ffcc000000,0x000000ffcc100000) (1024K)]
  0x000002990a7cb9c0 JavaThread "pool-844-thread-1"                 [_thread_blocked, id=29252, stack(0x000000ffcc100000,0x000000ffcc200000) (1024K)]
  0x000002990a7c98f0 JavaThread "Connection worker"                 [_thread_blocked, id=40928, stack(0x000000ffcc800000,0x000000ffcc900000) (1024K)]
  0x000002990a7c50c0 JavaThread "Worker-5481: Initialize workspace"        [_thread_blocked, id=30464, stack(0x000000ffaca00000,0x000000ffacb00000) (1024K)]
  0x000002990a7cc6e0 JavaThread "Connection worker"                 [_thread_blocked, id=27188, stack(0x000000ffccb00000,0x000000ffccc00000) (1024K)]
  0x000002990a7ccd70 JavaThread "pool-845-thread-1"                 [_thread_blocked, id=8920, stack(0x000000ffcbb00000,0x000000ffcbc00000) (1024K)]
  0x000002990a7cda90 JavaThread "pool-846-thread-1"                 [_thread_blocked, id=47688, stack(0x000000ffcd000000,0x000000ffcd100000) (1024K)]
  0x000002990a7c5750 JavaThread "Worker-5486: Initialize workspace"        [_thread_blocked, id=44256, stack(0x000000ffac600000,0x000000ffac700000) (1024K)]
  0x000002990a7d6af0 JavaThread "Connection worker"                 [_thread_blocked, id=24748, stack(0x000000ffcd800000,0x000000ffcd900000) (1024K)]
  0x000002990a7d5dd0 JavaThread "Connection worker"                 [_thread_blocked, id=24728, stack(0x000000ffccf00000,0x000000ffcd000000) (1024K)]
  0x000002990a7d2950 JavaThread "Worker-5496: Initialize workspace"        [_thread_blocked, id=7940, stack(0x000000ffa2300000,0x000000ffa2400000) (1024K)]
  0x000002990a7cd400 JavaThread "Worker-5498: Initialize workspace"        [_thread_blocked, id=43000, stack(0x000000ffb2000000,0x000000ffb2100000) (1024K)]
  0x000002990a7d3d00 JavaThread "pool-847-thread-1"                 [_thread_blocked, id=34460, stack(0x000000ffcb800000,0x000000ffcb900000) (1024K)]
  0x000002990a7d3670 JavaThread "pool-848-thread-1"                 [_thread_blocked, id=37676, stack(0x000000ffcd200000,0x000000ffcd300000) (1024K)]
  0x000002990a7ce120 JavaThread "Connection worker"                 [_thread_blocked, id=31608, stack(0x000000ffb5400000,0x000000ffb5500000) (1024K)]
  0x000002990a7d7180 JavaThread "pool-849-thread-1"                 [_thread_blocked, id=28352, stack(0x000000ffcd500000,0x000000ffcd600000) (1024K)]
  0x000002990a7dfb50 JavaThread "Worker-5515: Initialize workspace"        [_thread_blocked, id=4884, stack(0x000000ffcdf00000,0x000000ffce000000) (1024K)]
  0x000002990a7e3660 JavaThread "Connection worker"                 [_thread_blocked, id=24004, stack(0x000000ffcec00000,0x000000ffced00000) (1024K)]
  0x000002990a7d7810 JavaThread "Connection worker"                 [_thread_blocked, id=21240, stack(0x000000ffce400000,0x000000ffce500000) (1024K)]
  0x0000029912c148e0 JavaThread "pool-850-thread-1"                 [_thread_blocked, id=33476, stack(0x000000ffcf200000,0x000000ffcf300000) (1024K)]
  0x0000029912c1ab50 JavaThread "Worker-5522: Initialize workspace"        [_thread_blocked, id=25892, stack(0x000000ffcfc00000,0x000000ffcfd00000) (1024K)]
  0x0000029912be7700 JavaThread "pool-851-thread-1"                 [_thread_blocked, id=37572, stack(0x000000ffa0900000,0x000000ffa0a00000) (1024K)]
  0x0000029912be2840 JavaThread "Worker-5526: Initialize workspace"        [_thread_blocked, id=32028, stack(0x000000ffb1b00000,0x000000ffb1c00000) (1024K)]
  0x0000029912bf3550 JavaThread "Connection worker"                 [_thread_blocked, id=37088, stack(0x000000ffcf300000,0x000000ffcf400000) (1024K)]
  0x0000029912c09120 JavaThread "pool-852-thread-1"                 [_thread_blocked, id=22592, stack(0x000000ffd1200000,0x000000ffd1300000) (1024K)]
  0x0000029912bf1480 JavaThread "Connection worker"                 [_thread_blocked, id=35572, stack(0x000000ff95900000,0x000000ff95a00000) (1024K)]
  0x0000029912c097b0 JavaThread "pool-853-thread-1"                 [_thread_blocked, id=40816, stack(0x000000ff95800000,0x000000ff95900000) (1024K)]
  0x0000029912bfdff0 JavaThread "Worker-5537: Initialize workspace"        [_thread_blocked, id=21920, stack(0x000000ff8af00000,0x000000ff8b000000) (1024K)]
  0x00000298f4b6a900 JavaThread "Worker-5544: Initialize workspace"        [_thread_blocked, id=36188, stack(0x000000ff9a900000,0x000000ff9aa00000) (1024K)]
  0x00000298f4b67480 JavaThread "Connection worker"                 [_thread_blocked, id=37312, stack(0x000000ff99a00000,0x000000ff99b00000) (1024K)]
  0x00000298f4b68830 JavaThread "Connection worker"                 [_thread_blocked, id=45740, stack(0x000000ff9bf00000,0x000000ff9c000000) (1024K)]
  0x00000298f4b6b620 JavaThread "Worker-5553: Initialize workspace"        [_thread_blocked, id=45844, stack(0x000000ff96f00000,0x000000ff97000000) (1024K)]
  0x00000298f4b6e410 JavaThread "Connection worker"                 [_thread_blocked, id=30016, stack(0x000000ff9c300000,0x000000ff9c400000) (1024K)]
  0x00000298f4b68ec0 JavaThread "pool-854-thread-1"                 [_thread_blocked, id=26176, stack(0x000000ff98c00000,0x000000ff98d00000) (1024K)]
  0x00000298f4b6fe50 JavaThread "pool-855-thread-1"                 [_thread_blocked, id=24300, stack(0x000000ff9b200000,0x000000ff9b300000) (1024K)]
  0x00000298f4b6f130 JavaThread "Worker-5565: Initialize workspace"        [_thread_blocked, id=34196, stack(0x000000ffa6d00000,0x000000ffa6e00000) (1024K)]
  0x00000298f4b71200 JavaThread "Connection worker"                 [_thread_blocked, id=45512, stack(0x000000ff9ca00000,0x000000ff9cb00000) (1024K)]
  0x00000298f4b6f7c0 JavaThread "Worker-5571: Initialize workspace"        [_thread_blocked, id=40196, stack(0x000000ffa3900000,0x000000ffa3a00000) (1024K)]
  0x00000298f4b6af90 JavaThread "pool-856-thread-1"                 [_thread_blocked, id=19760, stack(0x000000ff99f00000,0x000000ff9a000000) (1024K)]
  0x00000298f4b74680 JavaThread "Worker-5579: Initialize workspace"        [_thread_blocked, id=45656, stack(0x000000ffa1f00000,0x000000ffa2000000) (1024K)]
  0x00000298f4b75a30 JavaThread "Connection worker"                 [_thread_blocked, id=47472, stack(0x000000ffa8b00000,0x000000ffa8c00000) (1024K)]
  0x00000298f4b725b0 JavaThread "pool-857-thread-1"                 [_thread_blocked, id=19464, stack(0x000000ffa6100000,0x000000ffa6200000) (1024K)]
  0x00000298f4b70b70 JavaThread "Worker-5587: Initialize workspace"        [_thread_blocked, id=36112, stack(0x000000ffb2500000,0x000000ffb2600000) (1024K)]
  0x00000298f4b760c0 JavaThread "Connection worker"                 [_thread_blocked, id=19220, stack(0x000000ffb3800000,0x000000ffb3900000) (1024K)]
  0x00000298fd0c2ae0 JavaThread "pool-858-thread-1"                 [_thread_blocked, id=21004, stack(0x000000ffb3c00000,0x000000ffb3d00000) (1024K)]
  0x00000298fd0c4520 JavaThread "Worker-5595: Initialize workspace"        [_thread_blocked, id=25908, stack(0x000000ffb2400000,0x000000ffb2500000) (1024K)]
  0x00000298fd0c3800 JavaThread "Worker-5602: Initialize workspace"        [_thread_blocked, id=27124, stack(0x000000ffb3500000,0x000000ffb3600000) (1024K)]
  0x00000298fd0d1db0 JavaThread "Connection worker"                 [_thread_blocked, id=2780, stack(0x000000ffb4600000,0x000000ffb4700000) (1024K)]
  0x00000298fd0cc860 JavaThread "Worker-5609: Initialize workspace"        [_thread_blocked, id=17536, stack(0x000000ffb4000000,0x000000ffb4100000) (1024K)]
  0x00000298fd0d0370 JavaThread "pool-861-thread-1"                 [_thread_blocked, id=28152, stack(0x000000ffb7500000,0x000000ffb7600000) (1024K)]
  0x00000298fd0c3170 JavaThread "Worker-5615: Initialize workspace"        [_thread_blocked, id=22100, stack(0x000000ffb4100000,0x000000ffb4200000) (1024K)]
  0x00000298fd0d8020 JavaThread "Connection worker"                 [_thread_blocked, id=8944, stack(0x000000ffb9600000,0x000000ffb9700000) (1024K)]
  0x00000298fd0d4ba0 JavaThread "Worker-5626: Initialize workspace"        [_thread_blocked, id=22348, stack(0x000000ffb9800000,0x000000ffb9900000) (1024K)]
  0x00000298fd0df640 JavaThread "pool-863-thread-1"                 [_thread_blocked, id=36680, stack(0x000000ffba400000,0x000000ffba500000) (1024K)]
  0x0000029908f99610 JavaThread "Worker-5634: Initialize workspace"        [_thread_blocked, id=23688, stack(0x000000ffb8500000,0x000000ffb8600000) (1024K)]
  0x0000029908f96190 JavaThread "Connection worker"                 [_thread_blocked, id=42580, stack(0x000000ffbb200000,0x000000ffbb300000) (1024K)]
  0x0000029908f9b6e0 JavaThread "pool-865-thread-1"                 [_thread_blocked, id=16376, stack(0x000000ffbb800000,0x000000ffbb900000) (1024K)]
  0x0000029908f988f0 JavaThread "Worker-5639: Initialize workspace"        [_thread_blocked, id=2504, stack(0x000000ffbc800000,0x000000ffbc900000) (1024K)]
  0x0000029908f99ca0 JavaThread "Worker-5645: Initialize workspace"        [_thread_blocked, id=28368, stack(0x000000ff97c00000,0x000000ff97d00000) (1024K)]
  0x0000029908f9ff10 JavaThread "Worker-5652: Initialize workspace"        [_thread_blocked, id=39900, stack(0x000000ffbe800000,0x000000ffbe900000) (1024K)]
  0x0000029908faf870 JavaThread "Worker-5664: Initialize workspace"        [_thread_blocked, id=38388, stack(0x000000ffb2e00000,0x000000ffb2f00000) (1024K)]
  0x0000029908fd2cd0 JavaThread "Worker-5670: Initialize workspace"        [_thread_blocked, id=9532, stack(0x000000ff9a600000,0x000000ff9a700000) (1024K)]
  0x0000029911261960 JavaThread "Connection worker"                 [_thread_blocked, id=29724, stack(0x000000ffb5b00000,0x000000ffb5c00000) (1024K)]
  0x0000029911265470 JavaThread "Connection worker"                 [_thread_blocked, id=47492, stack(0x000000ffb6b00000,0x000000ffb6c00000) (1024K)]
  0x0000029911262d10 JavaThread "pool-869-thread-1"                 [_thread_blocked, id=47960, stack(0x000000ffb9200000,0x000000ffb9300000) (1024K)]
  0x00000299112633a0 JavaThread "pool-870-thread-1"                 [_thread_blocked, id=6364, stack(0x000000ffb9400000,0x000000ffb9500000) (1024K)]
  0x0000029911263a30 JavaThread "Worker-5677: Initialize workspace"        [_thread_blocked, id=43932, stack(0x000000ff9fe00000,0x000000ff9ff00000) (1024K)]
  0x000002991122f230 JavaThread "Worker-5681: Initialize workspace"        [_thread_blocked, id=47764, stack(0x000000ffbbc00000,0x000000ffbbd00000) (1024K)]
  0x000002991122d160 JavaThread "Connection worker"                 [_thread_blocked, id=42236, stack(0x000000ffb0d00000,0x000000ffb0e00000) (1024K)]
  0x0000029911233a60 JavaThread "pool-871-thread-1"                 [_thread_blocked, id=44236, stack(0x000000ffb3d00000,0x000000ffb3e00000) (1024K)]
  0x000002991122f8c0 JavaThread "Worker-5686: Initialize workspace"        [_thread_blocked, id=28900, stack(0x000000ff98700000,0x000000ff98800000) (1024K)]
  0x000002991124a9e0 JavaThread "Worker-5694: Initialize workspace"        [_thread_blocked, id=21836, stack(0x000000ffb3600000,0x000000ffb3700000) (1024K)]
  0x000002991124d140 JavaThread "Connection worker"                 [_thread_blocked, id=38768, stack(0x000000ffb0a00000,0x000000ffb0b00000) (1024K)]
  0x0000029911234780 JavaThread "Connection worker"                 [_thread_blocked, id=13108, stack(0x000000ffb5000000,0x000000ffb5100000) (1024K)]
  0x0000029911249cc0 JavaThread "Worker-5703: Initialize workspace"        [_thread_blocked, id=34616, stack(0x000000ffbcd00000,0x000000ffbce00000) (1024K)]
  0x000002991124a350 JavaThread "pool-872-thread-1"                 [_thread_blocked, id=21688, stack(0x000000ffae600000,0x000000ffae700000) (1024K)]
  0x0000029911268f80 JavaThread "pool-873-thread-1"                 [_thread_blocked, id=36460, stack(0x000000ffc1800000,0x000000ffc1900000) (1024K)]
  0x00000298f80a36f0 JavaThread "Connection worker"                 [_thread_blocked, id=21712, stack(0x000000ff93300000,0x000000ff93400000) (1024K)]
  0x00000298f80a4aa0 JavaThread "Connection worker"                 [_thread_blocked, id=47364, stack(0x000000ff9a400000,0x000000ff9a500000) (1024K)]
  0x00000298f80a6b70 JavaThread "pool-875-thread-1"                 [_thread_blocked, id=29900, stack(0x000000ffa8300000,0x000000ffa8400000) (1024K)]
  0x00000298f80a3060 JavaThread "Worker-5719: Initialize workspace"        [_thread_blocked, id=22020, stack(0x000000ff96200000,0x000000ff96300000) (1024K)]
  0x00000298f80acde0 JavaThread "pool-876-thread-1"                 [_thread_blocked, id=11324, stack(0x000000ffa2000000,0x000000ffa2100000) (1024K)]
  0x00000298f80a9960 JavaThread "Worker-5723: Initialize workspace"        [_thread_blocked, id=39144, stack(0x000000ffaec00000,0x000000ffaed00000) (1024K)]
  0x00000298f80aeeb0 JavaThread "Worker-5731: Initialize workspace"        [_thread_blocked, id=23172, stack(0x000000ff9ff00000,0x000000ffa0000000) (1024K)]
  0x00000298f80b29c0 JavaThread "Connection worker"                 [_thread_blocked, id=17720, stack(0x000000ffc3a00000,0x000000ffc3b00000) (1024K)]
  0x00000298f80aa680 JavaThread "Connection worker"                 [_thread_blocked, id=15968, stack(0x000000ffc0e00000,0x000000ffc0f00000) (1024K)]
  0x00000298f80b71f0 JavaThread "pool-878-thread-1"                 [_thread_blocked, id=40460, stack(0x000000ffc3c00000,0x000000ffc3d00000) (1024K)]
  0x00000298f80b85a0 JavaThread "pool-877-thread-1"                 [_thread_blocked, id=25304, stack(0x000000ffc4f00000,0x000000ffc5000000) (1024K)]
  0x00000298f80bcdd0 JavaThread "Connection worker"                 [_thread_blocked, id=40028, stack(0x000000ffc5200000,0x000000ffc5300000) (1024K)]
  0x00000298f80b36e0 JavaThread "Worker-5744: Initialize workspace"        [_thread_blocked, id=42888, stack(0x000000ffc3800000,0x000000ffc3900000) (1024K)]
  0x00000298f80bad00 JavaThread "pool-879-thread-1"                 [_thread_blocked, id=14432, stack(0x000000ffc6100000,0x000000ffc6200000) (1024K)]
  0x00000298f80bdaf0 JavaThread "Worker-5749: Initialize workspace"        [_thread_blocked, id=31712, stack(0x000000ffc7600000,0x000000ffc7700000) (1024K)]
  0x00000298f80c2320 JavaThread "Worker-5752: Initialize workspace"        [_thread_blocked, id=28952, stack(0x000000ffc7d00000,0x000000ffc7e00000) (1024K)]
  0x00000299084e68c0 JavaThread "Connection worker"                 [_thread_blocked, id=46752, stack(0x000000ffce100000,0x000000ffce200000) (1024K)]
  0x00000299084e1370 JavaThread "pool-880-thread-1"                 [_thread_blocked, id=41236, stack(0x000000ffce000000,0x000000ffce100000) (1024K)]
  0x00000299084e2db0 JavaThread "Worker-5766: Initialize workspace"        [_thread_blocked, id=40388, stack(0x000000ffb9500000,0x000000ffb9600000) (1024K)]
  0x00000299084e8990 JavaThread "Connection worker"                 [_thread_blocked, id=26464, stack(0x000000ffd1c00000,0x000000ffd1d00000) (1024K)]
  0x00000299084e8300 JavaThread "pool-881-thread-1"                 [_thread_blocked, id=25796, stack(0x000000ffd0e00000,0x000000ffd0f00000) (1024K)]
  0x00000299084af960 JavaThread "Connection worker"                 [_thread_blocked, id=22772, stack(0x000000ffd2100000,0x000000ffd2200000) (1024K)]
  0x00000299084ac4e0 JavaThread "Worker-5773: Initialize workspace"        [_thread_blocked, id=19036, stack(0x000000ffa0100000,0x000000ffa0200000) (1024K)]
  0x00000299084acb70 JavaThread "Worker-5779: Initialize workspace"        [_thread_blocked, id=29976, stack(0x000000ffd0b00000,0x000000ffd0c00000) (1024K)]
  0x00000299084aec40 JavaThread "pool-882-thread-1"                 [_thread_blocked, id=37336, stack(0x000000ffd2a00000,0x000000ffd2b00000) (1024K)]
  0x00000299084b3b00 JavaThread "Connection worker"                 [_thread_blocked, id=21864, stack(0x000000ffd3500000,0x000000ffd3600000) (1024K)]
  0x00000299084bbe40 JavaThread "pool-883-thread-1"                 [_thread_blocked, id=33740, stack(0x000000ffd3f00000,0x000000ffd4000000) (1024K)]
  0x00000299084b0d10 JavaThread "Worker-5791: Initialize workspace"        [_thread_blocked, id=19488, stack(0x000000ffc7300000,0x000000ffc7400000) (1024K)]
  0x00000299084b8330 JavaThread "Connection worker"                 [_thread_blocked, id=43620, stack(0x000000ffd3d00000,0x000000ffd3e00000) (1024K)]
  0x00000299084b4820 JavaThread "Connection worker"                 [_thread_blocked, id=26060, stack(0x000000ffd3c00000,0x000000ffd3d00000) (1024K)]
  0x00000299084bffe0 JavaThread "pool-884-thread-1"                 [_thread_blocked, id=6516, stack(0x000000ffba000000,0x000000ffba100000) (1024K)]
  0x00000299084c0d00 JavaThread "Connection worker"                 [_thread_blocked, id=29868, stack(0x000000ffca700000,0x000000ffca800000) (1024K)]
  0x00000299102cdbf0 JavaThread "Worker-5800: Initialize workspace"        [_thread_blocked, id=23052, stack(0x000000ffd4800000,0x000000ffd4900000) (1024K)]
  0x00000299102cc840 JavaThread "pool-885-thread-1"                 [_thread_blocked, id=40612, stack(0x000000ffd4000000,0x000000ffd4100000) (1024K)]
  0x00000299102d09e0 JavaThread "Connection worker"                 [_thread_blocked, id=41124, stack(0x000000ffcb400000,0x000000ffcb500000) (1024K)]
  0x00000299102da0d0 JavaThread "pool-886-thread-1"                 [_thread_blocked, id=40576, stack(0x000000ffd4300000,0x000000ffd4400000) (1024K)]
  0x00000299102e2aa0 JavaThread "Worker-5810: Initialize workspace"        [_thread_blocked, id=15976, stack(0x000000ffd4a00000,0x000000ffd4b00000) (1024K)]
  0x00000299102e7ff0 JavaThread "pool-887-thread-1"                 [_thread_blocked, id=21524, stack(0x000000ffc9500000,0x000000ffc9600000) (1024K)]
  0x00000299102eceb0 JavaThread "Worker-5818: Initialize workspace"        [_thread_blocked, id=40104, stack(0x000000ffd4f00000,0x000000ffd5000000) (1024K)]
  0x00000299102fadd0 JavaThread "Connection worker"                 [_thread_blocked, id=45136, stack(0x000000ffab100000,0x000000ffab200000) (1024K)]
  0x00000299103072b0 JavaThread "pool-888-thread-1"                 [_thread_blocked, id=43392, stack(0x000000ffd6000000,0x000000ffd6100000) (1024K)]
  0x00000299102f7950 JavaThread "Worker-5827: Initialize workspace"        [_thread_blocked, id=18832, stack(0x000000ffd5700000,0x000000ffd5800000) (1024K)]
  0x00000299102fef70 JavaThread "Connection worker"                 [_thread_blocked, id=10616, stack(0x000000ffd5d00000,0x000000ffd5e00000) (1024K)]
  0x00000299103044c0 JavaThread "pool-889-thread-1"                 [_thread_blocked, id=42596, stack(0x000000ffd6a00000,0x000000ffd6b00000) (1024K)]
  0x0000029910305870 JavaThread "Worker-5834: Initialize workspace"        [_thread_blocked, id=9040, stack(0x000000ffbd900000,0x000000ffbda00000) (1024K)]
  0x00000299102d2ab0 JavaThread "Connection worker"                 [_thread_blocked, id=33616, stack(0x000000ffd6300000,0x000000ffd6400000) (1024K)]
  0x00000299102f5880 JavaThread "Worker-5841: Initialize workspace"        [_thread_blocked, id=26664, stack(0x000000ffd7800000,0x000000ffd7900000) (1024K)]
  0x00000299102da760 JavaThread "pool-890-thread-1"                 [_thread_blocked, id=48032, stack(0x000000ffd6d00000,0x000000ffd6e00000) (1024K)]
  0x00000298f8103a30 JavaThread "Connection worker"                 [_thread_blocked, id=39020, stack(0x000000ffd7900000,0x000000ffd7a00000) (1024K)]
  0x00000298f8104750 JavaThread "pool-891-thread-1"                 [_thread_blocked, id=34544, stack(0x000000ffd7b00000,0x000000ffd7c00000) (1024K)]
  0x00000298f8116810 JavaThread "Connection worker"                 [_thread_blocked, id=40416, stack(0x000000ffb3100000,0x000000ffb3200000) (1024K)]
  0x00000298f81188e0 JavaThread "Worker-5849: Initialize workspace"        [_thread_blocked, id=18172, stack(0x000000ffbaa00000,0x000000ffbab00000) (1024K)]
  0x00000298f8105470 JavaThread "Connection worker"                 [_thread_blocked, id=8484, stack(0x000000ff9af00000,0x000000ff9b000000) (1024K)]
  0x00000298f8109ca0 JavaThread "pool-892-thread-1"                 [_thread_blocked, id=41908, stack(0x000000ffbdf00000,0x000000ffbe000000) (1024K)]
  0x00000298f8101ff0 JavaThread "Worker-5857: Initialize workspace"        [_thread_blocked, id=27956, stack(0x000000ffb1f00000,0x000000ffb2000000) (1024K)]
  0x00000298f80fc410 JavaThread "pool-893-thread-1"                 [_thread_blocked, id=26328, stack(0x000000ff95a00000,0x000000ff95b00000) (1024K)]
  0x00000298f8119c90 JavaThread "Worker-5863: Initialize workspace"        [_thread_blocked, id=24972, stack(0x000000ffbc600000,0x000000ffbc700000) (1024K)]
  0x00000298f67a8e00 JavaThread "Connection worker"                 [_thread_blocked, id=19744, stack(0x000000ffd0d00000,0x000000ffd0e00000) (1024K)]
  0x00000298f67aa840 JavaThread "Connection worker"                 [_thread_blocked, id=17912, stack(0x000000ffd5c00000,0x000000ffd5d00000) (1024K)]
  0x00000298f67b9b10 JavaThread "pool-894-thread-1"                 [_thread_blocked, id=41872, stack(0x000000ffd9600000,0x000000ffd9700000) (1024K)]
  0x00000298f67bc900 JavaThread "pool-895-thread-1"                 [_thread_blocked, id=28940, stack(0x000000ffd9700000,0x000000ffd9800000) (1024K)]
  0x00000298f67c3890 JavaThread "Worker-5869: Initialize workspace"        [_thread_blocked, id=43828, stack(0x000000ffda400000,0x000000ffda500000) (1024K)]
  0x00000298f67c1e50 JavaThread "Worker-5877: Initialize workspace"        [_thread_blocked, id=31680, stack(0x000000ffdb100000,0x000000ffdb200000) (1024K)]
  0x00000298f67b80d0 JavaThread "Connection worker"                 [_thread_blocked, id=5024, stack(0x000000ffc9a00000,0x000000ffc9b00000) (1024K)]
  0x000002990cf02210 JavaThread "Worker-5882: Initialize workspace"        [_thread_blocked, id=43756, stack(0x000000ffd9b00000,0x000000ffd9c00000) (1024K)]
  0x000002990cf0abe0 JavaThread "pool-896-thread-1"                 [_thread_blocked, id=36508, stack(0x000000ffc4b00000,0x000000ffc4c00000) (1024K)]
  0x000002990cf0b900 JavaThread "Connection worker"                 [_thread_blocked, id=24732, stack(0x000000ffd8700000,0x000000ffd8800000) (1024K)]
  0x000002990cf07df0 JavaThread "Connection worker"                 [_thread_blocked, id=26384, stack(0x000000ff85000000,0x000000ff85100000) (1024K)]
  0x000002990cf0d340 JavaThread "pool-897-thread-1"                 [_thread_blocked, id=33572, stack(0x000000ffdbe00000,0x000000ffdbf00000) (1024K)]
  0x000002990cf12f20 JavaThread "Connection worker"                 [_thread_blocked, id=25448, stack(0x000000ffdc800000,0x000000ffdc900000) (1024K)]
  0x000002990cf1d330 JavaThread "pool-898-thread-1"                 [_thread_blocked, id=44708, stack(0x000000ffdda00000,0x000000ffddb00000) (1024K)]
  0x00000298fdd7cf20 JavaThread "Worker-5890: Initialize workspace"        [_thread_blocked, id=38704, stack(0x000000ffdc500000,0x000000ffdc600000) (1024K)]
  0x00000298fdd9a7a0 JavaThread "Worker-5893: Initialize workspace"        [_thread_blocked, id=45584, stack(0x000000ffc4c00000,0x000000ffc4d00000) (1024K)]
  0x00000298fdda0380 JavaThread "Connection worker"                 [_thread_blocked, id=37840, stack(0x000000ffb6e00000,0x000000ffb6f00000) (1024K)]
  0x00000298fdd810c0 JavaThread "pool-899-thread-1"                 [_thread_blocked, id=39088, stack(0x000000ffddf00000,0x000000ffde000000) (1024K)]
  0x00000298ebcf6e40 JavaThread "Worker-5900: Initialize workspace"        [_thread_blocked, id=11632, stack(0x000000ffad400000,0x000000ffad500000) (1024K)]
  0x00000298ebcf74d0 JavaThread "Connection worker"                 [_thread_blocked, id=16572, stack(0x000000ffdca00000,0x000000ffdcb00000) (1024K)]
  0x00000298ebcf95a0 JavaThread "pool-900-thread-1"                 [_thread_blocked, id=25572, stack(0x000000ffdf000000,0x000000ffdf100000) (1024K)]
  0x00000298ebcf81f0 JavaThread "Worker-5904: Initialize workspace"        [_thread_blocked, id=32168, stack(0x000000ffb6200000,0x000000ffb6300000) (1024K)]
  0x00000298ebcfb670 JavaThread "Connection worker"                 [_thread_blocked, id=38044, stack(0x000000ffdfe00000,0x000000ffdff00000) (1024K)]
  0x0000029908cf4a60 JavaThread "pool-901-thread-1"                 [_thread_blocked, id=23640, stack(0x000000ffe0300000,0x000000ffe0400000) (1024K)]
  0x0000029908cf8570 JavaThread "Worker-5909: Initialize workspace"        [_thread_blocked, id=3160, stack(0x000000ffab200000,0x000000ffab300000) (1024K)]
  0x0000029908cfb9f0 JavaThread "Worker-5917: Initialize workspace"        [_thread_blocked, id=2052, stack(0x000000ffc4900000,0x000000ffc4a00000) (1024K)]
  0x0000029908d08560 JavaThread "Connection worker"                 [_thread_blocked, id=14092, stack(0x000000ffb2700000,0x000000ffb2800000) (1024K)]
  0x0000029908d09fa0 JavaThread "Connection worker"                 [_thread_blocked, id=19884, stack(0x000000ffdfb00000,0x000000ffdfc00000) (1024K)]
  0x0000029908d10210 JavaThread "pool-902-thread-1"                 [_thread_blocked, id=7344, stack(0x000000ffe0800000,0x000000ffe0900000) (1024K)]
  0x0000029908d01c60 JavaThread "pool-903-thread-1"                 [_thread_blocked, id=10576, stack(0x000000ff9bd00000,0x000000ff9be00000) (1024K)]
  0x0000029908d17830 JavaThread "Worker-5923: Initialize workspace"        [_thread_blocked, id=23192, stack(0x000000ffa8100000,0x000000ffa8200000) (1024K)]
  0x0000029908d2c6e0 JavaThread "Connection worker"                 [_thread_blocked, id=21076, stack(0x000000ffe1000000,0x000000ffe1100000) (1024K)]
  0x0000029912bfbf20 JavaThread "Connection worker"                 [_thread_blocked, id=25740, stack(0x000000ffe1200000,0x000000ffe1300000) (1024K)]
  0x0000029912c14f70 JavaThread "pool-904-thread-1"                 [_thread_blocked, id=48072, stack(0x000000ffe1a00000,0x000000ffe1b00000) (1024K)]
  0x0000029912c12180 JavaThread "pool-905-thread-1"                 [_thread_blocked, id=28516, stack(0x000000ffe1300000,0x000000ffe1400000) (1024K)]
  0x0000029912c1d2b0 JavaThread "Worker-5929: Initialize workspace"        [_thread_blocked, id=47648, stack(0x000000ffe0c00000,0x000000ffe0d00000) (1024K)]
  0x0000029912bf69d0 JavaThread "Connection worker"                 [_thread_blocked, id=18428, stack(0x000000ffe1f00000,0x000000ffe2000000) (1024K)]
  0x0000029912bf76f0 JavaThread "Worker-5936: Initialize workspace"        [_thread_blocked, id=45688, stack(0x000000ffc8100000,0x000000ffc8200000) (1024K)]
  0x0000029912bf7060 JavaThread "pool-906-thread-1"                 [_thread_blocked, id=47088, stack(0x000000ffe2500000,0x000000ffe2600000) (1024K)]
  0x00000298fd0d1720 JavaThread "Connection worker"                 [_thread_blocked, id=45348, stack(0x000000ffe2b00000,0x000000ffe2c00000) (1024K)]
  0x00000298fd0d1090 JavaThread "Worker-5943: Initialize workspace"        [_thread_blocked, id=4732, stack(0x000000ff8a800000,0x000000ff8a900000) (1024K)]
  0x00000298fd0ce2a0 JavaThread "pool-907-thread-1"                 [_thread_blocked, id=42572, stack(0x000000ffe0e00000,0x000000ffe0f00000) (1024K)]
  0x00000298fd0ddc00 JavaThread "Worker-5949: Initialize workspace"        [_thread_blocked, id=9748, stack(0x000000ffe3f00000,0x000000ffe4000000) (1024K)]
  0x0000029908fa7bc0 JavaThread "Worker-5955: Initialize workspace"        [_thread_blocked, id=46692, stack(0x000000ffe6d00000,0x000000ffe6e00000) (1024K)]
  0x0000029908fb9c80 JavaThread "Connection worker"                 [_thread_blocked, id=25544, stack(0x000000ffe6800000,0x000000ffe6900000) (1024K)]
  0x0000029908fd39f0 JavaThread "Connection worker"                 [_thread_blocked, id=41020, stack(0x000000ffe7900000,0x000000ffe7a00000) (1024K)]
  0x00000298f80a7890 JavaThread "pool-909-thread-1"                 [_thread_blocked, id=47080, stack(0x000000ffe7a00000,0x000000ffe7b00000) (1024K)]
  0x00000298f80b2330 JavaThread "Worker-5964: Initialize workspace"        [_thread_blocked, id=22692, stack(0x000000ffe7c00000,0x000000ffe7d00000) (1024K)]
  0x00000298f80a8c40 JavaThread "pool-910-thread-1"                 [_thread_blocked, id=27824, stack(0x000000ffad300000,0x000000ffad400000) (1024K)]
  0x00000298f80af540 JavaThread "Worker-5968: Initialize workspace"        [_thread_blocked, id=5676, stack(0x000000ff9c000000,0x000000ff9c100000) (1024K)]
  0x00000298f80b1610 JavaThread "Connection worker"                 [_thread_blocked, id=42012, stack(0x000000ffb2f00000,0x000000ffb3000000) (1024K)]
  0x00000298f80b6b60 JavaThread "Connection worker"                 [_thread_blocked, id=45996, stack(0x000000ffe2f00000,0x000000ffe3000000) (1024K)]
  0x000002991123d7e0 JavaThread "Worker-5972: Initialize workspace"        [_thread_blocked, id=30052, stack(0x000000ffe8600000,0x000000ffe8700000) (1024K)]
  0x00000299112505c0 JavaThread "pool-911-thread-1"                 [_thread_blocked, id=39816, stack(0x000000ffe2a00000,0x000000ffe2b00000) (1024K)]
  0x000002991125f890 JavaThread "Connection worker"                 [_thread_blocked, id=38412, stack(0x000000ffe8100000,0x000000ffe8200000) (1024K)]
  0x00000298f38b0dc0 JavaThread "pool-912-thread-1"                 [_thread_blocked, id=42368, stack(0x000000ffe8e00000,0x000000ffe8f00000) (1024K)]
  0x00000298f38b2e90 JavaThread "Connection worker"                 [_thread_blocked, id=16284, stack(0x000000ffe9d00000,0x000000ffe9e00000) (1024K)]
  0x00000298f38b00a0 JavaThread "Worker-5986: Initialize workspace"        [_thread_blocked, id=41076, stack(0x000000ffe8d00000,0x000000ffe8e00000) (1024K)]
  0x00000298f38b3bb0 JavaThread "pool-913-thread-1"                 [_thread_blocked, id=30912, stack(0x000000ffea600000,0x000000ffea700000) (1024K)]
  0x00000298f67a9490 JavaThread "Worker-5990: Initialize workspace"        [_thread_blocked, id=24648, stack(0x000000ffea700000,0x000000ffea800000) (1024K)]
  0x00000298f67ba830 JavaThread "Worker-5994: Initialize workspace"        [_thread_blocked, id=34836, stack(0x000000ffeab00000,0x000000ffeac00000) (1024K)]
  0x00000298f67b73b0 JavaThread "Connection worker"                 [_thread_blocked, id=14756, stack(0x000000ffeae00000,0x000000ffeaf00000) (1024K)]
  0x00000298f67bbbe0 JavaThread "pool-914-thread-1"                 [_thread_blocked, id=17648, stack(0x000000ffeb200000,0x000000ffeb300000) (1024K)]
  0x000002990a7d4390 JavaThread "Worker-6002: Initialize workspace"        [_thread_blocked, id=28856, stack(0x000000ffea000000,0x000000ffea100000) (1024K)]
  0x000002990a7dac90 JavaThread "Connection worker"                 [_thread_blocked, id=30344, stack(0x000000ffea100000,0x000000ffea200000) (1024K)]
  0x000002990a7e01e0 JavaThread "Connection worker"                 [_thread_blocked, id=23160, stack(0x000000ffebb00000,0x000000ffebc00000) (1024K)]
  0x000002990a7e4380 JavaThread "Connection worker"                 [_thread_blocked, id=18004, stack(0x000000ffebc00000,0x000000ffebd00000) (1024K)]
  0x00000298f2f18b00 JavaThread "pool-915-thread-1"                 [_thread_blocked, id=30056, stack(0x000000ffebe00000,0x000000ffebf00000) (1024K)]
  0x00000298f2f1cca0 JavaThread "pool-916-thread-1"                 [_thread_blocked, id=32716, stack(0x000000ffec300000,0x000000ffec400000) (1024K)]
  0x00000298f2f1c610 JavaThread "Worker-6009: Initialize workspace"        [_thread_blocked, id=41256, stack(0x000000ffeba00000,0x000000ffebb00000) (1024K)]
  0x00000298f4b6dd80 JavaThread "pool-917-thread-1"                 [_thread_blocked, id=25828, stack(0x000000ffec400000,0x000000ffec500000) (1024K)]
  0x00000298f8107bd0 JavaThread "Connection worker"                 [_thread_blocked, id=43352, stack(0x000000ffed000000,0x000000ffed100000) (1024K)]
  0x00000298f81088f0 JavaThread "pool-918-thread-1"                 [_thread_blocked, id=43668, stack(0x000000ffeb700000,0x000000ffeb800000) (1024K)]
  0x00000298f810f1f0 JavaThread "Worker-6016: Initialize workspace"        [_thread_blocked, id=27368, stack(0x000000ffec500000,0x000000ffec600000) (1024K)]
  0x0000029912c0d2c0 JavaThread "Worker-6019: Initialize workspace"        [_thread_blocked, id=31352, stack(0x000000ffece00000,0x000000ffecf00000) (1024K)]
  0x00000298f4b732d0 JavaThread "Connection worker"                 [_thread_blocked, id=1772, stack(0x000000ffed700000,0x000000ffed800000) (1024K)]
  0x00000299084ad890 JavaThread "Worker-6029: Initialize workspace"        [_thread_blocked, id=1084, stack(0x000000ffebf00000,0x000000ffec000000) (1024K)]
  0x00000299084bf2c0 JavaThread "Connection worker"                 [_thread_blocked, id=19860, stack(0x000000ffed600000,0x000000ffed700000) (1024K)]
  0x000002990cf08480 JavaThread "pool-919-thread-1"                 [_thread_blocked, id=37732, stack(0x000000ffed200000,0x000000ffed300000) (1024K)]
  0x000002990cf14ff0 JavaThread "Worker-6033: Initialize workspace"        [_thread_blocked, id=41688, stack(0x000000ffedf00000,0x000000ffee000000) (1024K)]
  0x000002991123eb90 JavaThread "pool-920-thread-1"                 [_thread_blocked, id=32696, stack(0x000000ffee500000,0x000000ffee600000) (1024K)]
  0x0000029910300320 JavaThread "Connection worker"                 [_thread_blocked, id=22432, stack(0x000000ffeec00000,0x000000ffeed00000) (1024K)]
  0x00000299079f5770 JavaThread "Connection worker"                 [_thread_blocked, id=44488, stack(0x000000ffedd00000,0x000000ffede00000) (1024K)]
  0x00000299079ff4f0 JavaThread "Worker-6042: Initialize workspace"        [_thread_blocked, id=44036, stack(0x000000ffa7800000,0x000000ffa7900000) (1024K)]
  0x00000299079fdab0 JavaThread "pool-921-thread-1"                 [_thread_blocked, id=23896, stack(0x000000ffd8100000,0x000000ffd8200000) (1024K)]
  0x0000029907a022e0 JavaThread "pool-922-thread-1"                 [_thread_blocked, id=46960, stack(0x000000ffed900000,0x000000ffeda00000) (1024K)]
  0x0000029907a05df0 JavaThread "Connection worker"                 [_thread_blocked, id=27056, stack(0x000000ffc1200000,0x000000ffc1300000) (1024K)]
  0x0000029907a043b0 JavaThread "pool-923-thread-1"                 [_thread_blocked, id=36544, stack(0x000000ffeed00000,0x000000ffeee00000) (1024K)]
  0x0000029907a08be0 JavaThread "Worker-6050: Initialize workspace"        [_thread_blocked, id=18292, stack(0x000000ffeeb00000,0x000000ffeec00000) (1024K)]
  0x0000029907a10f20 JavaThread "Worker-6056: Initialize workspace"        [_thread_blocked, id=36324, stack(0x000000ffef000000,0x000000ffef100000) (1024K)]
  0x0000029907a13680 JavaThread "Connection worker"                 [_thread_blocked, id=33132, stack(0x000000ffcfa00000,0x000000ffcfb00000) (1024K)]
  0x0000029907a22950 JavaThread "pool-924-thread-1"                 [_thread_blocked, id=34296, stack(0x000000ffef700000,0x000000ffef800000) (1024K)]
  0x0000029907a1d400 JavaThread "Worker-6061: Initialize workspace"        [_thread_blocked, id=32968, stack(0x000000ffef300000,0x000000ffef400000) (1024K)]
  0x0000029907a250b0 JavaThread "Connection worker"                 [_thread_blocked, id=44972, stack(0x000000fff0900000,0x000000fff0a00000) (1024K)]
  0x0000029907a21c30 JavaThread "Connection worker"                 [_thread_blocked, id=36756, stack(0x000000fff1000000,0x000000fff1100000) (1024K)]
  0x0000029907a28530 JavaThread "Worker-6067: Initialize workspace"        [_thread_blocked, id=15252, stack(0x000000fff1100000,0x000000fff1200000) (1024K)]
  0x0000029907a23d00 JavaThread "pool-925-thread-1"                 [_thread_blocked, id=42184, stack(0x000000fff0100000,0x000000fff0200000) (1024K)]
  0x0000029907a1aca0 JavaThread "pool-926-thread-1"                 [_thread_blocked, id=27004, stack(0x000000fff1a00000,0x000000fff1b00000) (1024K)]
  0x0000029907a215a0 JavaThread "Worker-6074: Initialize workspace"        [_thread_blocked, id=6736, stack(0x000000ffef100000,0x000000ffef200000) (1024K)]
  0x0000029907a25740 JavaThread "Connection worker"                 [_thread_blocked, id=13688, stack(0x000000ffeff00000,0x000000fff0000000) (1024K)]
  0x0000029912be7d90 JavaThread "Worker-6078: Initialize workspace"        [_thread_blocked, id=43256, stack(0x000000fff1b00000,0x000000fff1c00000) (1024K)]
  0x0000029912c15600 JavaThread "pool-927-thread-1"                 [_thread_blocked, id=23352, stack(0x000000fff1300000,0x000000fff1400000) (1024K)]
  0x00000298f67b24f0 JavaThread "Connection worker"                 [_thread_blocked, id=39412, stack(0x000000fff2200000,0x000000fff2300000) (1024K)]
  0x0000029911237570 JavaThread "pool-928-thread-1"                 [_thread_blocked, id=46772, stack(0x000000fff2400000,0x000000fff2500000) (1024K)]
  0x000002991125e4e0 JavaThread "Worker-6083: Initialize workspace"        [_thread_blocked, id=17684, stack(0x000000fff2500000,0x000000fff2600000) (1024K)]
  0x00000298fdd9bb50 JavaThread "Worker-6086: Initialize workspace"        [_thread_blocked, id=21968, stack(0x000000fff2700000,0x000000fff2800000) (1024K)]
  0x00000298f074c4f0 JavaThread "Connection worker"                 [_thread_blocked, id=12308, stack(0x000000fff3200000,0x000000fff3300000) (1024K)]
  0x0000029908d1c060 JavaThread "pool-929-thread-1"                 [_thread_blocked, id=29504, stack(0x000000fff3600000,0x000000fff3700000) (1024K)]
  0x0000029908cfee70 JavaThread "Connection worker"                 [_thread_blocked, id=46056, stack(0x000000fff3800000,0x000000fff3900000) (1024K)]
  0x0000029908d23d10 JavaThread "Worker-6094: Initialize workspace"        [_thread_blocked, id=26184, stack(0x000000fff3a00000,0x000000fff3b00000) (1024K)]
  0x00000298ebcf8f10 JavaThread "Connection worker"                 [_thread_blocked, id=46924, stack(0x000000fff1d00000,0x000000fff1e00000) (1024K)]
  0x00000298ebcfd0b0 JavaThread "pool-930-thread-1"                 [_thread_blocked, id=13584, stack(0x000000fff2300000,0x000000fff2400000) (1024K)]
  0x00000298ebcfafe0 JavaThread "pool-931-thread-1"                 [_thread_blocked, id=17384, stack(0x000000fff3500000,0x000000fff3600000) (1024K)]
  0x000002990a7d9f70 JavaThread "Connection worker"                 [_thread_blocked, id=25852, stack(0x000000fff3c00000,0x000000fff3d00000) (1024K)]
  0x00000298fdd6f000 JavaThread "pool-932-thread-1"                 [_thread_blocked, id=39080, stack(0x000000fff4200000,0x000000fff4300000) (1024K)]
  0x00000298f77d2a30 JavaThread "Worker-6103: Initialize workspace"        [_thread_blocked, id=36380, stack(0x000000fff4800000,0x000000fff4900000) (1024K)]
  0x00000298f77d4b00 JavaThread "Connection worker"                 [_thread_blocked, id=41024, stack(0x000000fff4300000,0x000000fff4400000) (1024K)]
  0x00000298f77d6bd0 JavaThread "Worker-6108: Initialize workspace"        [_thread_blocked, id=24124, stack(0x000000fff4b00000,0x000000fff4c00000) (1024K)]
  0x00000298f77d1d10 JavaThread "pool-933-thread-1"                 [_thread_blocked, id=36968, stack(0x000000ffddc00000,0x000000ffddd00000) (1024K)]
  0x00000298f77d3de0 JavaThread "Worker-6113: Initialize workspace"        [_thread_blocked, id=29024, stack(0x000000fff4a00000,0x000000fff4b00000) (1024K)]
  0x00000298f77d7f80 JavaThread "Connection worker"                 [_thread_blocked, id=35888, stack(0x000000fff4d00000,0x000000fff4e00000) (1024K)]
  0x00000298f699ad80 JavaThread "Connection worker"                 [_thread_blocked, id=33860, stack(0x000000ffdd500000,0x000000ffdd600000) (1024K)]
  0x00000298f699c130 JavaThread "Worker-6120: Initialize workspace"        [_thread_blocked, id=33564, stack(0x000000fff4000000,0x000000fff4100000) (1024K)]
  0x00000298f699baa0 JavaThread "pool-934-thread-1"                 [_thread_blocked, id=28244, stack(0x000000fff4c00000,0x000000fff4d00000) (1024K)]
  0x00000298f699a060 JavaThread "pool-935-thread-1"                 [_thread_blocked, id=40012, stack(0x000000ffdd300000,0x000000ffdd400000) (1024K)]
  0x00000298f699db70 JavaThread "Worker-6123: Initialize workspace"        [_thread_blocked, id=45244, stack(0x000000ffdc200000,0x000000ffdc300000) (1024K)]
  0x00000298f699f5b0 JavaThread "Worker-6129: Initialize workspace"        [_thread_blocked, id=29916, stack(0x000000fff5200000,0x000000fff5300000) (1024K)]
  0x00000298f699fc40 JavaThread "Connection worker"                 [_thread_blocked, id=25440, stack(0x000000ffdf100000,0x000000ffdf200000) (1024K)]
  0x00000298f69a0960 JavaThread "Connection worker"                 [_thread_blocked, id=47028, stack(0x000000fff5700000,0x000000fff5800000) (1024K)]
  0x000002990cf1cca0 JavaThread "pool-936-thread-1"                 [_thread_blocked, id=37804, stack(0x000000fff5b00000,0x000000fff5c00000) (1024K)]
  0x000002990cf1abd0 JavaThread "pool-937-thread-1"                 [_thread_blocked, id=28180, stack(0x000000fff5e00000,0x000000fff5f00000) (1024K)]
  0x000002990cf0e6f0 JavaThread "Worker-6133: Initialize workspace"        [_thread_blocked, id=38380, stack(0x000000fff5f00000,0x000000fff6000000) (1024K)]
  0x00000298fdd9c870 JavaThread "Worker-6137: Initialize workspace"        [_thread_blocked, id=19636, stack(0x000000ffde000000,0x000000ffde100000) (1024K)]
  0x00000298f699a6f0 JavaThread "Worker-6140: Initialize workspace"        [_thread_blocked, id=32264, stack(0x000000fff6400000,0x000000fff6500000) (1024K)]
  0x0000029908fa1fe0 JavaThread "Connection worker"                 [_thread_blocked, id=33824, stack(0x000000ffe7100000,0x000000ffe7200000) (1024K)]
  0x0000029908f9c400 JavaThread "Connection worker"                 [_thread_blocked, id=7692, stack(0x000000ffc3f00000,0x000000ffc4000000) (1024K)]
  0x0000029908fa6810 JavaThread "Connection worker"                 [_thread_blocked, id=37440, stack(0x000000ffe8200000,0x000000ffe8300000) (1024K)]
  0x00000298f77d78f0 JavaThread "pool-938-thread-1"                 [_thread_blocked, id=40160, stack(0x000000fff5a00000,0x000000fff5b00000) (1024K)]
  0x00000298f77d5eb0 JavaThread "Connection worker"                 [_thread_blocked, id=20744, stack(0x000000fff6600000,0x000000fff6700000) (1024K)]
  0x00000298f80bf530 JavaThread "pool-939-thread-1"                 [_thread_blocked, id=36108, stack(0x000000fff6a00000,0x000000fff6b00000) (1024K)]
  0x00000298f80bc740 JavaThread "pool-940-thread-1"                 [_thread_blocked, id=45456, stack(0x000000fff6e00000,0x000000fff6f00000) (1024K)]
  0x0000029910306c20 JavaThread "Worker-6150: Initialize workspace"        [_thread_blocked, id=22908, stack(0x000000fff7100000,0x000000fff7200000) (1024K)]
  0x00000298f4b73960 JavaThread "pool-941-thread-1"                 [_thread_blocked, id=36848, stack(0x000000fff6800000,0x000000fff6900000) (1024K)]
  0x00000298fd0defb0 JavaThread "Worker-6154: Initialize workspace"        [_thread_blocked, id=36116, stack(0x000000fff7200000,0x000000fff7300000) (1024K)]
  0x00000298f810b050 JavaThread "Connection worker"                 [_thread_blocked, id=19572, stack(0x000000fff7900000,0x000000fff7a00000) (1024K)]
  0x00000298f67b17d0 JavaThread "pool-942-thread-1"                 [_thread_blocked, id=7744, stack(0x000000fff8100000,0x000000fff8200000) (1024K)]
  0x00000298ebcf8880 JavaThread "Worker-6157: Initialize workspace"        [_thread_blocked, id=44128, stack(0x000000ffde700000,0x000000ffde800000) (1024K)]
  0x00000298fdd82470 JavaThread "Connection worker"                 [_thread_blocked, id=15944, stack(0x000000fff7a00000,0x000000fff7b00000) (1024K)]
  0x000002991126b6e0 JavaThread "Worker-6161: Initialize workspace"        [_thread_blocked, id=5288, stack(0x000000fff7b00000,0x000000fff7c00000) (1024K)]
  0x00000298f2f19eb0 JavaThread "pool-943-thread-1"                 [_thread_blocked, id=31136, stack(0x000000ffe8700000,0x000000ffe8800000) (1024K)]
  0x00000298f38b55f0 JavaThread "Connection worker"                 [_thread_blocked, id=12268, stack(0x000000fff8200000,0x000000fff8300000) (1024K)]
  0x00000298ebcfca20 JavaThread "Connection worker"                 [_thread_blocked, id=24780, stack(0x000000fff8400000,0x000000fff8500000) (1024K)]
  0x00000298ebcf9c30 JavaThread "pool-944-thread-1"                 [_thread_blocked, id=26652, stack(0x000000fff8500000,0x000000fff8600000) (1024K)]
  0x00000298f074b140 JavaThread "pool-945-thread-1"                 [_thread_blocked, id=38656, stack(0x000000ffda300000,0x000000ffda400000) (1024K)]
  0x00000298f67c24e0 JavaThread "Connection worker"                 [_thread_blocked, id=33064, stack(0x000000ffdac00000,0x000000ffdad00000) (1024K)]
  0x00000298f67ad630 JavaThread "pool-946-thread-1"                 [_thread_blocked, id=20592, stack(0x000000fff8600000,0x000000fff8700000) (1024K)]
  0x00000298f67b9480 JavaThread "Worker-6171: Initialize workspace"        [_thread_blocked, id=28576, stack(0x000000fff8c00000,0x000000fff8d00000) (1024K)]
  0x00000298f0749d90 JavaThread "Worker-6174: Initialize workspace"        [_thread_blocked, id=20444, stack(0x000000ffc7400000,0x000000ffc7500000) (1024K)]
  0x000002990cf14960 JavaThread "Worker-6177: Initialize workspace"        [_thread_blocked, id=43940, stack(0x000000fff9000000,0x000000fff9100000) (1024K)]
  0x00000298f23967b0 JavaThread "Connection worker"                 [_thread_blocked, id=2732, stack(0x000000fff9200000,0x000000fff9300000) (1024K)]
  0x00000298f23974d0 JavaThread "pool-947-thread-1"                 [_thread_blocked, id=18336, stack(0x000000fff9400000,0x000000fff9500000) (1024K)]
  0x00000298f2391f80 JavaThread "Connection worker"                 [_thread_blocked, id=41832, stack(0x000000fff8e00000,0x000000fff8f00000) (1024K)]
  0x00000298f2394050 JavaThread "pool-948-thread-1"                 [_thread_blocked, id=22552, stack(0x000000fff9e00000,0x000000fff9f00000) (1024K)]
  0x00000298f2394d70 JavaThread "Worker-6186: Initialize workspace"        [_thread_blocked, id=28844, stack(0x000000fff9f00000,0x000000fffa000000) (1024K)]
  0x00000298f2396120 JavaThread "Connection worker"                 [_thread_blocked, id=44552, stack(0x000000fff9a00000,0x000000fff9b00000) (1024K)]
  0x00000298f2398f10 JavaThread "pool-949-thread-1"                 [_thread_blocked, id=34364, stack(0x000000ffca800000,0x000000ffca900000) (1024K)]
  0x00000298f2397b60 JavaThread "Worker-6190: Initialize workspace"        [_thread_blocked, id=35984, stack(0x000000fffa400000,0x000000fffa500000) (1024K)]
  0x00000298f2395a90 JavaThread "Worker-6194: Initialize workspace"        [_thread_blocked, id=3416, stack(0x000000fffa300000,0x000000fffa400000) (1024K)]
  0x00000298f2393330 JavaThread "Worker-6196: Initialize workspace"        [_thread_blocked, id=12788, stack(0x000000fffa700000,0x000000fffa800000) (1024K)]
  0x000002990a7de110 JavaThread "Connection worker"                 [_thread_blocked, id=29336, stack(0x000000fffaf00000,0x000000fffb000000) (1024K)]
  0x00000298f70f5480 JavaThread "Connection worker"                 [_thread_blocked, id=25052, stack(0x000000fffb000000,0x000000fffb100000) (1024K)]
  0x00000298f70f40d0 JavaThread "Connection worker"                 [_thread_blocked, id=26984, stack(0x000000fffaa00000,0x000000fffab00000) (1024K)]
  0x00000298f70f6ec0 JavaThread "pool-950-thread-1"                 [_thread_blocked, id=29344, stack(0x000000ffc1600000,0x000000ffc1700000) (1024K)]
  0x00000298f70f7550 JavaThread "pool-951-thread-1"                 [_thread_blocked, id=24668, stack(0x000000fffba00000,0x000000fffbb00000) (1024K)]
  0x00000298f70f7be0 JavaThread "pool-952-thread-1"                 [_thread_blocked, id=27720, stack(0x000000fffbd00000,0x000000fffbe00000) (1024K)]
  0x00000298f70f33b0 JavaThread "Worker-6206: Initialize workspace"        [_thread_blocked, id=26252, stack(0x000000ffb0800000,0x000000ffb0900000) (1024K)]
  0x00000298f2ce4170 JavaThread "Worker-6209: Initialize workspace"        [_thread_blocked, id=20076, stack(0x000000ffdb900000,0x000000ffdba00000) (1024K)]
  0x0000029908fa40b0 JavaThread "Connection worker"                 [_thread_blocked, id=38800, stack(0x000000ffe6500000,0x000000ffe6600000) (1024K)]
  0x0000029908fb8240 JavaThread "Connection worker"                 [_thread_blocked, id=22564, stack(0x000000ffddb00000,0x000000ffddc00000) (1024K)]
  0x00000298fdd76620 JavaThread "Worker-6220: Initialize workspace"        [_thread_blocked, id=36724, stack(0x000000fffb100000,0x000000fffb200000) (1024K)]
  0x00000298f80ff200 JavaThread "pool-953-thread-1"                 [_thread_blocked, id=30764, stack(0x000000ff8f200000,0x000000ff8f300000) (1024K)]
  0x00000298f8112d00 JavaThread "Connection worker"                 [_thread_blocked, id=6848, stack(0x000000ff94a00000,0x000000ff94b00000) (1024K)]
  0x00000298f8118250 JavaThread "pool-954-thread-1"                 [_thread_blocked, id=43152, stack(0x000000ff9be00000,0x000000ff9bf00000) (1024K)]
  0x00000298f8115460 JavaThread "pool-955-thread-1"                 [_thread_blocked, id=45600, stack(0x000000ffa8600000,0x000000ffa8700000) (1024K)]
  0x00000299112561a0 JavaThread "Worker-6228: Initialize workspace"        [_thread_blocked, id=45044, stack(0x000000ffbf500000,0x000000ffbf600000) (1024K)]
  0x0000029911257be0 JavaThread "Connection worker"                 [_thread_blocked, id=46316, stack(0x000000ffc2800000,0x000000ffc2900000) (1024K)]
  0x00000298f2ce0cf0 JavaThread "pool-956-thread-1"                 [_thread_blocked, id=24404, stack(0x000000ffae000000,0x000000ffae100000) (1024K)]
  0x00000298f2ce5520 JavaThread "Worker-6239: Initialize workspace"        [_thread_blocked, id=20136, stack(0x000000ffc9200000,0x000000ffc9300000) (1024K)]
  0x00000298fdd7ae50 JavaThread "Connection worker"                 [_thread_blocked, id=34388, stack(0x000000ffd0200000,0x000000ffd0300000) (1024K)]
  0x0000029911231300 JavaThread "Worker-6246: Initialize workspace"        [_thread_blocked, id=7452, stack(0x000000ffad700000,0x000000ffad800000) (1024K)]
  0x0000029911247560 JavaThread "pool-957-thread-1"                 [_thread_blocked, id=47824, stack(0x000000ffba700000,0x000000ffba800000) (1024K)]
  0x0000029911259620 JavaThread "Connection worker"                 [_thread_blocked, id=32748, stack(0x000000ffa0200000,0x000000ffa0300000) (1024K)]
  0x00000299084e47f0 JavaThread "Connection worker"                 [_thread_blocked, id=19356, stack(0x000000ffc2100000,0x000000ffc2200000) (1024K)]
  0x00000299084e96b0 JavaThread "Worker-6254: Initialize workspace"        [_thread_blocked, id=26940, stack(0x000000ffc4600000,0x000000ffc4700000) (1024K)]
  0x00000298f67bc270 JavaThread "Connection worker"                 [_thread_blocked, id=20792, stack(0x000000ffd8f00000,0x000000ffd9000000) (1024K)]
  0x0000029908f9d7b0 JavaThread "pool-958-thread-1"                 [_thread_blocked, id=45148, stack(0x000000ffd9500000,0x000000ffd9600000) (1024K)]
  0x0000029908faff00 JavaThread "pool-959-thread-1"                 [_thread_blocked, id=33748, stack(0x000000ffdd900000,0x000000ffdda00000) (1024K)]
  0x0000029908fcfee0 JavaThread "Worker-6260: Initialize workspace"        [_thread_blocked, id=32516, stack(0x000000ffba600000,0x000000ffba700000) (1024K)]
  0x00000298fdda79a0 JavaThread "Worker-6267: Initialize workspace"        [_thread_blocked, id=25204, stack(0x000000ffe6300000,0x000000ffe6400000) (1024K)]
  0x0000029911238290 JavaThread "Connection worker"                 [_thread_blocked, id=17736, stack(0x000000fffbf00000,0x000000fffc000000) (1024K)]
  0x00000298fdd6cf30 JavaThread "Connection worker"                 [_thread_blocked, id=39124, stack(0x000000fffc100000,0x000000fffc200000) (1024K)]
  0x00000298fdd83eb0 JavaThread "Worker-6277: Initialize workspace"        [_thread_blocked, id=15616, stack(0x000000fffb400000,0x000000fffb500000) (1024K)]
  0x00000298f70f2690 JavaThread "pool-960-thread-1"                 [_thread_blocked, id=37080, stack(0x000000fffc600000,0x000000fffc700000) (1024K)]
  0x00000298f67b0ab0 JavaThread "pool-961-thread-1"                 [_thread_blocked, id=41336, stack(0x000000fffcc00000,0x000000fffcd00000) (1024K)]
  0x00000298f67b2b80 JavaThread "Worker-6284: Initialize workspace"        [_thread_blocked, id=27428, stack(0x000000fffc700000,0x000000fffc800000) (1024K)]
  0x00000298f1e6b870 JavaThread "Connection worker"                 [_thread_blocked, id=33348, stack(0x000000fffac00000,0x000000fffad00000) (1024K)]
  0x00000298f1e6ab50 JavaThread "pool-962-thread-1"                 [_thread_blocked, id=47272, stack(0x000000fffce00000,0x000000fffcf00000) (1024K)]
  0x00000298f1e697a0 JavaThread "Connection worker"                 [_thread_blocked, id=23188, stack(0x000000fffd300000,0x000000fffd400000) (1024K)]
  0x00000298f1e6a4c0 JavaThread "pool-963-thread-1"                 [_thread_blocked, id=16504, stack(0x000000fffd100000,0x000000fffd200000) (1024K)]
  0x00000298f1e6d940 JavaThread "Exec process Thread 308"           [_thread_blocked, id=42592, stack(0x000000fffed00000,0x000000fffee00000) (1024K)]
  0x00000298f1e769a0 JavaThread "Worker-6296: Initialize workspace"        [_thread_blocked, id=28324, stack(0x000000ffff400000,0x000000ffff500000) (1024K)]
  0x00000298f1e72170 JavaThread "Connection worker"                 [_thread_blocked, id=45920, stack(0x000000ffff300000,0x000000ffff400000) (1024K)]
  0x000002990cf0bf90 JavaThread "pool-964-thread-1"                 [_thread_blocked, id=22480, stack(0x000000ffffe00000,0x000000fffff00000) (1024K)]
  0x00000298f03792b0 JavaThread "Worker-6304: Initialize workspace"        [_thread_blocked, id=43516, stack(0x0000010000800000,0x0000010000900000) (1024K)]
  0x000002990b1d4230 JavaThread "Connection worker"                 [_thread_blocked, id=4904, stack(0x000000ffe3700000,0x000000ffe3800000) (1024K)]
  0x000002990b1d3510 JavaThread "Connection worker"                 [_thread_blocked, id=24596, stack(0x0000010001e00000,0x0000010001f00000) (1024K)]
  0x000002990b1d7d40 JavaThread "pool-965-thread-1"                 [_thread_blocked, id=3080, stack(0x0000010001100000,0x0000010001200000) (1024K)]
  0x000002990b1dc570 JavaThread "Worker-6317: Initialize workspace"        [_thread_blocked, id=14036, stack(0x0000010002200000,0x0000010002300000) (1024K)]
  0x000002990b1dcc00 JavaThread "Connection worker"                 [_thread_blocked, id=16256, stack(0x0000010002900000,0x0000010002a00000) (1024K)]
  0x000002990b1db850 JavaThread "pool-966-thread-1"                 [_thread_blocked, id=42952, stack(0x0000010002700000,0x0000010002800000) (1024K)]
  0x000002990b1eb840 JavaThread "Worker-6328: Initialize workspace"        [_thread_blocked, id=31692, stack(0x0000010004500000,0x0000010004600000) (1024K)]
  0x000002990b1ed910 JavaThread "Connection worker"                 [_thread_blocked, id=47316, stack(0x0000010004600000,0x0000010004700000) (1024K)]
  0x000002990b1eecc0 JavaThread "pool-967-thread-1"                 [_thread_blocked, id=26012, stack(0x0000010005400000,0x0000010005500000) (1024K)]
  0x000002990b1f1420 JavaThread "Worker-6339: Initialize workspace"        [_thread_blocked, id=45392, stack(0x0000010005d00000,0x0000010005e00000) (1024K)]
  0x000002990b1b6320 JavaThread "Connection worker"                 [_thread_blocked, id=37480, stack(0x0000010006900000,0x0000010006a00000) (1024K)]
  0x000002990b1bfa10 JavaThread "pool-968-thread-1"                 [_thread_blocked, id=6944, stack(0x0000010008e00000,0x0000010008f00000) (1024K)]
  0x000002990b1c48d0 JavaThread "Worker-6351: Initialize workspace"        [_thread_blocked, id=44116, stack(0x0000010009700000,0x0000010009800000) (1024K)]
  0x000002990fa7c440 JavaThread "Connection worker"                 [_thread_blocked, id=41064, stack(0x000001000b200000,0x000001000b300000) (1024K)]
  0x000002990fa7ff50 JavaThread "pool-969-thread-1"                 [_thread_blocked, id=33076, stack(0x000001000a100000,0x000001000a200000) (1024K)]
  0x000002990fa833d0 JavaThread "Worker-6361: Initialize workspace"        [_thread_blocked, id=34612, stack(0x000000ffbfc00000,0x000000ffbfd00000) (1024K)]
  0x000002990fa482d0 JavaThread "Connection worker"                 [_thread_blocked, id=47980, stack(0x000001000be00000,0x000001000bf00000) (1024K)]
  0x000002990fa861c0 JavaThread "pool-970-thread-1"                 [_thread_blocked, id=29048, stack(0x000001000b900000,0x000001000ba00000) (1024K)]
  0x000002990fa49d10 JavaThread "Worker-6370: Initialize workspace"        [_thread_blocked, id=46280, stack(0x000001000d000000,0x000001000d100000) (1024K)]
  0x000002990fa4e540 JavaThread "Connection worker"                 [_thread_blocked, id=23168, stack(0x000001000d900000,0x000001000da00000) (1024K)]
  0x000002990fa547b0 JavaThread "Worker-6381: Initialize workspace"        [_thread_blocked, id=33200, stack(0x000001000da00000,0x000001000db00000) (1024K)]
  0x000002990fa52050 JavaThread "pool-971-thread-1"                 [_thread_blocked, id=44604, stack(0x000001000df00000,0x000001000e000000) (1024K)]
  0x000002990fa57c30 JavaThread "Connection worker"                 [_thread_blocked, id=37972, stack(0x000001000ee00000,0x000001000ef00000) (1024K)]
  0x000002990fa58fe0 JavaThread "pool-972-thread-1"                 [_thread_blocked, id=34712, stack(0x000000ffaa500000,0x000000ffaa600000) (1024K)]
  0x000002990fa5ff70 JavaThread "Worker-6391: Initialize workspace"        [_thread_blocked, id=44044, stack(0x000001000ec00000,0x000001000ed00000) (1024K)]
  0x000002990fa64e30 JavaThread "Connection worker"                 [_thread_blocked, id=39768, stack(0x0000010010000000,0x0000010010100000) (1024K)]
  0x000002990fa66870 JavaThread "Worker-6402: Initialize workspace"        [_thread_blocked, id=45280, stack(0x000001000f000000,0x000001000f100000) (1024K)]
  0x000002990fa66f00 JavaThread "pool-973-thread-1"                 [_thread_blocked, id=44792, stack(0x000001000ff00000,0x0000010010000000) (1024K)]
  0x000002990fa6f240 JavaThread "Connection worker"                 [_thread_blocked, id=44592, stack(0x0000010010a00000,0x0000010010b00000) (1024K)]
  0x000002990fa6d800 JavaThread "Worker-6411: Initialize workspace"        [_thread_blocked, id=25708, stack(0x0000010011300000,0x0000010011400000) (1024K)]
  0x000002990fa72d50 JavaThread "pool-974-thread-1"                 [_thread_blocked, id=21132, stack(0x0000010011e00000,0x0000010011f00000) (1024K)]
  0x000002990fa5d810 JavaThread "Connection worker"                 [_thread_blocked, id=26016, stack(0x0000010012b00000,0x0000010012c00000) (1024K)]
  0x00000298fd0d7300 JavaThread "pool-975-thread-1"                 [_thread_blocked, id=40884, stack(0x0000010012c00000,0x0000010012d00000) (1024K)]
  0x00000298fd0cf650 JavaThread "Worker-6421: Initialize workspace"        [_thread_blocked, id=20724, stack(0x000000ff8ae00000,0x000000ff8af00000) (1024K)]
  0x00000298fd0da0f0 JavaThread "Worker-6424: Initialize workspace"        [_thread_blocked, id=26576, stack(0x000000ffcf400000,0x000000ffcf500000) (1024K)]
  0x000002990b1c00a0 JavaThread "Connection worker"                 [_thread_blocked, id=22852, stack(0x0000010013200000,0x0000010013300000) (1024K)]
  0x00000299084e3440 JavaThread "Connection worker"                 [_thread_blocked, id=43192, stack(0x0000010013a00000,0x0000010013b00000) (1024K)]
  0x00000298f810f880 JavaThread "pool-976-thread-1"                 [_thread_blocked, id=18376, stack(0x0000010012900000,0x0000010012a00000) (1024K)]
  0x00000298f810c400 JavaThread "pool-977-thread-1"                 [_thread_blocked, id=29488, stack(0x000000ff98200000,0x000000ff98300000) (1024K)]
  0x00000298f8119600 JavaThread "Worker-6439: Initialize workspace"        [_thread_blocked, id=16912, stack(0x0000010012f00000,0x0000010013000000) (1024K)]
  0x000002990b1bdfd0 JavaThread "Worker-6445: Initialize workspace"        [_thread_blocked, id=30760, stack(0x0000010008b00000,0x0000010008c00000) (1024K)]
  0x000002990b1bab50 JavaThread "Worker-6457: Initialize workspace"        [_thread_blocked, id=23324, stack(0x0000010002600000,0x0000010002700000) (1024K)]
  0x000002990b1c69a0 JavaThread "Connection worker"                 [_thread_blocked, id=26156, stack(0x000000ffe3000000,0x000000ffe3100000) (1024K)]
  0x000002990b1d83d0 JavaThread "Connection worker"                 [_thread_blocked, id=21908, stack(0x0000010009000000,0x0000010009100000) (1024K)]
  0x000002990b1e3500 JavaThread "Connection worker"                 [_thread_blocked, id=46876, stack(0x0000010000900000,0x0000010000a00000) (1024K)]
  0x000002990b1e62f0 JavaThread "pool-978-thread-1"                 [_thread_blocked, id=20856, stack(0x0000010004c00000,0x0000010004d00000) (1024K)]
  0x000002990fa7e510 JavaThread "pool-979-thread-1"                 [_thread_blocked, id=24848, stack(0x0000010000500000,0x0000010000600000) (1024K)]
  0x000002990fa82020 JavaThread "pool-980-thread-1"                 [_thread_blocked, id=3192, stack(0x0000010003500000,0x0000010003600000) (1024K)]
  0x000002990fa7b090 JavaThread "Worker-6465: Initialize workspace"        [_thread_blocked, id=32004, stack(0x0000010001700000,0x0000010001800000) (1024K)]
  0x000002990b1d0720 JavaThread "Worker-6473: Initialize workspace"        [_thread_blocked, id=32564, stack(0x0000010001a00000,0x0000010001b00000) (1024K)]
  0x000002990b1e7010 JavaThread "Connection worker"                 [_thread_blocked, id=46020, stack(0x000001000a600000,0x000001000a700000) (1024K)]
  0x000002990fa754b0 JavaThread "pool-981-thread-1"                 [_thread_blocked, id=9936, stack(0x000001000af00000,0x000001000b000000) (1024K)]
  0x00000298f037e800 JavaThread "Connection worker"                 [_thread_blocked, id=22820, stack(0x0000010014a00000,0x0000010014b00000) (1024K)]
  0x00000298f0378c20 JavaThread "pool-982-thread-1"                 [_thread_blocked, id=39040, stack(0x0000010013600000,0x0000010013700000) (1024K)]
  0x00000298f037d450 JavaThread "Worker-6483: Initialize workspace"        [_thread_blocked, id=26536, stack(0x0000010000200000,0x0000010000300000) (1024K)]
  0x000002990b1e1430 JavaThread "Connection worker"                 [_thread_blocked, id=3556, stack(0x0000010014f00000,0x0000010015000000) (1024K)]
  0x00000298f487cd20 JavaThread "pool-983-thread-1"                 [_thread_blocked, id=29656, stack(0x0000010015b00000,0x0000010015c00000) (1024K)]
  0x00000298f487b970 JavaThread "Worker-6491: Initialize workspace"        [_thread_blocked, id=43252, stack(0x000001000b300000,0x000001000b400000) (1024K)]
  0x00000298f487b2e0 JavaThread "Connection worker"                 [_thread_blocked, id=22192, stack(0x000000ffa0300000,0x000000ffa0400000) (1024K)]
  0x00000298f4880ec0 JavaThread "Connection worker"                 [_thread_blocked, id=36428, stack(0x000000ffad000000,0x000000ffad100000) (1024K)]
  0x00000298f4886410 JavaThread "Connection worker"                 [_thread_blocked, id=27600, stack(0x000000ff9e200000,0x000000ff9e300000) (1024K)]
  0x00000298f48877c0 JavaThread "Connection worker"                 [_thread_blocked, id=46864, stack(0x000000ffa9500000,0x000000ffa9600000) (1024K)]
  0x00000298f4884340 JavaThread "Connection worker"                 [_thread_blocked, id=44888, stack(0x000000ffbaf00000,0x000000ffbb000000) (1024K)]
  0x00000298f4883cb0 JavaThread "Worker-6500: Initialize workspace"        [_thread_blocked, id=22704, stack(0x000000ffa9400000,0x000000ffa9500000) (1024K)]
  0x00000298f48856f0 JavaThread "Connection worker"                 [_thread_blocked, id=24252, stack(0x000000ff96400000,0x000000ff96500000) (1024K)]
  0x00000298f4889f20 JavaThread "Connection worker"                 [_thread_blocked, id=32012, stack(0x000000ffbd200000,0x000000ffbd300000) (1024K)]
  0x00000298f488a5b0 JavaThread "Connection worker"                 [_thread_blocked, id=47768, stack(0x000000ffcf100000,0x000000ffcf200000) (1024K)]
  0x00000298f6faf190 JavaThread "Worker-6509: Initialize workspace"        [_thread_blocked, id=47884, stack(0x000000ffa1600000,0x000000ffa1700000) (1024K)]
  0x00000298f6fb0540 JavaThread "pool-984-thread-1"                 [_thread_blocked, id=37000, stack(0x000000ffcf900000,0x000000ffcfa00000) (1024K)]
  0x00000298f6fb0bd0 JavaThread "Connection worker"                 [_thread_blocked, id=41344, stack(0x000000ffd3e00000,0x000000ffd3f00000) (1024K)]
  0x00000298f6fb3330 JavaThread "Connection worker"                 [_thread_blocked, id=42636, stack(0x000000ffbc400000,0x000000ffbc500000) (1024K)]
  0x00000298f6fafeb0 JavaThread "Connection worker"                 [_thread_blocked, id=2004, stack(0x000000ff8a200000,0x000000ff8a300000) (1024K)]
  0x00000298f6fb39c0 JavaThread "Connection worker"                 [_thread_blocked, id=28360, stack(0x000000ffa7e00000,0x000000ffa7f00000) (1024K)]
  0x00000298f6f97b80 JavaThread "Connection worker"                 [_thread_blocked, id=32124, stack(0x000000ffaa900000,0x000000ffaaa00000) (1024K)]
  0x00000298f6f974f0 JavaThread "Connection worker"                 [_thread_blocked, id=23656, stack(0x000000ffbb900000,0x000000ffbba00000) (1024K)]
  0x00000298f6fb18f0 JavaThread "Worker-6517: Initialize workspace"        [_thread_blocked, id=36288, stack(0x000000ff82000000,0x000000ff82100000) (1024K)]
  0x00000298f6fb1f80 JavaThread "pool-985-thread-1"                 [_thread_blocked, id=24264, stack(0x000000ff8bf00000,0x000000ff8c000000) (1024K)]
  0x00000298f6f9b000 JavaThread "Connection worker"                 [_thread_blocked, id=41988, stack(0x000000ffbcf00000,0x000000ffbd000000) (1024K)]
  0x00000298f6f95420 JavaThread "Connection worker"                 [_thread_blocked, id=25652, stack(0x000000ffa8d00000,0x000000ffa8e00000) (1024K)]
  0x00000298f6f988a0 JavaThread "Worker-6525: Initialize workspace"        [_thread_blocked, id=29088, stack(0x000000ff96100000,0x000000ff96200000) (1024K)]
  0x00000298f6f9a2e0 JavaThread "pool-986-thread-1"                 [_thread_blocked, id=35452, stack(0x000000ffbc200000,0x000000ffbc300000) (1024K)]
  0x00000298f6fa0550 JavaThread "Connection worker"                 [_thread_blocked, id=45152, stack(0x000000ffbbf00000,0x000000ffbc000000) (1024K)]
  0x00000298f6f9f1a0 JavaThread "Connection worker"                 [_thread_blocked, id=13716, stack(0x000000ffcd900000,0x000000ffcda00000) (1024K)]
  0x00000298f6fa5410 JavaThread "pool-987-thread-1"                 [_thread_blocked, id=3220, stack(0x000000ffd4100000,0x000000ffd4200000) (1024K)]
  0x00000298f6f9ddf0 JavaThread "Worker-6531: Initialize workspace"        [_thread_blocked, id=22292, stack(0x000000ffa7400000,0x000000ffa7500000) (1024K)]
  0x00000298f6fa2cb0 JavaThread "Connection worker"                 [_thread_blocked, id=35020, stack(0x000000ffccc00000,0x000000ffccd00000) (1024K)]
  0x00000298f6fa3340 JavaThread "Connection worker"                 [_thread_blocked, id=39848, stack(0x000000ffced00000,0x000000ffcee00000) (1024K)]
  0x00000298f6fa74e0 JavaThread "Connection worker"                 [_thread_blocked, id=41160, stack(0x000000ffc5f00000,0x000000ffc6000000) (1024K)]
  0x00000298f6fa4d80 JavaThread "Connection worker"                 [_thread_blocked, id=13888, stack(0x000000ffc6300000,0x000000ffc6400000) (1024K)]
  0x00000298f6f9eb10 JavaThread "Worker-6542: Initialize workspace"        [_thread_blocked, id=11700, stack(0x000000ffbc500000,0x000000ffbc600000) (1024K)]
  0x00000298f6fa46f0 JavaThread "Connection worker"                 [_thread_blocked, id=34564, stack(0x000000ffbfb00000,0x000000ffbfc00000) (1024K)]
  0x00000298f6fa8890 JavaThread "Connection worker"                 [_thread_blocked, id=10712, stack(0x000000ffc0500000,0x000000ffc0600000) (1024K)]
  0x00000298f6fad0c0 JavaThread "Connection worker"                 [_thread_blocked, id=24112, stack(0x000000ffbd100000,0x000000ffbd200000) (1024K)]
  0x00000298f6f98f30 JavaThread "Connection worker"                 [_thread_blocked, id=29880, stack(0x000000ffab800000,0x000000ffab900000) (1024K)]
  0x00000298f6fae470 JavaThread "Connection worker"                 [_thread_blocked, id=42116, stack(0x000000ffbcc00000,0x000000ffbcd00000) (1024K)]
  0x00000298f6fa67c0 JavaThread "Connection worker"                 [_thread_blocked, id=35496, stack(0x000000ffbd500000,0x000000ffbd600000) (1024K)]
  0x00000298f6fabd10 JavaThread "Connection worker"                 [_thread_blocked, id=6264, stack(0x000000ff81000000,0x000000ff81100000) (1024K)]
  0x00000298f6fac3a0 JavaThread "pool-988-thread-1"                 [_thread_blocked, id=27164, stack(0x000000ff80700000,0x000000ff80800000) (1024K)]
  0x000002990b1e6980 JavaThread "Connection worker"                 [_thread_blocked, id=41208, stack(0x000000ff94100000,0x000000ff94200000) (1024K)]
  0x000002990b1eab20 JavaThread "Connection worker"                 [_thread_blocked, id=41128, stack(0x000000ff97400000,0x000000ff97500000) (1024K)]
  0x000002990b1e76a0 JavaThread "Connection worker"                 [_thread_blocked, id=34368, stack(0x000000ff9ae00000,0x000000ff9af00000) (1024K)]
  0x000002990b1eb1b0 JavaThread "Connection worker"                 [_thread_blocked, id=1524, stack(0x000000ffa4100000,0x000000ffa4200000) (1024K)]
  0x000002990b1b7d60 JavaThread "Connection worker"                 [_thread_blocked, id=34844, stack(0x000000ff8bb00000,0x000000ff8bc00000) (1024K)]
  0x000002990b1b8a80 JavaThread "Connection worker"                 [_thread_blocked, id=36652, stack(0x000000ff93a00000,0x000000ff93b00000) (1024K)]
  0x000002990b1ba4c0 JavaThread "Connection worker"                 [_thread_blocked, id=26608, stack(0x000000ffbdd00000,0x000000ffbde00000) (1024K)]
  0x000002990b1bb1e0 JavaThread "Connection worker"                 [_thread_blocked, id=22696, stack(0x000000ff93000000,0x000000ff93100000) (1024K)]
  0x000002990b1b76d0 JavaThread "Connection worker"                 [_thread_blocked, id=3324, stack(0x000000ff87600000,0x000000ff87700000) (1024K)]
  0x000002990b1bd2b0 JavaThread "Connection worker"                 [_thread_blocked, id=11864, stack(0x000000ff90600000,0x000000ff90700000) (1024K)]
  0x000002990b1bd940 JavaThread "Connection worker"                 [_thread_blocked, id=28716, stack(0x000000ff82300000,0x000000ff82400000) (1024K)]
  0x000002990b1bb870 JavaThread "Connection worker"                 [_thread_blocked, id=4276, stack(0x000000ff83700000,0x000000ff83800000) (1024K)]
  0x000002990b1c3bb0 JavaThread "Connection worker"                 [_thread_blocked, id=43396, stack(0x000000ff8bd00000,0x000000ff8be00000) (1024K)]
  0x000002990b1c0730 JavaThread "Connection worker"                 [_thread_blocked, id=35688, stack(0x000000ff8df00000,0x000000ff8e000000) (1024K)]
  0x000002990b1c2170 JavaThread "Connection worker"                 [_thread_blocked, id=42428, stack(0x000000ff95200000,0x000000ff95300000) (1024K)]
  0x000002990b1c8a70 JavaThread "pool-989-thread-1"                 [_thread_blocked, id=18060, stack(0x000000ff95b00000,0x000000ff95c00000) (1024K)]
  0x000002990b1c5c80 JavaThread "Connection worker"                 [_thread_blocked, id=40200, stack(0x000000ff99d00000,0x000000ff99e00000) (1024K)]
  0x000002990b1cbef0 JavaThread "Connection worker"                 [_thread_blocked, id=26660, stack(0x000000ffa7000000,0x000000ffa7100000) (1024K)]
  0x000002990b1ccc10 JavaThread "Connection worker"                 [_thread_blocked, id=19816, stack(0x000000ff80900000,0x000000ff80a00000) (1024K)]
  0x000002990b1d0db0 JavaThread "Connection worker"                 [_thread_blocked, id=47008, stack(0x000000ff8a900000,0x000000ff8aa00000) (1024K)]
  0x000002990b1db1c0 JavaThread "Connection worker"                 [_thread_blocked, id=27692, stack(0x000000ff89c00000,0x000000ff89d00000) (1024K)]
  0x000002990b1d8a60 JavaThread "Connection worker"                 [_thread_blocked, id=3292, stack(0x000000ff92b00000,0x000000ff92c00000) (1024K)]
  0x000002990b1e7d30 JavaThread "Connection worker"                 [_thread_blocked, id=28744, stack(0x000000ff93b00000,0x000000ff93c00000) (1024K)]
  0x000002990b1e8a50 JavaThread "Connection worker"                 [_thread_blocked, id=40948, stack(0x000000ff92100000,0x000000ff92200000) (1024K)]
  0x000002990b1ef9e0 JavaThread "pool-990-thread-1"                 [_thread_blocked, id=38288, stack(0x000000ff96000000,0x000000ff96100000) (1024K)]
  0x000002990b1f0070 JavaThread "Connection worker"                 [_thread_blocked, id=43036, stack(0x000000ff84200000,0x000000ff84300000) (1024K)]
  0x000002990b1ecbf0 JavaThread "Connection worker"                 [_thread_blocked, id=26260, stack(0x000000ff91a00000,0x000000ff91b00000) (1024K)]
  0x00000299084d7c80 JavaThread "Connection worker"                 [_thread_blocked, id=16700, stack(0x000000ff93100000,0x000000ff93200000) (1024K)]
  0x00000299084e5ba0 JavaThread "Connection worker"                 [_thread_blocked, id=36492, stack(0x000000ffab900000,0x000000ffaba00000) (1024K)]
  0x00000299084e3ad0 JavaThread "Connection worker"                 [_thread_blocked, id=41860, stack(0x000000ffae400000,0x000000ffae500000) (1024K)]
  0x00000299084eb0f0 JavaThread "Connection worker"                 [_thread_blocked, id=40180, stack(0x000000ff95d00000,0x000000ff95e00000) (1024K)]
  0x00000299084eaa60 JavaThread "Connection worker"                 [_thread_blocked, id=31092, stack(0x000000ffaf900000,0x000000ffafa00000) (1024K)]
  0x00000299084e9020 JavaThread "Connection worker"                 [_thread_blocked, id=26296, stack(0x000000ff9b900000,0x000000ff9ba00000) (1024K)]
  0x00000299084abe50 JavaThread "Worker-6562: Initialize workspace"        [_thread_blocked, id=26896, stack(0x000000ff96300000,0x000000ff96400000) (1024K)]
  0x00000299084db790 JavaThread "Connection worker"                 [_thread_blocked, id=16388, stack(0x000000ffafe00000,0x000000ffaff00000) (1024K)]
  0x0000029908d0dab0 JavaThread "Connection worker"                 [_thread_blocked, id=45464, stack(0x000000ffaff00000,0x000000ffb0000000) (1024K)]
  0x0000029908d0d420 JavaThread "Connection worker"                 [_thread_blocked, id=40540, stack(0x000000ffb0000000,0x000000ffb0100000) (1024K)]
  0x0000029908d0e140 JavaThread "Worker-6571: Initialize workspace"        [_thread_blocked, id=6628, stack(0x000000ffb0100000,0x000000ffb0200000) (1024K)]
  0x0000029908d13690 JavaThread "Connection worker"                 [_thread_blocked, id=43688, stack(0x000000ff84f00000,0x000000ff85000000) (1024K)]
  0x00000299079f15d0 JavaThread "Connection worker"                 [_thread_blocked, id=26188, stack(0x000000ff8d400000,0x000000ff8d500000) (1024K)]
  0x00000299079fcd90 JavaThread "Connection worker"                 [_thread_blocked, id=37160, stack(0x000000ff9a100000,0x000000ff9a200000) (1024K)]
  0x0000029907a015c0 JavaThread "Connection worker"                 [_thread_blocked, id=22760, stack(0x000000ff9c500000,0x000000ff9c600000) (1024K)]
  0x00000298f67bfd80 JavaThread "Worker-6588: Initialize workspace"        [_thread_blocked, id=46484, stack(0x000000ffbd400000,0x000000ffbd500000) (1024K)]
  0x00000298f80b9fe0 JavaThread "Connection worker"                 [_thread_blocked, id=45824, stack(0x000000ffaa700000,0x000000ffaa800000) (1024K)]
  0x0000029908d215b0 JavaThread "Connection worker"                 [_thread_blocked, id=28340, stack(0x000000ffc2500000,0x000000ffc2600000) (1024K)]
  0x0000029907a06480 JavaThread "Worker-6599: Initialize workspace"        [_thread_blocked, id=24200, stack(0x000000ffc6000000,0x000000ffc6100000) (1024K)]
  0x00000298f4b6d6f0 JavaThread "pool-991-thread-1"                 [_thread_blocked, id=30044, stack(0x000000ffc7f00000,0x000000ffc8000000) (1024K)]
  0x000002990b1bbf00 JavaThread "Connection worker"                 [_thread_blocked, id=20944, stack(0x000000ffc7700000,0x000000ffc7800000) (1024K)]
  0x000002990b1bcc20 JavaThread "pool-992-thread-1"                 [_thread_blocked, id=20948, stack(0x000000ffc8500000,0x000000ffc8600000) (1024K)]
  0x00000298f2f1d9c0 JavaThread "Worker-6609: Initialize workspace"        [_thread_blocked, id=31172, stack(0x000000ffc8b00000,0x000000ffc8c00000) (1024K)]
  0x00000298f1e783e0 JavaThread "Worker-6614: Initialize workspace"        [_thread_blocked, id=43832, stack(0x000000ffccd00000,0x000000ffcce00000) (1024K)]
  0x00000298f1e74f60 JavaThread "pool-993-thread-1"                 [_thread_blocked, id=38996, stack(0x000000ffc0600000,0x000000ffc0700000) (1024K)]
  0x0000029908d222d0 JavaThread "pool-994-thread-1"                 [_thread_blocked, id=17288, stack(0x000000ffce300000,0x000000ffce400000) (1024K)]
  0x00000298f2ce20a0 JavaThread "pool-995-thread-1"                 [_thread_blocked, id=32512, stack(0x000000ffd4200000,0x000000ffd4300000) (1024K)]
  0x00000298fd0d58c0 JavaThread "Connection worker"                 [_thread_blocked, id=34448, stack(0x000000ffd4400000,0x000000ffd4500000) (1024K)]
  0x00000298f6f9e480 JavaThread "pool-996-thread-1"                 [_thread_blocked, id=23216, stack(0x000000ffd6800000,0x000000ffd6900000) (1024K)]
  0x0000029908fb12b0 JavaThread "Worker-6627: Initialize workspace"        [_thread_blocked, id=44704, stack(0x000000ffc0200000,0x000000ffc0300000) (1024K)]
  0x0000029908fbb030 JavaThread "Connection worker"                 [_thread_blocked, id=27608, stack(0x000000ffd7c00000,0x000000ffd7d00000) (1024K)]
  0x0000029908fa5460 JavaThread "Connection worker"                 [_thread_blocked, id=5524, stack(0x000000ffd9000000,0x000000ffd9100000) (1024K)]
  0x0000029908fb2cf0 JavaThread "pool-997-thread-1"                 [_thread_blocked, id=45476, stack(0x000000ffd6b00000,0x000000ffd6c00000) (1024K)]
  0x000002990b1c7030 JavaThread "pool-998-thread-1"                 [_thread_blocked, id=41896, stack(0x000000ffd9f00000,0x000000ffda000000) (1024K)]
  0x000002990fa4c470 JavaThread "pool-999-thread-1"                 [_thread_blocked, id=8312, stack(0x000000ffd8a00000,0x000000ffd8b00000) (1024K)]
  0x000002990fa86850 JavaThread "Worker-6639: Initialize workspace"        [_thread_blocked, id=17984, stack(0x000000ffe4000000,0x000000ffe4100000) (1024K)]
  0x00000298f6fa7b70 JavaThread "Worker-6645: Initialize workspace"        [_thread_blocked, id=40548, stack(0x0000010002500000,0x0000010002600000) (1024K)]
  0x00000298f2f1f400 JavaThread "Connection worker"                 [_thread_blocked, id=23248, stack(0x0000010005100000,0x0000010005200000) (1024K)]
  0x00000298f2f20120 JavaThread "pool-1000-thread-1"                [_thread_blocked, id=43784, stack(0x0000010005700000,0x0000010005800000) (1024K)]
  0x0000029907a143a0 JavaThread "Connection worker"                 [_thread_blocked, id=11988, stack(0x0000010002e00000,0x0000010002f00000) (1024K)]
  0x0000029907a27810 JavaThread "Worker-6655: Initialize workspace"        [_thread_blocked, id=39512, stack(0x000000ffee800000,0x000000ffee900000) (1024K)]
  0x000002990fa50ca0 JavaThread "pool-1001-thread-1"                [_thread_blocked, id=4416, stack(0x000001000a700000,0x000001000a800000) (1024K)]
  0x0000029908d27820 JavaThread "Worker-6658: Initialize workspace"        [_thread_blocked, id=6228, stack(0x000000ff82d00000,0x000000ff82e00000) (1024K)]
  0x00000298f69a1680 JavaThread "Worker-6662: Initialize workspace"        [_thread_blocked, id=44620, stack(0x000001000a900000,0x000001000aa00000) (1024K)]
  0x000002990fa6c450 JavaThread "Connection worker"                 [_thread_blocked, id=14172, stack(0x0000010009e00000,0x0000010009f00000) (1024K)]
  0x00000298f80fd7c0 JavaThread "pool-1002-thread-1"                [_thread_blocked, id=7696, stack(0x0000010010200000,0x0000010010300000) (1024K)]
  0x00000298f70f61a0 JavaThread "Worker-6673: Initialize workspace"        [_thread_blocked, id=37040, stack(0x000001000bb00000,0x000001000bc00000) (1024K)]
  0x000002990fa6ebb0 JavaThread "Connection worker"                 [_thread_blocked, id=22940, stack(0x0000010011b00000,0x0000010011c00000) (1024K)]
  0x00000299102c9a50 JavaThread "Worker-6677: Initialize workspace"        [_thread_blocked, id=42756, stack(0x0000010017800000,0x0000010017900000) (1024K)]
  0x00000298ebcfa950 JavaThread "Connection worker"                 [_thread_blocked, id=24468, stack(0x0000010018000000,0x0000010018100000) (1024K)]
  0x00000298fdd8ae40 JavaThread "Connection worker"                 [_thread_blocked, id=43744, stack(0x0000010017f00000,0x0000010018000000) (1024K)]
  0x00000298fdd8e950 JavaThread "Connection worker"                 [_thread_blocked, id=39220, stack(0x0000010018500000,0x0000010018600000) (1024K)]
  0x00000298fdd95250 JavaThread "pool-1003-thread-1"                [_thread_blocked, id=42412, stack(0x0000010019800000,0x0000010019900000) (1024K)]
  0x00000298fdd93810 JavaThread "pool-1004-thread-1"                [_thread_blocked, id=40684, stack(0x0000010019c00000,0x0000010019d00000) (1024K)]
  0x00000298fdd97320 JavaThread "pool-1005-thread-1"                [_thread_blocked, id=41648, stack(0x0000010019e00000,0x0000010019f00000) (1024K)]
  0x00000298fdd9a110 JavaThread "pool-1006-thread-1"                [_thread_blocked, id=28948, stack(0x000001001a000000,0x000001001a100000) (1024K)]
  0x00000298fdd986d0 JavaThread "Worker-6688: Initialize workspace"        [_thread_blocked, id=26816, stack(0x000001001aa00000,0x000001001ab00000) (1024K)]
  0x00000298fdda5f60 JavaThread "Worker-6692: Initialize workspace"        [_thread_blocked, id=24304, stack(0x000001001b900000,0x000001001ba00000) (1024K)]
  0x00000298fdd7e960 JavaThread "Connection worker"                 [_thread_blocked, id=12812, stack(0x000001001d700000,0x000001001d800000) (1024K)]
  0x00000298fdd82b00 JavaThread "Connection worker"                 [_thread_blocked, id=35116, stack(0x000001001bc00000,0x000001001bd00000) (1024K)]
  0x00000298fdd83820 JavaThread "Worker-6705: Initialize workspace"        [_thread_blocked, id=17756, stack(0x000001001db00000,0x000001001dc00000) (1024K)]
  0x00000298fdd80a30 JavaThread "pool-1007-thread-1"                [_thread_blocked, id=13764, stack(0x0000010013700000,0x0000010013800000) (1024K)]
  0x00000298fdd9d590 JavaThread "Worker-6710: Initialize workspace"        [_thread_blocked, id=42988, stack(0x000001001d800000,0x000001001d900000) (1024K)]
  0x0000029908fbca70 JavaThread "pool-1008-thread-1"                [_thread_blocked, id=28128, stack(0x000000ffd7300000,0x000000ffd7400000) (1024K)]
  0x000002990b1d3ba0 JavaThread "Connection worker"                 [_thread_blocked, id=36404, stack(0x000001001af00000,0x000001001b000000) (1024K)]
  0x00000298fdda1dc0 JavaThread "Connection worker"                 [_thread_blocked, id=42584, stack(0x000001001e400000,0x000001001e500000) (1024K)]
  0x000002990cf0c620 JavaThread "pool-1009-thread-1"                [_thread_blocked, id=20104, stack(0x000000ff85100000,0x000000ff85200000) (1024K)]
  0x000002990cf09830 JavaThread "Worker-6721: Initialize workspace"        [_thread_blocked, id=45532, stack(0x000000ffda100000,0x000000ffda200000) (1024K)]
  0x0000029908f9d120 JavaThread "Connection worker"                 [_thread_blocked, id=2460, stack(0x000001001b600000,0x000001001b700000) (1024K)]
  0x0000029908fad110 JavaThread "Connection worker"                 [_thread_blocked, id=22116, stack(0x000001001e600000,0x000001001e700000) (1024K)]
  0x00000298f487c690 JavaThread "pool-1010-thread-1"                [_thread_blocked, id=38600, stack(0x000000ff88e00000,0x000000ff88f00000) (1024K)]
  0x00000298f4883620 JavaThread "Connection worker"                 [_thread_blocked, id=11464, stack(0x000000ff92d00000,0x000000ff92e00000) (1024K)]
  0x00000298f487da40 JavaThread "Worker-6728: Initialize workspace"        [_thread_blocked, id=12072, stack(0x000000ff90a00000,0x000000ff90b00000) (1024K)]
  0x00000298f037c0a0 JavaThread "Connection worker"                 [_thread_blocked, id=33852, stack(0x0000010002d00000,0x0000010002e00000) (1024K)]
  0x00000298f037a660 JavaThread "Worker-6736: Initialize workspace"        [_thread_blocked, id=30644, stack(0x000001001f200000,0x000001001f300000) (1024K)]
  0x00000298f4882900 JavaThread "pool-1011-thread-1"                [_thread_blocked, id=30804, stack(0x0000010013d00000,0x0000010013e00000) (1024K)]
  0x000002990fc73bf0 JavaThread "Worker-6742: Initialize workspace"        [_thread_blocked, id=46464, stack(0x0000010016800000,0x0000010016900000) (1024K)]
  0x000002990fc8dff0 JavaThread "Connection worker"                 [_thread_blocked, id=10852, stack(0x0000010020200000,0x0000010020300000) (1024K)]
  0x000002990fc8ab70 JavaThread "Worker-6756: Initialize workspace"        [_thread_blocked, id=33396, stack(0x000001001f900000,0x000001001fa00000) (1024K)]
  0x000002990fc90750 JavaThread "Connection worker"                 [_thread_blocked, id=46768, stack(0x000001001fb00000,0x000001001fc00000) (1024K)]
  0x000002990fc8e680 JavaThread "Connection worker"                 [_thread_blocked, id=33180, stack(0x000001001fd00000,0x000001001fe00000) (1024K)]
  0x000002990fc8f3a0 JavaThread "pool-1012-thread-1"                [_thread_blocked, id=35616, stack(0x0000010020000000,0x0000010020100000) (1024K)]
  0x000002990fc94260 JavaThread "Worker-6760: Initialize workspace"        [_thread_blocked, id=35600, stack(0x0000010020400000,0x0000010020500000) (1024K)]
  0x000002990fc9d950 JavaThread "pool-1013-thread-1"                [_thread_blocked, id=24756, stack(0x0000010020900000,0x0000010020a00000) (1024K)]
  0x000002990fc98400 JavaThread "Connection worker"                 [_thread_blocked, id=34256, stack(0x0000010020600000,0x0000010020700000) (1024K)]
  0x000002990fca1af0 JavaThread "pool-1014-thread-1"                [_thread_blocked, id=35204, stack(0x0000010020a00000,0x0000010020b00000) (1024K)]
  0x000002990fca97a0 JavaThread "pool-1015-thread-1"                [_thread_blocked, id=17804, stack(0x0000010020e00000,0x0000010020f00000) (1024K)]
  0x000002990fcab1e0 JavaThread "Worker-6774: Initialize workspace"        [_thread_blocked, id=31548, stack(0x000000ffbb400000,0x000000ffbb500000) (1024K)]
  0x000002990fc7d2e0 JavaThread "Connection worker"                 [_thread_blocked, id=12232, stack(0x0000010021200000,0x0000010021300000) (1024K)]
  0x000002990fcad2b0 JavaThread "Worker-6785: Initialize workspace"        [_thread_blocked, id=29380, stack(0x000000fffd500000,0x000000fffd600000) (1024K)]
  0x000002990fca76d0 JavaThread "Connection worker"                 [_thread_blocked, id=32176, stack(0x0000010010400000,0x0000010010500000) (1024K)]
  0x000002990fc9ed00 JavaThread "pool-1016-thread-1"                [_thread_blocked, id=35408, stack(0x000000ffeea00000,0x000000ffeeb00000) (1024K)]
  0x000002990fa46890 JavaThread "pool-1017-thread-1"                [_thread_blocked, id=1688, stack(0x000000ffee300000,0x000000ffee400000) (1024K)]
  0x000002990fa6de90 JavaThread "Connection worker"                 [_thread_blocked, id=23916, stack(0x0000010021300000,0x0000010021400000) (1024K)]
  0x00000298f487edf0 JavaThread "Worker-6793: Initialize workspace"        [_thread_blocked, id=45668, stack(0x0000010020d00000,0x0000010020e00000) (1024K)]
  0x00000298f6faa2d0 JavaThread "Connection worker"                 [_thread_blocked, id=20936, stack(0x000000ff85c00000,0x000000ff85d00000) (1024K)]
  0x000002990fc821a0 JavaThread "Connection worker"                 [_thread_blocked, id=29192, stack(0x000000ff8ad00000,0x000000ff8ae00000) (1024K)]
  0x000002990fcad940 JavaThread "Worker-6802: Initialize workspace"        [_thread_blocked, id=5596, stack(0x000000ff9f200000,0x000000ff9f300000) (1024K)]
  0x0000029908cf2990 JavaThread "Connection worker"                 [_thread_blocked, id=11388, stack(0x000000ffd1900000,0x000000ffd1a00000) (1024K)]
  0x00000299084d20a0 JavaThread "pool-1018-thread-1"                [_thread_blocked, id=21724, stack(0x000000ffa9600000,0x000000ffa9700000) (1024K)]
  0x00000299079fb350 JavaThread "Worker-6810: Initialize workspace"        [_thread_blocked, id=29132, stack(0x000000ff9ed00000,0x000000ff9ee00000) (1024K)]
  0x000002990b1ef350 JavaThread "Connection worker"                 [_thread_blocked, id=25160, stack(0x000000ffa8f00000,0x000000ffa9000000) (1024K)]
  0x00000298f810a330 JavaThread "Connection worker"                 [_thread_blocked, id=45484, stack(0x0000010021b00000,0x0000010021c00000) (1024K)]
  0x000002990b1e2150 JavaThread "pool-1019-thread-1"                [_thread_blocked, id=37076, stack(0x0000010021c00000,0x0000010021d00000) (1024K)]
  0x00000298f48849d0 JavaThread "pool-1020-thread-1"                [_thread_blocked, id=31292, stack(0x0000010021700000,0x0000010021800000) (1024K)]
  0x00000298f08d29e0 JavaThread "Connection worker"                 [_thread_blocked, id=26340, stack(0x000000ffbd300000,0x000000ffbd400000) (1024K)]
  0x00000298f08d4420 JavaThread "Worker-6821: Initialize workspace"        [_thread_blocked, id=32948, stack(0x000000ffafc00000,0x000000ffafd00000) (1024K)]
  0x00000298f08d7210 JavaThread "pool-1021-thread-1"                [_thread_blocked, id=32796, stack(0x000000ffbe300000,0x000000ffbe400000) (1024K)]
  0x00000298f08da000 JavaThread "Connection worker"                 [_thread_blocked, id=33040, stack(0x000000ffa3200000,0x000000ffa3300000) (1024K)]
  0x00000298f08d78a0 JavaThread "Worker-6833: Initialize workspace"        [_thread_blocked, id=32756, stack(0x000000ffc1a00000,0x000000ffc1b00000) (1024K)]
  0x0000029908cf50f0 JavaThread "pool-1022-thread-1"                [_thread_blocked, id=27584, stack(0x000000ffc8700000,0x000000ffc8800000) (1024K)]
  0x0000029908cf36b0 JavaThread "Worker-6841: Initialize workspace"        [_thread_blocked, id=33216, stack(0x000000ffc6a00000,0x000000ffc6b00000) (1024K)]
  0x00000298f80b92c0 JavaThread "Connection worker"                 [_thread_blocked, id=46400, stack(0x000000ffcd100000,0x000000ffcd200000) (1024K)]
  0x00000298f80c08e0 JavaThread "Worker-6848: Initialize workspace"        [_thread_blocked, id=46096, stack(0x000000ffcd300000,0x000000ffcd400000) (1024K)]
  0x00000299112326b0 JavaThread "Connection worker"                 [_thread_blocked, id=46044, stack(0x000000ffc3500000,0x000000ffc3600000) (1024K)]
  0x00000298f08d64f0 JavaThread "Connection worker"                 [_thread_blocked, id=32308, stack(0x000000ff9e100000,0x000000ff9e200000) (1024K)]
  0x00000298f08d7f30 JavaThread "Connection worker"                 [_thread_blocked, id=38836, stack(0x000000ffc7b00000,0x000000ffc7c00000) (1024K)]
  0x0000029908d07840 JavaThread "Connection worker"                 [_thread_blocked, id=40972, stack(0x000000ffc8d00000,0x000000ffc8e00000) (1024K)]
  0x0000029908d0acc0 JavaThread "Connection worker"                 [_thread_blocked, id=4188, stack(0x000000ffde100000,0x000000ffde200000) (1024K)]
  0x0000029908d2da90 JavaThread "Worker-6859: Initialize workspace"        [_thread_blocked, id=42348, stack(0x000000ffd7200000,0x000000ffd7300000) (1024K)]
  0x0000029908d0a630 JavaThread "Worker-6862: Initialize workspace"        [_thread_blocked, id=33380, stack(0x000000ffd6900000,0x000000ffd6a00000) (1024K)]
  0x00000298f38b1450 JavaThread "pool-1023-thread-1"                [_thread_blocked, id=19716, stack(0x0000010004a00000,0x0000010004b00000) (1024K)]
  0x0000029911244e00 JavaThread "pool-1024-thread-1"                [_thread_blocked, id=42832, stack(0x0000010021900000,0x0000010021a00000) (1024K)]
  0x0000029911255480 JavaThread "Worker-6866: Initialize workspace"        [_thread_blocked, id=26600, stack(0x0000010005c00000,0x0000010005d00000) (1024K)]
  0x00000298f6fadde0 JavaThread "pool-1025-thread-1"                [_thread_blocked, id=28752, stack(0x0000010021d00000,0x0000010021e00000) (1024K)]
  0x0000029908f9a9c0 JavaThread "Worker-6875: Initialize workspace"        [_thread_blocked, id=23764, stack(0x000000ffd7400000,0x000000ffd7500000) (1024K)]
  0x0000029908fa2670 JavaThread "Connection worker"                 [_thread_blocked, id=36480, stack(0x000000ffd8e00000,0x000000ffd8f00000) (1024K)]
  0x0000029908fab6d0 JavaThread "Connection worker"                 [_thread_blocked, id=19972, stack(0x000000ffd9300000,0x000000ffd9400000) (1024K)]
  0x0000029908fc1fc0 JavaThread "pool-1026-thread-1"                [_thread_blocked, id=38844, stack(0x000000ffd9800000,0x000000ffd9900000) (1024K)]
  0x000002990fc89e50 JavaThread "Connection worker"                 [_thread_blocked, id=11892, stack(0x0000010021f00000,0x0000010022000000) (1024K)]
  0x0000029908cf3d40 JavaThread "Worker-6883: Initialize workspace"        [_thread_blocked, id=27604, stack(0x000000ff84c00000,0x000000ff84d00000) (1024K)]
  0x0000029908d301f0 JavaThread "Connection worker"                 [_thread_blocked, id=16760, stack(0x000000ff82200000,0x000000ff82300000) (1024K)]
  0x0000029908cf2300 JavaThread "Connection worker"                 [_thread_blocked, id=3184, stack(0x000000ff9b500000,0x000000ff9b600000) (1024K)]
  0x00000299084ad200 JavaThread "Connection worker"                 [_thread_blocked, id=3744, stack(0x000000ff9e400000,0x000000ff9e500000) (1024K)]
  0x0000029908fa12c0 JavaThread "Connection worker"                 [_thread_blocked, id=28132, stack(0x000000ff86400000,0x000000ff86500000) (1024K)]
  0x0000029908fa5af0 JavaThread "pool-1027-thread-1"                [_thread_blocked, id=19552, stack(0x000000ff91e00000,0x000000ff91f00000) (1024K)]
  0x0000029908fca300 JavaThread "Connection worker"                 [_thread_blocked, id=16556, stack(0x000000ff9b600000,0x000000ff9b700000) (1024K)]
  0x00000298f67a73c0 JavaThread "Connection worker"                 [_thread_blocked, id=47072, stack(0x000000ffc3300000,0x000000ffc3400000) (1024K)]
  0x00000298f67afd90 JavaThread "Worker-6890: Initialize workspace"        [_thread_blocked, id=22380, stack(0x000000ffca000000,0x000000ffca100000) (1024K)]
  0x000002990a7d22c0 JavaThread "Connection worker"                 [_thread_blocked, id=34736, stack(0x000000ff89600000,0x000000ff89700000) (1024K)]
  0x00000298f2f1abd0 JavaThread "Connection worker"                 [_thread_blocked, id=2828, stack(0x000000ffce500000,0x000000ffce600000) (1024K)]
  0x00000298f4b6bcb0 JavaThread "Connection worker"                 [_thread_blocked, id=21072, stack(0x000000ffcf600000,0x000000ffcf700000) (1024K)]
  0x0000029908d05e00 JavaThread "Worker-6901: Initialize workspace"        [_thread_blocked, id=24656, stack(0x000000ffdd200000,0x000000ffdd300000) (1024K)]
  0x00000299084ae5b0 JavaThread "Connection worker"                 [_thread_blocked, id=39332, stack(0x000000ffdc600000,0x000000ffdc700000) (1024K)]
  0x00000298f487fb10 JavaThread "pool-1028-thread-1"                [_thread_blocked, id=36504, stack(0x000000ffcc300000,0x000000ffcc400000) (1024K)]
  0x000002990cf114e0 JavaThread "pool-1029-thread-1"                [_thread_blocked, id=21444, stack(0x000000ffa9c00000,0x000000ffa9d00000) (1024K)]
  0x0000029907a07ec0 JavaThread "pool-1030-thread-1"                [_thread_blocked, id=3216, stack(0x000000ffe9700000,0x000000ffe9800000) (1024K)]
  0x0000029907a06b10 JavaThread "Connection worker"                 [_thread_blocked, id=31256, stack(0x000000ffadb00000,0x000000ffadc00000) (1024K)]
  0x00000299079edac0 JavaThread "Worker-6908: Initialize workspace"        [_thread_blocked, id=27088, stack(0x000000ffc9e00000,0x000000ffc9f00000) (1024K)]
  0x00000299079f50e0 JavaThread "Connection worker"                 [_thread_blocked, id=35740, stack(0x0000010022300000,0x0000010022400000) (1024K)]
  0x0000029908fbc3e0 JavaThread "Connection worker"                 [_thread_blocked, id=30968, stack(0x0000010022400000,0x0000010022500000) (1024K)]
  0x00000298fdd886e0 JavaThread "Connection worker"                 [_thread_blocked, id=36784, stack(0x000000ffdd600000,0x000000ffdd700000) (1024K)]
  0x00000298fd0c0a10 JavaThread "Connection worker"                 [_thread_blocked, id=11020, stack(0x000000ffb3900000,0x000000ffb3a00000) (1024K)]
  0x00000298f77d8610 JavaThread "Worker-6915: Initialize workspace"        [_thread_blocked, id=44892, stack(0x0000010001500000,0x0000010001600000) (1024K)]
  0x00000298f77d6540 JavaThread "Connection worker"                 [_thread_blocked, id=39312, stack(0x000000ff8d100000,0x000000ff8d200000) (1024K)]
  0x00000299102d93b0 JavaThread "pool-1031-thread-1"                [_thread_blocked, id=29896, stack(0x000000ffc1d00000,0x000000ffc1e00000) (1024K)]
  0x0000029908f95b00 JavaThread "pool-1032-thread-1"                [_thread_blocked, id=32964, stack(0x000000ffe1700000,0x000000ffe1800000) (1024K)]
  0x0000029908fabd60 JavaThread "Worker-6923: Initialize workspace"        [_thread_blocked, id=18976, stack(0x000001000f100000,0x000001000f200000) (1024K)]
  0x00000298fdda4bb0 JavaThread "Connection worker"                 [_thread_blocked, id=29360, stack(0x000000ff92f00000,0x000000ff93000000) (1024K)]
  0x00000298fdd9dc20 JavaThread "Connection worker"                 [_thread_blocked, id=29460, stack(0x000001000f200000,0x000001000f300000) (1024K)]
  0x0000029912becc50 JavaThread "Connection worker"                 [_thread_blocked, id=19156, stack(0x0000010018d00000,0x0000010018e00000) (1024K)]
  0x0000029912be1490 JavaThread "pool-1033-thread-1"                [_thread_blocked, id=30680, stack(0x000001000b500000,0x000001000b600000) (1024K)]
  0x000002990fa4aa30 JavaThread "Connection worker"                 [_thread_blocked, id=47020, stack(0x0000010013500000,0x0000010013600000) (1024K)]
  0x00000298f08d9970 JavaThread "pool-1034-thread-1"                [_thread_blocked, id=36392, stack(0x000001001c100000,0x000001001c200000) (1024K)]
  0x00000298f80a3d80 JavaThread "pool-1035-thread-1"                [_thread_blocked, id=29936, stack(0x000001001c300000,0x000001001c400000) (1024K)]
  0x00000299079ee150 JavaThread "Worker-6939: Initialize workspace"        [_thread_blocked, id=30532, stack(0x000000ffd7700000,0x000000ffd7800000) (1024K)]
  0x00000299079ec710 JavaThread "Connection worker"                 [_thread_blocked, id=34848, stack(0x0000010022800000,0x0000010022900000) (1024K)]
  0x00000299102cefa0 JavaThread "Worker-6947: Initialize workspace"        [_thread_blocked, id=20736, stack(0x0000010022a00000,0x0000010022b00000) (1024K)]
  0x00000298f80fbd80 JavaThread "Connection worker"                 [_thread_blocked, id=45228, stack(0x000000ff8dd00000,0x000000ff8de00000) (1024K)]
  0x000002990fa805e0 JavaThread "pool-1036-thread-1"                [_thread_blocked, id=7776, stack(0x0000010022500000,0x0000010022600000) (1024K)]
  0x000002990b1e0da0 JavaThread "pool-1037-thread-1"                [_thread_blocked, id=34756, stack(0x0000010022700000,0x0000010022800000) (1024K)]
  0x00000298fdda58d0 JavaThread "Worker-6953: Initialize workspace"        [_thread_blocked, id=4132, stack(0x000000ffc4a00000,0x000000ffc4b00000) (1024K)]
  0x0000029911232d40 JavaThread "Worker-6958: Initialize workspace"        [_thread_blocked, id=17972, stack(0x0000010012e00000,0x0000010012f00000) (1024K)]
  0x00000298f4b6a270 JavaThread "Connection worker"                 [_thread_blocked, id=47196, stack(0x0000010022e00000,0x0000010022f00000) (1024K)]
  0x00000298f38b4f60 JavaThread "Worker-6968: Initialize workspace"        [_thread_blocked, id=42336, stack(0x0000010022b00000,0x0000010022c00000) (1024K)]
  0x00000298f1e6d2b0 JavaThread "Worker-6975: Initialize workspace"        [_thread_blocked, id=39956, stack(0x000000fffdf00000,0x000000fffe000000) (1024K)]
  0x000002990fa83a60 JavaThread "pool-1038-thread-1"                [_thread_blocked, id=21512, stack(0x000001000a000000,0x000001000a100000) (1024K)]
  0x00000298fdd73ec0 JavaThread "Connection worker"                 [_thread_blocked, id=7352, stack(0x000000fffe500000,0x000000fffe600000) (1024K)]
  0x00000298f67b1140 JavaThread "pool-1039-thread-1"                [_thread_blocked, id=27732, stack(0x000000fffeb00000,0x000000fffec00000) (1024K)]
  0x00000298f67baec0 JavaThread "Connection worker"                 [_thread_blocked, id=36752, stack(0x000000ff9a500000,0x000000ff9a600000) (1024K)]
  0x00000298f1e70dc0 JavaThread "Worker-6986: Initialize workspace"        [_thread_blocked, id=40164, stack(0x000000ffd7f00000,0x000000ffd8000000) (1024K)]
  0x00000298f1e77030 JavaThread "pool-1040-thread-1"                [_thread_blocked, id=24968, stack(0x0000010004e00000,0x0000010004f00000) (1024K)]
  0x0000029908cf43d0 JavaThread "Connection worker"                 [_thread_blocked, id=18232, stack(0x000001001c800000,0x000001001c900000) (1024K)]
  0x0000029908d2f4d0 JavaThread "pool-1041-thread-1"                [_thread_blocked, id=36772, stack(0x000001001f300000,0x000001001f400000) (1024K)]
  0x0000029908d14a40 JavaThread "Worker-6993: Initialize workspace"        [_thread_blocked, id=10608, stack(0x000000ffff900000,0x000000ffffa00000) (1024K)]
  0x000002990fc769e0 JavaThread "Connection worker"                 [_thread_blocked, id=24952, stack(0x000000ffad100000,0x000000ffad200000) (1024K)]
  0x000002990fc7a4f0 JavaThread "Connection worker"                 [_thread_blocked, id=46064, stack(0x000001001f400000,0x000001001f500000) (1024K)]
  0x000002990fc8c5b0 JavaThread "Worker-7008: Initialize workspace"        [_thread_blocked, id=37152, stack(0x000001001fa00000,0x000001001fb00000) (1024K)]
  0x000002990fc99120 JavaThread "pool-1042-thread-1"                [_thread_blocked, id=740, stack(0x000000ff88200000,0x000000ff88300000) (1024K)]
  0x0000029908d00f40 JavaThread "pool-1043-thread-1"                [_thread_blocked, id=43912, stack(0x000001001fc00000,0x000001001fd00000) (1024K)]
  0x0000029908d16b10 JavaThread "Connection worker"                 [_thread_blocked, id=35772, stack(0x000000ffe3400000,0x000000ffe3500000) (1024K)]
  0x000002990fc9e670 JavaThread "Connection worker"                 [_thread_blocked, id=35180, stack(0x000001001fe00000,0x000001001ff00000) (1024K)]
  0x000002990fc82830 JavaThread "Connection worker"                 [_thread_blocked, id=39740, stack(0x000001001ff00000,0x0000010020000000) (1024K)]
  0x000002990a7d8530 JavaThread "Worker-7016: Initialize workspace"        [_thread_blocked, id=7056, stack(0x000000ff81800000,0x000000ff81900000) (1024K)]
  0x0000029908d2fb60 JavaThread "pool-1044-thread-1"                [_thread_blocked, id=22708, stack(0x000000ffde300000,0x000000ffde400000) (1024K)]
  0x0000029908d243a0 JavaThread "Worker-7025: Initialize workspace"        [_thread_blocked, id=41496, stack(0x000000ffa1300000,0x000000ffa1400000) (1024K)]
  0x000002990b1b69b0 JavaThread "Connection worker"                 [_thread_blocked, id=42672, stack(0x0000010007100000,0x0000010007200000) (1024K)]
  0x000002990b1c3520 JavaThread "Connection worker"                 [_thread_blocked, id=19828, stack(0x0000010007b00000,0x0000010007c00000) (1024K)]
  0x000002990fc71490 JavaThread "pool-1045-thread-1"                [_thread_blocked, id=3540, stack(0x000000ff91900000,0x000000ff91a00000) (1024K)]
  0x000002990fc78420 JavaThread "pool-1046-thread-1"                [_thread_blocked, id=7224, stack(0x000000ff9b300000,0x000000ff9b400000) (1024K)]
  0x0000029908d015d0 JavaThread "Worker-7033: Initialize workspace"        [_thread_blocked, id=21560, stack(0x000001000c900000,0x000001000ca00000) (1024K)]
  0x00000298f1e748d0 JavaThread "Worker-7041: Initialize workspace"        [_thread_blocked, id=22952, stack(0x000000ffd9200000,0x000000ffd9300000) (1024K)]
  0x00000298f67bf6f0 JavaThread "Connection worker"                 [_thread_blocked, id=36148, stack(0x0000010017400000,0x0000010017500000) (1024K)]
  0x000002990fca69b0 JavaThread "Worker-7049: Initialize workspace"        [_thread_blocked, id=30148, stack(0x000001001cd00000,0x000001001ce00000) (1024K)]
  0x00000298f037f520 JavaThread "pool-1047-thread-1"                [_thread_blocked, id=44360, stack(0x0000010011d00000,0x0000010011e00000) (1024K)]
  0x00000298f037dae0 JavaThread "Worker-7056: Initialize workspace"        [_thread_blocked, id=18612, stack(0x000000ff95000000,0x000000ff95100000) (1024K)]
  0x00000298f80a7f20 JavaThread "Connection worker"                 [_thread_blocked, id=35308, stack(0x000000ffe3900000,0x000000ffe3a00000) (1024K)]
  0x000002990cf1bf80 JavaThread "Connection worker"                 [_thread_blocked, id=32464, stack(0x0000010020b00000,0x0000010020c00000) (1024K)]
  0x00000298f6f9f830 JavaThread "Connection worker"                 [_thread_blocked, id=1864, stack(0x0000010020f00000,0x0000010021000000) (1024K)]
  0x00000298f6faf820 JavaThread "pool-1048-thread-1"                [_thread_blocked, id=40424, stack(0x0000010021400000,0x0000010021500000) (1024K)]
  0x0000029908d1acb0 JavaThread "Connection worker"                 [_thread_blocked, id=47504, stack(0x0000010021600000,0x0000010021700000) (1024K)]
  0x00000298f67ba1a0 JavaThread "pool-1049-thread-1"                [_thread_blocked, id=20440, stack(0x0000010021800000,0x0000010021900000) (1024K)]
  0x00000299079f9fa0 JavaThread "Worker-7066: Initialize workspace"        [_thread_blocked, id=38004, stack(0x000000ffc8300000,0x000000ffc8400000) (1024K)]
  0x00000298f1e6fa10 JavaThread "pool-1050-thread-1"                [_thread_blocked, id=30008, stack(0x0000010020700000,0x0000010020800000) (1024K)]
  0x000002990fa6a380 JavaThread "Worker-7078: Initialize workspace"        [_thread_blocked, id=37920, stack(0x0000010020300000,0x0000010020400000) (1024K)]
  0x000002990fa49680 JavaThread "Connection worker"                 [_thread_blocked, id=24884, stack(0x0000010022c00000,0x0000010022d00000) (1024K)]
  0x000002990fc86340 JavaThread "pool-1051-thread-1"                [_thread_blocked, id=45692, stack(0x0000010022f00000,0x0000010023000000) (1024K)]
  0x0000029910303e30 JavaThread "Worker-7082: Initialize workspace"        [_thread_blocked, id=38556, stack(0x0000010023000000,0x0000010023100000) (1024K)]
  0x00000298f80a7200 JavaThread "Worker-7090: Initialize workspace"        [_thread_blocked, id=23652, stack(0x0000010023400000,0x0000010023500000) (1024K)]
  0x00000298f08d57d0 JavaThread "Worker-7097: Initialize workspace"        [_thread_blocked, id=42076, stack(0x000000ffb0600000,0x000000ffb0700000) (1024K)]
  0x00000298f70f6830 JavaThread "Connection worker"                 [_thread_blocked, id=1620, stack(0x0000010021a00000,0x0000010021b00000) (1024K)]
  0x00000298f08d92e0 JavaThread "Connection worker"                 [_thread_blocked, id=2348, stack(0x0000010023600000,0x0000010023700000) (1024K)]
  0x00000298f8115af0 JavaThread "pool-1052-thread-1"                [_thread_blocked, id=32644, stack(0x0000010023700000,0x0000010023800000) (1024K)]
  0x000002991601df20 JavaThread "pool-1053-thread-1"                [_thread_blocked, id=24180, stack(0x0000010023a00000,0x0000010023b00000) (1024K)]
  0x000002991601ec40 JavaThread "Connection worker"                 [_thread_blocked, id=25176, stack(0x0000010023c00000,0x0000010023d00000) (1024K)]
  0x000002991601e5b0 JavaThread "Worker-7106: Initialize workspace"        [_thread_blocked, id=24564, stack(0x0000010023800000,0x0000010023900000) (1024K)]
  0x000002991601c4e0 JavaThread "pool-1054-thread-1"                [_thread_blocked, id=29600, stack(0x0000010023900000,0x0000010023a00000) (1024K)]
  0x000002991601f2d0 JavaThread "Connection worker"                 [_thread_blocked, id=15796, stack(0x0000010023e00000,0x0000010023f00000) (1024K)]
  0x000002991601f960 JavaThread "Connection worker"                 [_thread_blocked, id=29816, stack(0x0000010023d00000,0x0000010023e00000) (1024K)]
  0x000002991601fff0 JavaThread "pool-1055-thread-1"                [_thread_blocked, id=41564, stack(0x000001000b400000,0x000001000b500000) (1024K)]
  0x000002991601d200 JavaThread "Worker-7112: Initialize workspace"        [_thread_blocked, id=24612, stack(0x000001000ad00000,0x000001000ae00000) (1024K)]
  0x0000029916022750 JavaThread "Worker-7125: Initialize workspace"        [_thread_blocked, id=10856, stack(0x0000010023f00000,0x0000010024000000) (1024K)]
  0x000002991601d890 JavaThread "Connection worker"                 [_thread_blocked, id=45232, stack(0x0000010024000000,0x0000010024100000) (1024K)]
  0x0000029916022de0 JavaThread "Connection worker"                 [_thread_blocked, id=31852, stack(0x0000010024100000,0x0000010024200000) (1024K)]
  0x0000029916023b00 JavaThread "Connection worker"                 [_thread_blocked, id=31644, stack(0x000001000ab00000,0x000001000ac00000) (1024K)]
  0x0000029916023470 JavaThread "Worker-7133: Initialize workspace"        [_thread_blocked, id=44748, stack(0x0000010023b00000,0x0000010023c00000) (1024K)]
  0x0000029916020680 JavaThread "pool-1056-thread-1"                [_thread_blocked, id=20496, stack(0x0000010023200000,0x0000010023300000) (1024K)]
  0x000002991601be50 JavaThread "pool-1057-thread-1"                [_thread_blocked, id=20124, stack(0x0000010024300000,0x0000010024400000) (1024K)]
  0x0000029916024190 JavaThread "Worker-7142: Initialize workspace"        [_thread_blocked, id=18092, stack(0x0000010003000000,0x0000010003100000) (1024K)]
  0x0000029916024820 JavaThread "pool-1058-thread-1"                [_thread_blocked, id=21872, stack(0x0000010024400000,0x0000010024500000) (1024K)]
  0x0000029916024eb0 JavaThread "Connection worker"                 [_thread_blocked, id=28732, stack(0x0000010024600000,0x0000010024700000) (1024K)]
  0x0000029916020d10 JavaThread "Worker-7149: Initialize workspace"        [_thread_blocked, id=40784, stack(0x0000010024200000,0x0000010024300000) (1024K)]
  0x0000029916021a30 JavaThread "Worker-7153: Initialize workspace"        [_thread_blocked, id=12248, stack(0x0000010023500000,0x0000010023600000) (1024K)]
  0x0000029916026260 JavaThread "pool-1059-thread-1"                [_thread_blocked, id=45396, stack(0x0000010024900000,0x0000010024a00000) (1024K)]
  0x00000299160268f0 JavaThread "Connection worker"                 [_thread_blocked, id=27356, stack(0x000000ffc9b00000,0x000000ffc9c00000) (1024K)]
  0x0000029916025bd0 JavaThread "Connection worker"                 [_thread_blocked, id=40652, stack(0x000001001d100000,0x000001001d200000) (1024K)]
  0x0000029916027610 JavaThread "Exec process Thread 329"    daemon [_thread_blocked, id=42160, stack(0x0000010024a00000,0x0000010024b00000) (1024K)]
  0x0000029915fe7ce0 JavaThread "pool-1060-thread-1"                [_thread_blocked, id=27052, stack(0x0000010024c00000,0x0000010024d00000) (1024K)]
  0x0000029915fe8370 JavaThread "Connection worker"                 [_thread_blocked, id=30448, stack(0x0000010024800000,0x0000010024900000) (1024K)]
  0x00000299160220c0 JavaThread "pool-1061-thread-1"                [_thread_blocked, id=16972, stack(0x000000ff9d700000,0x000000ff9d800000) (1024K)]
  0x0000029916026f80 JavaThread "Worker-7169: Initialize workspace"        [_thread_blocked, id=33228, stack(0x0000010024700000,0x0000010024800000) (1024K)]
  0x0000029915feaad0 JavaThread "pool-1062-thread-1"                [_thread_blocked, id=31772, stack(0x0000010024b00000,0x0000010024c00000) (1024K)]
  0x0000029915fe8a00 JavaThread "Connection worker"                 [_thread_blocked, id=30112, stack(0x000000ffcc500000,0x000000ffcc600000) (1024K)]
  0x0000029915fee5e0 JavaThread "pool-1063-thread-1"                [_thread_blocked, id=20824, stack(0x0000010025300000,0x0000010025400000) (1024K)]
  0x0000029915fecba0 JavaThread "Connection worker"                 [_thread_blocked, id=24520, stack(0x0000010025400000,0x0000010025500000) (1024K)]
  0x0000029915febe80 JavaThread "Worker-7177: Initialize workspace"        [_thread_blocked, id=45500, stack(0x0000010025500000,0x0000010025600000) (1024K)]
  0x0000029915fea440 JavaThread "Worker-7186: Initialize workspace"        [_thread_blocked, id=40528, stack(0x000000ffbfd00000,0x000000ffbfe00000) (1024K)]
  0x0000029915fef300 JavaThread "Worker-7192: Initialize workspace"        [_thread_blocked, id=32540, stack(0x0000010025600000,0x0000010025700000) (1024K)]
  0x0000029915feec70 JavaThread "Connection worker"                 [_thread_blocked, id=44392, stack(0x0000010022600000,0x0000010022700000) (1024K)]
  0x0000029915ff13d0 JavaThread "Worker-7201: Initialize workspace"        [_thread_blocked, id=22012, stack(0x0000010025700000,0x0000010025800000) (1024K)]
  0x0000029915ff20f0 JavaThread "Connection worker"                 [_thread_blocked, id=44524, stack(0x000000ffc8200000,0x000000ffc8300000) (1024K)]
  0x0000029915ff2780 JavaThread "Worker-7209: Initialize workspace"        [_thread_blocked, id=40100, stack(0x0000010015c00000,0x0000010015d00000) (1024K)]
  0x0000029915ff2e10 JavaThread "pool-1064-thread-1"                [_thread_blocked, id=46680, stack(0x0000010025a00000,0x0000010025b00000) (1024K)]
  0x0000029915ff34a0 JavaThread "Connection worker"                 [_thread_blocked, id=45412, stack(0x0000010011100000,0x0000010011200000) (1024K)]
  0x0000029915fef990 JavaThread "pool-1065-thread-1"                [_thread_blocked, id=43244, stack(0x000000ffb8300000,0x000000ffb8400000) (1024K)]
  0x0000029915ff0020 JavaThread "Connection worker"                 [_thread_blocked, id=44680, stack(0x000000ff83e00000,0x000000ff83f00000) (1024K)]
  0x0000029915ff06b0 JavaThread "pool-1066-thread-1"                [_thread_blocked, id=38568, stack(0x0000010025800000,0x0000010025900000) (1024K)]
  0x0000029915ff6290 JavaThread "Connection worker"                 [_thread_blocked, id=29776, stack(0x0000010025b00000,0x0000010025c00000) (1024K)]
  0x0000029915ff5570 JavaThread "pool-1067-thread-1"                [_thread_blocked, id=16492, stack(0x0000010025c00000,0x0000010025d00000) (1024K)]
  0x0000029915fedf50 JavaThread "Worker-7222: Initialize workspace"        [_thread_blocked, id=25428, stack(0x000000ffbe700000,0x000000ffbe800000) (1024K)]
  0x0000029915ff3b30 JavaThread "Worker-7229: Initialize workspace"        [_thread_blocked, id=25312, stack(0x0000010006800000,0x0000010006900000) (1024K)]
  0x0000029915ff4850 JavaThread "Connection worker"                 [_thread_blocked, id=13200, stack(0x000001001c600000,0x000001001c700000) (1024K)]
  0x0000029915ff7640 JavaThread "Connection worker"                 [_thread_blocked, id=30348, stack(0x0000010025e00000,0x0000010025f00000) (1024K)]
  0x0000029915ff5c00 JavaThread "Connection worker"                 [_thread_blocked, id=7112, stack(0x0000010025f00000,0x0000010026000000) (1024K)]
  0x0000029915ff41c0 JavaThread "pool-1068-thread-1"                [_thread_blocked, id=19516, stack(0x0000010026000000,0x0000010026100000) (1024K)]
  0x0000029915ff6fb0 JavaThread "pool-1069-thread-1"                [_thread_blocked, id=6864, stack(0x0000010016f00000,0x0000010017000000) (1024K)]
  0x0000029915ff8360 JavaThread "pool-1070-thread-1"                [_thread_blocked, id=24016, stack(0x0000010026100000,0x0000010026200000) (1024K)]
  0x0000029915ff4ee0 JavaThread "Worker-7242: Initialize workspace"        [_thread_blocked, id=42732, stack(0x000000ffb7700000,0x000000ffb7800000) (1024K)]
  0x0000029915ff9710 JavaThread "Connection worker"                 [_thread_blocked, id=29036, stack(0x0000010025900000,0x0000010025a00000) (1024K)]
  0x0000029915ff7cd0 JavaThread "pool-1071-thread-1"                [_thread_blocked, id=44192, stack(0x0000010025d00000,0x0000010025e00000) (1024K)]
  0x0000029915ff1a60 JavaThread "Worker-7252: Initialize workspace"        [_thread_blocked, id=36244, stack(0x0000010012a00000,0x0000010012b00000) (1024K)]
  0x0000029915ffa430 JavaThread "Worker-7256: Initialize workspace"        [_thread_blocked, id=42108, stack(0x0000010026300000,0x0000010026400000) (1024K)]
  0x0000029915ff9da0 JavaThread "Connection worker"                 [_thread_blocked, id=47608, stack(0x0000010026200000,0x0000010026300000) (1024K)]
  0x0000029915ffb7e0 JavaThread "pool-1072-thread-1"                [_thread_blocked, id=13816, stack(0x0000010022d00000,0x0000010022e00000) (1024K)]
  0x0000029915ff89f0 JavaThread "Worker-7267: Initialize workspace"        [_thread_blocked, id=7100, stack(0x0000010026400000,0x0000010026500000) (1024K)]
  0x0000029915ff9080 JavaThread "Connection worker"                 [_thread_blocked, id=34648, stack(0x0000010026500000,0x0000010026600000) (1024K)]
  0x0000029915ffc500 JavaThread "pool-1073-thread-1"                [_thread_blocked, id=35388, stack(0x0000010026700000,0x0000010026800000) (1024K)]
  0x0000029915ffcb90 JavaThread "Worker-7274: Initialize workspace"        [_thread_blocked, id=30168, stack(0x0000010026800000,0x0000010026900000) (1024K)]
  0x0000029915ffdf40 JavaThread "Connection worker"                 [_thread_blocked, id=32356, stack(0x0000010026600000,0x0000010026700000) (1024K)]
  0x0000029915ffe5d0 JavaThread "pool-1074-thread-1"                [_thread_blocked, id=42720, stack(0x0000010026b00000,0x0000010026c00000) (1024K)]
  0x0000029915ff6920 JavaThread "Worker-7284: Initialize workspace"        [_thread_blocked, id=47548, stack(0x0000010026a00000,0x0000010026b00000) (1024K)]
  0x0000029915ffb150 JavaThread "Connection worker"                 [_thread_blocked, id=24616, stack(0x000000ff8ed00000,0x000000ff8ee00000) (1024K)]
  0x0000029915ffd8b0 JavaThread "pool-1075-thread-1"                [_thread_blocked, id=40144, stack(0x0000010026900000,0x0000010026a00000) (1024K)]
  0x0000029915fff2f0 JavaThread "Worker-7292: Initialize workspace"        [_thread_blocked, id=37624, stack(0x0000010026f00000,0x0000010027000000) (1024K)]
  0x0000029915ffec60 JavaThread "Connection worker"                 [_thread_blocked, id=6472, stack(0x0000010026d00000,0x0000010026e00000) (1024K)]
  0x0000029915ffbe70 JavaThread "pool-1076-thread-1"                [_thread_blocked, id=44332, stack(0x000000ffc2d00000,0x000000ffc2e00000) (1024K)]
  0x0000029915fff980 JavaThread "Worker-7301: Initialize workspace"        [_thread_blocked, id=26460, stack(0x0000010026e00000,0x0000010026f00000) (1024K)]
  0x0000029915ffd220 JavaThread "Connection worker"                 [_thread_blocked, id=16704, stack(0x0000010027200000,0x0000010027300000) (1024K)]
  0x0000029915ffaac0 JavaThread "pool-1077-thread-1"                [_thread_blocked, id=38124, stack(0x0000010026c00000,0x0000010026d00000) (1024K)]
  0x00000299160006a0 JavaThread "Connection worker"                 [_thread_blocked, id=7688, stack(0x0000010027000000,0x0000010027100000) (1024K)]
  0x0000029916000010 JavaThread "Worker-7315: Initialize workspace"        [_thread_blocked, id=25980, stack(0x0000010014800000,0x0000010014900000) (1024K)]
  0x0000029916002770 JavaThread "pool-1078-thread-1"                [_thread_blocked, id=23568, stack(0x0000010027400000,0x0000010027500000) (1024K)]
  0x0000029916003b20 JavaThread "Worker-7323: Initialize workspace"        [_thread_blocked, id=41948, stack(0x0000010027500000,0x0000010027600000) (1024K)]
  0x0000029916005560 JavaThread "Connection worker"                 [_thread_blocked, id=30216, stack(0x0000010027100000,0x0000010027200000) (1024K)]
  0x0000029916002e00 JavaThread "Connection worker"                 [_thread_blocked, id=33172, stack(0x0000010027300000,0x0000010027400000) (1024K)]
  0x0000029916004840 JavaThread "pool-1079-thread-1"                [_thread_blocked, id=33256, stack(0x0000010027700000,0x0000010027800000) (1024K)]
  0x0000029916004ed0 JavaThread "pool-1080-thread-1"                [_thread_blocked, id=31940, stack(0x000000ffd4d00000,0x000000ffd4e00000) (1024K)]
  0x0000029916001a50 JavaThread "Worker-7332: Initialize workspace"        [_thread_blocked, id=15264, stack(0x0000010027600000,0x0000010027700000) (1024K)]
  0x0000029916003490 JavaThread "Worker-7339: Initialize workspace"        [_thread_blocked, id=33136, stack(0x000000ffe0100000,0x000000ffe0200000) (1024K)]
  0x0000029916007630 JavaThread "Connection worker"                 [_thread_blocked, id=31056, stack(0x0000010027a00000,0x0000010027b00000) (1024K)]
  0x0000029916007cc0 JavaThread "Connection worker"                 [_thread_blocked, id=14376, stack(0x0000010027b00000,0x0000010027c00000) (1024K)]
  0x0000029916005bf0 JavaThread "pool-1081-thread-1"                [_thread_blocked, id=24948, stack(0x0000010027900000,0x0000010027a00000) (1024K)]
  0x00000299160041b0 JavaThread "pool-1082-thread-1"                [_thread_blocked, id=41596, stack(0x0000010027c00000,0x0000010027d00000) (1024K)]
  0x00000299160020e0 JavaThread "Worker-7354: Initialize workspace"        [_thread_blocked, id=17820, stack(0x0000010027d00000,0x0000010027e00000) (1024K)]
  0x00000299160089e0 JavaThread "Connection worker"                 [_thread_blocked, id=19916, stack(0x000001001f800000,0x000001001f900000) (1024K)]
  0x000002991600a420 JavaThread "pool-1083-thread-1"                [_thread_blocked, id=18984, stack(0x0000010028000000,0x0000010028100000) (1024K)]
  0x0000029916006fa0 JavaThread "Worker-7367: Initialize workspace"        [_thread_blocked, id=40772, stack(0x0000010027800000,0x0000010027900000) (1024K)]
  0x0000029916006280 JavaThread "Connection worker"                 [_thread_blocked, id=27000, stack(0x0000010027e00000,0x0000010027f00000) (1024K)]
  0x0000029916009070 JavaThread "pool-1084-thread-1"                [_thread_blocked, id=34592, stack(0x0000010027f00000,0x0000010028000000) (1024K)]
  0x0000029916006910 JavaThread "Worker-7374: Initialize workspace"        [_thread_blocked, id=19556, stack(0x0000010028100000,0x0000010028200000) (1024K)]
  0x000002991600be60 JavaThread "Connection worker"                 [_thread_blocked, id=27248, stack(0x000000ff98600000,0x000000ff98700000) (1024K)]
  0x0000029916009700 JavaThread "Worker-7382: Initialize workspace"        [_thread_blocked, id=24832, stack(0x0000010028200000,0x0000010028300000) (1024K)]
  0x000002991600aab0 JavaThread "Worker-7386: Initialize workspace"        [_thread_blocked, id=2988, stack(0x000000ffdcc00000,0x000000ffdcd00000) (1024K)]
  0x000002991600b7d0 JavaThread "pool-1085-thread-1"                [_thread_blocked, id=42528, stack(0x0000010028300000,0x0000010028400000) (1024K)]
  0x000002991600c4f0 JavaThread "Connection worker"                 [_thread_blocked, id=40372, stack(0x0000010028500000,0x0000010028600000) (1024K)]
  0x0000029916009d90 JavaThread "Worker-7395: Initialize workspace"        [_thread_blocked, id=29564, stack(0x0000010028600000,0x0000010028700000) (1024K)]
  0x0000029916008350 JavaThread "pool-1086-thread-1"                [_thread_blocked, id=6712, stack(0x000000ffcd600000,0x000000ffcd700000) (1024K)]
  0x000002991600cb80 JavaThread "Connection worker"                 [_thread_blocked, id=19832, stack(0x0000010028700000,0x0000010028800000) (1024K)]
  0x000002991600f970 JavaThread "pool-1087-thread-1"                [_thread_blocked, id=24828, stack(0x000001001ee00000,0x000001001ef00000) (1024K)]
  0x000002991600e5c0 JavaThread "Connection worker"                 [_thread_blocked, id=34944, stack(0x0000010028400000,0x0000010028500000) (1024K)]
  0x000002991600f2e0 JavaThread "pool-1088-thread-1"                [_thread_blocked, id=25300, stack(0x0000010028800000,0x0000010028900000) (1024K)]
  0x000002991600d210 JavaThread "Worker-7408: Initialize workspace"        [_thread_blocked, id=20412, stack(0x000000ff9f800000,0x000000ff9f900000) (1024K)]
  0x0000029916010000 JavaThread "Worker-7413: Initialize workspace"        [_thread_blocked, id=17456, stack(0x0000010028b00000,0x0000010028c00000) (1024K)]
  0x000002991600b140 JavaThread "Connection worker"                 [_thread_blocked, id=40744, stack(0x0000010028c00000,0x0000010028d00000) (1024K)]
  0x000002991600df30 JavaThread "pool-1089-thread-1"                [_thread_blocked, id=26628, stack(0x0000010014d00000,0x0000010014e00000) (1024K)]
  0x000002991600ec50 JavaThread "Worker-7422: Initialize workspace"        [_thread_blocked, id=17692, stack(0x0000010028900000,0x0000010028a00000) (1024K)]
  0x000002991600d8a0 JavaThread "Worker-7428: Initialize workspace"        [_thread_blocked, id=21196, stack(0x0000010028e00000,0x0000010028f00000) (1024K)]
  0x0000029916010690 JavaThread "Connection worker"                 [_thread_blocked, id=31308, stack(0x0000010028d00000,0x0000010028e00000) (1024K)]
  0x0000029916012760 JavaThread "pool-1090-thread-1"                [_thread_blocked, id=23712, stack(0x0000010028f00000,0x0000010029000000) (1024K)]
  0x0000029916013b10 JavaThread "Worker-7436: Initialize workspace"        [_thread_blocked, id=27792, stack(0x000000ffd0000000,0x000000ffd0100000) (1024K)]
  0x0000029916013480 JavaThread "Worker-7443: Initialize workspace"        [_thread_blocked, id=24880, stack(0x0000010028a00000,0x0000010028b00000) (1024K)]
  0x0000029916011a40 JavaThread "Connection worker"                 [_thread_blocked, id=48056, stack(0x0000010029300000,0x0000010029400000) (1024K)]
  0x0000029916015550 JavaThread "pool-1091-thread-1"                [_thread_blocked, id=47656, stack(0x0000010029500000,0x0000010029600000) (1024K)]
  0x0000029916016f90 JavaThread "Connection worker"                 [_thread_blocked, id=47340, stack(0x0000010029700000,0x0000010029800000) (1024K)]
  0x0000029916014ec0 JavaThread "Connection worker"                 [_thread_blocked, id=36052, stack(0x0000010029800000,0x0000010029900000) (1024K)]
  0x0000029916014830 JavaThread "Worker-7455: Initialize workspace"        [_thread_blocked, id=13732, stack(0x0000010029400000,0x0000010029500000) (1024K)]
  0x0000029916016270 JavaThread "Connection worker"                 [_thread_blocked, id=23480, stack(0x0000010021500000,0x0000010021600000) (1024K)]
  0x0000029915fec510 JavaThread "Connection worker"                 [_thread_blocked, id=18068, stack(0x000000ff91700000,0x000000ff91800000) (1024K)]
  0x0000029915fe9720 JavaThread "Connection worker"                 [_thread_blocked, id=39716, stack(0x000000ff80100000,0x000000ff80200000) (1024K)]
  0x0000029915feb160 JavaThread "Connection worker"                 [_thread_blocked, id=20040, stack(0x000000ff87800000,0x000000ff87900000) (1024K)]
  0x0000029915fed230 JavaThread "Connection worker"                 [_thread_blocked, id=23984, stack(0x000000ff89100000,0x000000ff89200000) (1024K)]
  0x0000029915fe9db0 JavaThread "Connection worker"                 [_thread_blocked, id=38200, stack(0x000000ff8e200000,0x000000ff8e300000) (1024K)]
  0x0000029915fed8c0 JavaThread "Connection worker"                 [_thread_blocked, id=17296, stack(0x000000ff8f600000,0x000000ff8f700000) (1024K)]
  0x0000029915feb7f0 JavaThread "Connection worker"                 [_thread_blocked, id=42652, stack(0x000000ff90e00000,0x000000ff90f00000) (1024K)]
  0x0000029915ff0d40 JavaThread "Connection worker"                 [_thread_blocked, id=40352, stack(0x000000ff92000000,0x000000ff92100000) (1024K)]
  0x0000029916000d30 JavaThread "Connection worker"                 [_thread_blocked, id=25000, stack(0x000000ff95700000,0x000000ff95800000) (1024K)]
  0x00000299160120d0 JavaThread "Connection worker"                 [_thread_blocked, id=25388, stack(0x000000ff88700000,0x000000ff88800000) (1024K)]
  0x0000029916010d20 JavaThread "pool-1092-thread-1"                [_thread_blocked, id=2812, stack(0x000000ff8d800000,0x000000ff8d900000) (1024K)]
  0x00000299160113b0 JavaThread "pool-1093-thread-1"                [_thread_blocked, id=29064, stack(0x000000ff9db00000,0x000000ff9dc00000) (1024K)]
  0x0000029916018340 JavaThread "pool-1094-thread-1"                [_thread_blocked, id=26204, stack(0x000000ffa3b00000,0x000000ffa3c00000) (1024K)]
  0x0000029916017cb0 JavaThread "pool-1095-thread-1"                [_thread_blocked, id=44668, stack(0x000000ffacc00000,0x000000ffacd00000) (1024K)]
  0x00000299160189d0 JavaThread "Connection worker"                 [_thread_blocked, id=17440, stack(0x000000ffc2300000,0x000000ffc2400000) (1024K)]
  0x0000029916019060 JavaThread "Connection worker"                 [_thread_blocked, id=12956, stack(0x000000ffcfb00000,0x000000ffcfc00000) (1024K)]
  0x0000029916012df0 JavaThread "Worker-7464: Initialize workspace"        [_thread_blocked, id=46512, stack(0x000000ff8be00000,0x000000ff8bf00000) (1024K)]
  0x0000029916017620 JavaThread "Connection worker"                 [_thread_blocked, id=29924, stack(0x000000ffd0500000,0x000000ffd0600000) (1024K)]
  0x0000029916015be0 JavaThread "Connection worker"                 [_thread_blocked, id=11196, stack(0x000000ff8db00000,0x000000ff8dc00000) (1024K)]
  0x00000299160141a0 JavaThread "Worker-7472: Initialize workspace"        [_thread_blocked, id=20808, stack(0x000000ffa2200000,0x000000ffa2300000) (1024K)]
  0x000002991601b7c0 JavaThread "Worker-7480: Initialize workspace"        [_thread_blocked, id=24996, stack(0x000000ffd0a00000,0x000000ffd0b00000) (1024K)]
  0x00000299160196f0 JavaThread "Connection worker"                 [_thread_blocked, id=34300, stack(0x000000ffd0f00000,0x000000ffd1000000) (1024K)]
  0x000002991601b130 JavaThread "pool-1096-thread-1"                [_thread_blocked, id=40988, stack(0x000000ffe3300000,0x000000ffe3400000) (1024K)]
  0x0000029907a12ff0 JavaThread "Connection worker"                 [_thread_blocked, id=34684, stack(0x000000ffe6000000,0x000000ffe6100000) (1024K)]
  0x0000029907a1ee40 JavaThread "Connection worker"                 [_thread_blocked, id=29412, stack(0x000000fffd400000,0x000000fffd500000) (1024K)]
  0x0000029907a1c6e0 JavaThread "Worker-7488: Initialize workspace"        [_thread_blocked, id=42320, stack(0x000000ff8ef00000,0x000000ff8f000000) (1024K)]
  0x0000029907a24390 JavaThread "pool-1097-thread-1"                [_thread_blocked, id=3296, stack(0x000000ffd4e00000,0x000000ffd4f00000) (1024K)]
  0x0000029907a25dd0 JavaThread "pool-1098-thread-1"                [_thread_blocked, id=43272, stack(0x000000fffdb00000,0x000000fffdc00000) (1024K)]
  0x0000029907a29250 JavaThread "Connection worker"                 [_thread_blocked, id=27048, stack(0x000000fffee00000,0x000000fffef00000) (1024K)]
  0x0000029907a2c6d0 JavaThread "Worker-7497: Initialize workspace"        [_thread_blocked, id=43764, stack(0x000000ffdc100000,0x000000ffdc200000) (1024K)]
  0x00000299079ef500 JavaThread "Worker-7503: Initialize workspace"        [_thread_blocked, id=25476, stack(0x000000ffe3800000,0x000000ffe3900000) (1024K)]
  0x0000029907a20f10 JavaThread "pool-1099-thread-1"                [_thread_blocked, id=44640, stack(0x000000ffd5400000,0x000000ffd5500000) (1024K)]
  0x00000299079f8560 JavaThread "Connection worker"                 [_thread_blocked, id=13164, stack(0x0000010010100000,0x0000010010200000) (1024K)]
  0x00000298f6f95ab0 JavaThread "Worker-7513: Initialize workspace"        [_thread_blocked, id=30432, stack(0x000001000f600000,0x000001000f700000) (1024K)]
  0x00000298f6f99c50 JavaThread "pool-1100-thread-1"                [_thread_blocked, id=24524, stack(0x0000010011900000,0x0000010011a00000) (1024K)]
  0x00000298f6f995c0 JavaThread "Connection worker"                 [_thread_blocked, id=25500, stack(0x000001000e600000,0x000001000e700000) (1024K)]
  0x00000298f6f9d760 JavaThread "pool-1101-thread-1"                [_thread_blocked, id=35460, stack(0x0000010003b00000,0x0000010003c00000) (1024K)]
  0x0000029911239cd0 JavaThread "Worker-7521: Initialize workspace"        [_thread_blocked, id=47836, stack(0x0000010017900000,0x0000010017a00000) (1024K)]
  0x0000029911266eb0 JavaThread "Worker-7529: Initialize workspace"        [_thread_blocked, id=12152, stack(0x0000010012200000,0x0000010012300000) (1024K)]
  0x0000029911267540 JavaThread "Connection worker"                 [_thread_blocked, id=24032, stack(0x0000010016c00000,0x0000010016d00000) (1024K)]
  0x000002991125bd80 JavaThread "pool-1102-thread-1"                [_thread_blocked, id=17416, stack(0x0000010016a00000,0x0000010016b00000) (1024K)]
  0x0000029911239640 JavaThread "Connection worker"                 [_thread_blocked, id=39520, stack(0x0000010015000000,0x0000010015100000) (1024K)]
  0x0000029908f9de40 JavaThread "pool-1103-thread-1"                [_thread_blocked, id=42608, stack(0x000000ffb0400000,0x000000ffb0500000) (1024K)]
  0x0000029908fab040 JavaThread "Worker-7540: Initialize workspace"        [_thread_blocked, id=41520, stack(0x0000010017e00000,0x0000010017f00000) (1024K)]
  0x0000029916019d80 JavaThread "Connection worker"                 [_thread_blocked, id=27132, stack(0x0000010018800000,0x0000010018900000) (1024K)]
  0x0000029916016900 JavaThread "Worker-7548: Initialize workspace"        [_thread_blocked, id=28220, stack(0x0000010017b00000,0x0000010017c00000) (1024K)]
  0x000002991601a410 JavaThread "pool-1104-thread-1"                [_thread_blocked, id=2832, stack(0x0000010018200000,0x0000010018300000) (1024K)]
  0x00000298fdda3e90 JavaThread "Connection worker"                 [_thread_blocked, id=35152, stack(0x0000010018600000,0x0000010018700000) (1024K)]
  0x00000298fdda8d50 JavaThread "Connection worker"                 [_thread_blocked, id=27624, stack(0x0000010018c00000,0x0000010018d00000) (1024K)]
  0x00000298fdd93180 JavaThread "Worker-7562: Initialize workspace"        [_thread_blocked, id=11100, stack(0x0000010012d00000,0x0000010012e00000) (1024K)]
  0x0000029908cf15e0 JavaThread "pool-1105-thread-1"                [_thread_blocked, id=44464, stack(0x0000010019300000,0x0000010019400000) (1024K)]
  0x0000029908cf6b30 JavaThread "pool-1106-thread-1"                [_thread_blocked, id=43188, stack(0x0000010019000000,0x0000010019100000) (1024K)]
  0x0000029908d27190 JavaThread "Worker-7572: Initialize workspace"        [_thread_blocked, id=35796, stack(0x000001001f000000,0x000001001f100000) (1024K)]
  0x0000029908d19900 JavaThread "Connection worker"                 [_thread_blocked, id=44104, stack(0x0000010018f00000,0x0000010019000000) (1024K)]
  0x00000298f487d3b0 JavaThread "pool-1107-thread-1"                [_thread_blocked, id=14760, stack(0x000001001f600000,0x000001001f700000) (1024K)]
  0x00000298f4887130 JavaThread "Connection worker"                 [_thread_blocked, id=1948, stack(0x0000010021e00000,0x0000010021f00000) (1024K)]
  0x00000298f48884e0 JavaThread "pool-1108-thread-1"                [_thread_blocked, id=18420, stack(0x000001001f500000,0x000001001f600000) (1024K)]
  0x00000298f4882f90 JavaThread "Worker-7584: Initialize workspace"        [_thread_blocked, id=17348, stack(0x000001001b500000,0x000001001b600000) (1024K)]
  0x00000299102ca0e0 JavaThread "Connection worker"                 [_thread_blocked, id=34852, stack(0x0000010020800000,0x0000010020900000) (1024K)]
  0x00000299102e93a0 JavaThread "pool-1109-thread-1"                [_thread_blocked, id=38924, stack(0x0000010020500000,0x0000010020600000) (1024K)]
  0x00000299102eade0 JavaThread "Worker-7591: Initialize workspace"        [_thread_blocked, id=17920, stack(0x0000010022000000,0x0000010022100000) (1024K)]
  0x00000299102eb470 JavaThread "Worker-7595: Initialize workspace"        [_thread_blocked, id=24220, stack(0x0000010022100000,0x0000010022200000) (1024K)]
  0x000002990fa77c10 JavaThread "Connection worker"                 [_thread_blocked, id=41864, stack(0x0000010022900000,0x0000010022a00000) (1024K)]
  0x000002990fa5e530 JavaThread "pool-1110-thread-1"                [_thread_blocked, id=22300, stack(0x0000010023300000,0x0000010023400000) (1024K)]
  0x000002990fa79650 JavaThread "Connection worker"                 [_thread_blocked, id=29988, stack(0x0000010023100000,0x0000010023200000) (1024K)]
  0x00000298f80a5130 JavaThread "pool-1111-thread-1"                [_thread_blocked, id=23404, stack(0x0000010022200000,0x0000010022300000) (1024K)]
  0x00000298f80ae820 JavaThread "Worker-7611: Initialize workspace"        [_thread_blocked, id=21596, stack(0x0000010024e00000,0x0000010024f00000) (1024K)]
  0x0000029912c1b1e0 JavaThread "Worker-7616: Initialize workspace"        [_thread_blocked, id=30648, stack(0x0000010024f00000,0x0000010025000000) (1024K)]
  0x0000029907a17190 JavaThread "Connection worker"                 [_thread_blocked, id=28436, stack(0x0000010029100000,0x0000010029200000) (1024K)]
  0x0000029907a04a40 JavaThread "pool-1112-thread-1"                [_thread_blocked, id=41976, stack(0x0000010025100000,0x0000010025200000) (1024K)]
  0x0000029908fb2660 JavaThread "Worker-7631: Initialize workspace"        [_thread_blocked, id=22968, stack(0x0000010025200000,0x0000010025300000) (1024K)]
  0x0000029908f9f880 JavaThread "Connection worker"                 [_thread_blocked, id=37020, stack(0x0000010029200000,0x0000010029300000) (1024K)]
  0x0000029912c17d60 JavaThread "pool-1113-thread-1"                [_thread_blocked, id=28800, stack(0x0000010029900000,0x0000010029a00000) (1024K)]
  0x0000029912c19e30 JavaThread "Connection worker"                 [_thread_blocked, id=42728, stack(0x0000010029600000,0x0000010029700000) (1024K)]
  0x00000298f1e6cc20 JavaThread "Worker-7639: Initialize workspace"        [_thread_blocked, id=37868, stack(0x0000010029000000,0x0000010029100000) (1024K)]
  0x00000298fd0d5230 JavaThread "pool-1114-thread-1"                [_thread_blocked, id=16792, stack(0x0000010029c00000,0x0000010029d00000) (1024K)]
  0x00000298fd0de290 JavaThread "Worker-7648: Initialize workspace"        [_thread_blocked, id=32900, stack(0x0000010029a00000,0x0000010029b00000) (1024K)]
  0x00000298f80beea0 JavaThread "Connection worker"                 [_thread_blocked, id=39388, stack(0x000000ff9b000000,0x000000ff9b100000) (1024K)]
  0x00000298f1e77d50 JavaThread "Connection worker"                 [_thread_blocked, id=43408, stack(0x0000010029d00000,0x0000010029e00000) (1024K)]
  0x00000298f1e755f0 JavaThread "Worker-7661: Initialize workspace"        [_thread_blocked, id=5692, stack(0x0000010029b00000,0x0000010029c00000) (1024K)]
  0x00000298f67ac910 JavaThread "pool-1115-thread-1"                [_thread_blocked, id=26024, stack(0x000000ff9c900000,0x000000ff9ca00000) (1024K)]
  0x00000298f67c1130 JavaThread "pool-1116-thread-1"                [_thread_blocked, id=36940, stack(0x0000010029f00000,0x000001002a000000) (1024K)]
  0x00000298f6fa2620 JavaThread "Connection worker"                 [_thread_blocked, id=36540, stack(0x000001002a000000,0x000001002a100000) (1024K)]
  0x00000298f23981f0 JavaThread "Worker-7672: Initialize workspace"        [_thread_blocked, id=46312, stack(0x000001002a100000,0x000001002a200000) (1024K)]
  0x000002990cf063b0 JavaThread "pool-1117-thread-1"                [_thread_blocked, id=43880, stack(0x0000010029e00000,0x0000010029f00000) (1024K)]
  0x00000298f8106820 JavaThread "Connection worker"                 [_thread_blocked, id=44376, stack(0x000001002a300000,0x000001002a400000) (1024K)]
  0x00000298f8113390 JavaThread "Worker-7683: Initialize workspace"        [_thread_blocked, id=39684, stack(0x000001002a400000,0x000001002a500000) (1024K)]
  0x00000298f08d8c50 JavaThread "pool-1118-thread-1"                [_thread_blocked, id=39284, stack(0x000000ffa6200000,0x000000ffa6300000) (1024K)]
  0x000002990cf1b260 JavaThread "Connection worker"                 [_thread_blocked, id=764, stack(0x000001002a500000,0x000001002a600000) (1024K)]
  0x000002990cf091a0 JavaThread "pool-1119-thread-1"                [_thread_blocked, id=31500, stack(0x000001002a600000,0x000001002a700000) (1024K)]
  0x00000299160013c0 JavaThread "Worker-7691: Initialize workspace"        [_thread_blocked, id=13360, stack(0x000001002a700000,0x000001002a800000) (1024K)]
  0x00000298f6f94700 JavaThread "Worker-7695: Initialize workspace"        [_thread_blocked, id=34536, stack(0x000001002a200000,0x000001002a300000) (1024K)]
  0x00000298f699c7c0 JavaThread "Worker-7705: Initialize workspace"        [_thread_blocked, id=25028, stack(0x000001001a700000,0x000001001a800000) (1024K)]
  0x00000298f699d4e0 JavaThread "Connection worker"                 [_thread_blocked, id=47496, stack(0x000001002aa00000,0x000001002ab00000) (1024K)]
  0x00000298f699e200 JavaThread "pool-1120-thread-1"                [_thread_blocked, id=29980, stack(0x000001002a800000,0x000001002a900000) (1024K)]
  0x00000298fdd9ae30 JavaThread "Connection worker"                 [_thread_blocked, id=20800, stack(0x000001002ac00000,0x000001002ad00000) (1024K)]
  0x00000298f4b74d10 JavaThread "Worker-7721: Initialize workspace"        [_thread_blocked, id=26696, stack(0x000001002a900000,0x000001002aa00000) (1024K)]
  0x00000298f0749070 JavaThread "Connection worker"                 [_thread_blocked, id=26052, stack(0x000001002ad00000,0x000001002ae00000) (1024K)]
  0x00000298f4b71890 JavaThread "pool-1121-thread-1"                [_thread_blocked, id=43056, stack(0x000001002ae00000,0x000001002af00000) (1024K)]
  0x000002990b1d6300 JavaThread "pool-1122-thread-1"                [_thread_blocked, id=46688, stack(0x000001002af00000,0x000001002b000000) (1024K)]
  0x000002990b1d5c70 JavaThread "Worker-7730: Initialize workspace"        [_thread_blocked, id=46916, stack(0x000000ffc8400000,0x000000ffc8500000) (1024K)]
  0x00000298fdd6c210 JavaThread "Connection worker"                 [_thread_blocked, id=39056, stack(0x000001002b100000,0x000001002b200000) (1024K)]
  0x00000298fdd710d0 JavaThread "pool-1123-thread-1"                [_thread_blocked, id=39188, stack(0x000001002b000000,0x000001002b100000) (1024K)]
  0x00000298fd0d3e80 JavaThread "Worker-7736: Initialize workspace"        [_thread_blocked, id=22128, stack(0x000001002ab00000,0x000001002ac00000) (1024K)]
  0x000002990b1ea490 JavaThread "Worker-7740: Initialize workspace"        [_thread_blocked, id=45088, stack(0x000001002b200000,0x000001002b300000) (1024K)]
  0x000002990a7c6b00 JavaThread "Connection worker"                 [_thread_blocked, id=17948, stack(0x000001002b300000,0x000001002b400000) (1024K)]
  0x000002990a7c7190 JavaThread "Connection worker"                 [_thread_blocked, id=32668, stack(0x000001002b400000,0x000001002b500000) (1024K)]
  0x000002990a7c5de0 JavaThread "pool-1124-thread-1"                [_thread_blocked, id=24436, stack(0x000000ff9ea00000,0x000000ff9eb00000) (1024K)]
  0x000002990a7de7a0 JavaThread "pool-1125-thread-1"                [_thread_blocked, id=232, stack(0x000001002b500000,0x000001002b600000) (1024K)]
  0x00000298f08d4ab0 JavaThread "Connection worker"                 [_thread_blocked, id=45360, stack(0x000001002b700000,0x000001002b800000) (1024K)]
  0x00000298f4b753a0 JavaThread "Worker-7757: Initialize workspace"        [_thread_blocked, id=13180, stack(0x000000ff9d200000,0x000000ff9d300000) (1024K)]
  0x00000298f037b380 JavaThread "pool-1126-thread-1"                [_thread_blocked, id=42064, stack(0x000001002b600000,0x000001002b700000) (1024K)]
  0x00000298f0379940 JavaThread "Connection worker"                 [_thread_blocked, id=31872, stack(0x000000ff97600000,0x000000ff97700000) (1024K)]
  0x0000029908fc8f50 JavaThread "Connection worker"                 [_thread_blocked, id=2792, stack(0x000001002ba00000,0x000001002bb00000) (1024K)]
  0x000002990a7e0870 JavaThread "Worker-7767: Initialize workspace"        [_thread_blocked, id=28740, stack(0x000001002b800000,0x000001002b900000) (1024K)]
  0x000002990fcafa10 JavaThread "pool-1127-thread-1"                [_thread_blocked, id=27980, stack(0x000001002bb00000,0x000001002bc00000) (1024K)]
  0x000002990fc7ab80 JavaThread "Connection worker"                 [_thread_blocked, id=46812, stack(0x000001002bc00000,0x000001002bd00000) (1024K)]
  0x000002990fc800d0 JavaThread "pool-1128-thread-1"                [_thread_blocked, id=5616, stack(0x000001002b900000,0x000001002ba00000) (1024K)]
  0x000002990fc897c0 JavaThread "Worker-7776: Initialize workspace"        [_thread_blocked, id=14004, stack(0x000000ff98000000,0x000000ff98100000) (1024K)]
  0x000002990fc9bf10 JavaThread "Worker-7785: Initialize workspace"        [_thread_blocked, id=41176, stack(0x0000010024d00000,0x0000010024e00000) (1024K)]
  0x000002990fca9110 JavaThread "Connection worker"                 [_thread_blocked, id=17704, stack(0x0000010025000000,0x0000010025100000) (1024K)]
  0x0000029915fe7650 JavaThread "Worker-7793: Initialize workspace"        [_thread_blocked, id=16560, stack(0x000001002bd00000,0x000001002be00000) (1024K)]
  0x000002991601aaa0 JavaThread "pool-1129-thread-1"                [_thread_blocked, id=2272, stack(0x000001002be00000,0x000001002bf00000) (1024K)]
  0x000002990fc9ab60 JavaThread "Connection worker"                 [_thread_blocked, id=2740, stack(0x000001002c100000,0x000001002c200000) (1024K)]
  0x0000029908fb0590 JavaThread "pool-1130-thread-1"                [_thread_blocked, id=27644, stack(0x000001002bf00000,0x000001002c000000) (1024K)]
  0x0000029908fbeb40 JavaThread "Connection worker"                 [_thread_blocked, id=45308, stack(0x000001002c000000,0x000001002c100000) (1024K)]
  0x00000298f38b2170 JavaThread "Worker-7810: Initialize workspace"        [_thread_blocked, id=33464, stack(0x000001002c200000,0x000001002c300000) (1024K)]
  0x00000298f38b0730 JavaThread "pool-1131-thread-1"                [_thread_blocked, id=6016, stack(0x000001002c300000,0x000001002c400000) (1024K)]
  0x0000029915fe9090 JavaThread "Worker-7818: Initialize workspace"        [_thread_blocked, id=43536, stack(0x000001002c400000,0x000001002c500000) (1024K)]
  0x00000298f2ce5bb0 JavaThread "Connection worker"                 [_thread_blocked, id=21348, stack(0x000001002c700000,0x000001002c800000) (1024K)]
  0x00000298f037e170 JavaThread "pool-1132-thread-1"                [_thread_blocked, id=46244, stack(0x000001002c800000,0x000001002c900000) (1024K)]
  0x00000298f38aecf0 JavaThread "Worker-7825: Initialize workspace"        [_thread_blocked, id=43172, stack(0x000001002c600000,0x000001002c700000) (1024K)]
  0x00000299084e9d40 JavaThread "Connection worker"                 [_thread_blocked, id=46184, stack(0x000001002ca00000,0x000001002cb00000) (1024K)]
  0x00000298f2cdec20 JavaThread "pool-1133-thread-1"                [_thread_blocked, id=42892, stack(0x000001002cb00000,0x000001002cc00000) (1024K)]
  0x00000298f2cdffd0 JavaThread "Worker-7835: Initialize workspace"        [_thread_blocked, id=14808, stack(0x000001002c500000,0x000001002c600000) (1024K)]
  0x00000299084e4e80 JavaThread "Worker-7842: Initialize workspace"        [_thread_blocked, id=16380, stack(0x000000ffbfa00000,0x000000ffbfb00000) (1024K)]
  0x000002991601cb70 JavaThread "Connection worker"                 [_thread_blocked, id=32600, stack(0x000001002c900000,0x000001002ca00000) (1024K)]
  0x00000299084c6250 JavaThread "pool-1134-thread-1"                [_thread_blocked, id=25772, stack(0x000001002cc00000,0x000001002cd00000) (1024K)]
  0x00000298f08d3d90 JavaThread "Connection worker"                 [_thread_blocked, id=35676, stack(0x000001002cd00000,0x000001002ce00000) (1024K)]
  0x00000298f4886aa0 JavaThread "Worker-7850: Initialize workspace"        [_thread_blocked, id=38780, stack(0x000001002ce00000,0x000001002cf00000) (1024K)]
  0x00000298f80b8c30 JavaThread "pool-1135-thread-1"                [_thread_blocked, id=17564, stack(0x0000010024500000,0x0000010024600000) (1024K)]
  0x00000298f2398880 JavaThread "Worker-7861: Initialize workspace"        [_thread_blocked, id=38224, stack(0x000001002d000000,0x000001002d100000) (1024K)]
  0x00000299160213a0 JavaThread "Connection worker"                 [_thread_blocked, id=29112, stack(0x000001002cf00000,0x000001002d000000) (1024K)]
  0x000002990fc76350 JavaThread "Connection worker"                 [_thread_blocked, id=46748, stack(0x000001002d100000,0x000001002d200000) (1024K)]
  0x00000299079fe7d0 JavaThread "pool-1136-thread-1"                [_thread_blocked, id=45004, stack(0x000001001f700000,0x000001001f800000) (1024K)]
  0x00000298f67b7a40 JavaThread "pool-1137-thread-1"                [_thread_blocked, id=19624, stack(0x000001002d200000,0x000001002d300000) (1024K)]
  0x00000298f2f1d330 JavaThread "Connection worker"                 [_thread_blocked, id=47780, stack(0x000001002d400000,0x000001002d500000) (1024K)]
  0x00000299102f2a90 JavaThread "Worker-7870: Initialize workspace"        [_thread_blocked, id=27556, stack(0x000001002d500000,0x000001002d600000) (1024K)]
  0x00000298f6fa8200 JavaThread "pool-1138-thread-1"                [_thread_blocked, id=41512, stack(0x000001002d600000,0x000001002d700000) (1024K)]
  0x000002990a7d98e0 JavaThread "Worker-7876: Initialize workspace"        [_thread_blocked, id=40560, stack(0x000001002d700000,0x000001002d800000) (1024K)]
  0x00000298f074a420 JavaThread "Worker-7883: Initialize workspace"        [_thread_blocked, id=34568, stack(0x000001002d300000,0x000001002d400000) (1024K)]
  0x0000029908d17ec0 JavaThread "Worker-7891: Initialize workspace"        [_thread_blocked, id=22680, stack(0x000001002da00000,0x000001002db00000) (1024K)]
  0x0000029912bfcc40 JavaThread "Connection worker"                 [_thread_blocked, id=23144, stack(0x000001002d900000,0x000001002da00000) (1024K)]
  0x000002990fa6bdc0 JavaThread "pool-1139-thread-1"                [_thread_blocked, id=21924, stack(0x000001002db00000,0x000001002dc00000) (1024K)]
  0x0000029915543500 JavaThread "Connection worker"                 [_thread_blocked, id=32348, stack(0x000001002dd00000,0x000001002de00000) (1024K)]
  0x0000029915541430 JavaThread "pool-1140-thread-1"                [_thread_blocked, id=14344, stack(0x000001002d800000,0x000001002d900000) (1024K)]
  0x0000029915542150 JavaThread "Connection worker"                 [_thread_blocked, id=34964, stack(0x000001002dc00000,0x000001002dd00000) (1024K)]
  0x0000029915542e70 JavaThread "Worker-7902: Initialize workspace"        [_thread_blocked, id=25320, stack(0x000001002de00000,0x000001002df00000) (1024K)]
  0x0000029915540080 JavaThread "pool-1141-thread-1"                [_thread_blocked, id=31284, stack(0x000001002df00000,0x000001002e000000) (1024K)]
  0x0000029915541ac0 JavaThread "Worker-7910: Initialize workspace"        [_thread_blocked, id=6708, stack(0x000001002e000000,0x000001002e100000) (1024K)]
  0x0000029915540710 JavaThread "Connection worker"                 [_thread_blocked, id=25680, stack(0x000001002e200000,0x000001002e300000) (1024K)]
  0x0000029915543b90 JavaThread "Connection worker"                 [_thread_blocked, id=37056, stack(0x000001002e100000,0x000001002e200000) (1024K)]
  0x00000299155427e0 JavaThread "pool-1142-thread-1"                [_thread_blocked, id=10472, stack(0x000001002e400000,0x000001002e500000) (1024K)]
  0x0000029915540da0 JavaThread "pool-1143-thread-1"                [_thread_blocked, id=12032, stack(0x000001002e500000,0x000001002e600000) (1024K)]
  0x0000029915544f40 JavaThread "Connection worker"                 [_thread_blocked, id=18020, stack(0x000001002e300000,0x000001002e400000) (1024K)]
  0x0000029915545c60 JavaThread "pool-1144-thread-1"                [_thread_blocked, id=31196, stack(0x000001002e600000,0x000001002e700000) (1024K)]
  0x00000299155462f0 JavaThread "Worker-7926: Initialize workspace"        [_thread_blocked, id=27516, stack(0x0000010020c00000,0x0000010020d00000) (1024K)]
  0x00000299155455d0 JavaThread "Connection worker"                 [_thread_blocked, id=41724, stack(0x000001002e700000,0x000001002e800000) (1024K)]
  0x0000029915547d30 JavaThread "pool-1145-thread-1"                [_thread_blocked, id=8492, stack(0x000001002eb00000,0x000001002ec00000) (1024K)]
  0x0000029915547010 JavaThread "Worker-7934: Initialize workspace"        [_thread_blocked, id=46356, stack(0x000001002e900000,0x000001002ea00000) (1024K)]
  0x0000029915544220 JavaThread "Worker-7943: Initialize workspace"        [_thread_blocked, id=33540, stack(0x000001002ec00000,0x000001002ed00000) (1024K)]
  0x00000299155448b0 JavaThread "Connection worker"                 [_thread_blocked, id=21952, stack(0x000001002ed00000,0x000001002ee00000) (1024K)]
  0x000002991554a490 JavaThread "pool-1146-thread-1"                [_thread_blocked, id=19596, stack(0x000001002f000000,0x000001002f100000) (1024K)]
  0x0000029915549770 JavaThread "Connection worker"                 [_thread_blocked, id=28268, stack(0x000001002f100000,0x000001002f200000) (1024K)]
  0x0000029915549e00 JavaThread "pool-1147-thread-1"                [_thread_blocked, id=21808, stack(0x000001002ee00000,0x000001002ef00000) (1024K)]
  0x000002991554ab20 JavaThread "Worker-7955: Initialize workspace"        [_thread_blocked, id=24104, stack(0x000001002ef00000,0x000001002f000000) (1024K)]
  0x000002991554b840 JavaThread "Connection worker"                 [_thread_blocked, id=19348, stack(0x000001002f400000,0x000001002f500000) (1024K)]
  0x00000299155483c0 JavaThread "Worker-7965: Initialize workspace"        [_thread_blocked, id=44864, stack(0x000001002f200000,0x000001002f300000) (1024K)]
  0x0000029915548a50 JavaThread "pool-1148-thread-1"                [_thread_blocked, id=13768, stack(0x000001002f500000,0x000001002f600000) (1024K)]
  0x000002991554bed0 JavaThread "Worker-7972: Initialize workspace"        [_thread_blocked, id=4680, stack(0x000001002f600000,0x000001002f700000) (1024K)]
  0x000002991554cbf0 JavaThread "Worker-7981: Initialize workspace"        [_thread_blocked, id=45616, stack(0x000001002f900000,0x000001002fa00000) (1024K)]
  0x000002991554d910 JavaThread "Connection worker"                 [_thread_blocked, id=19044, stack(0x000001002f300000,0x000001002f400000) (1024K)]
  0x000002991554c560 JavaThread "Connection worker"                 [_thread_blocked, id=22508, stack(0x000000ffb0200000,0x000000ffb0300000) (1024K)]
  0x00000299155490e0 JavaThread "pool-1149-thread-1"                [_thread_blocked, id=38404, stack(0x000001002f800000,0x000001002f900000) (1024K)]
  0x000002991554e630 JavaThread "Connection worker"                 [_thread_blocked, id=22504, stack(0x000001002fa00000,0x000001002fb00000) (1024K)]
  0x000002991554f9e0 JavaThread "pool-1150-thread-1"                [_thread_blocked, id=21636, stack(0x000001002fb00000,0x000001002fc00000) (1024K)]
  0x000002991554d280 JavaThread "pool-1151-thread-1"                [_thread_blocked, id=35732, stack(0x000001002f700000,0x000001002f800000) (1024K)]
  0x000002991554dfa0 JavaThread "Worker-7991: Initialize workspace"        [_thread_blocked, id=4908, stack(0x000001002fc00000,0x000001002fd00000) (1024K)]
  0x0000029915550070 JavaThread "Connection worker"                 [_thread_blocked, id=41924, stack(0x0000010030000000,0x0000010030100000) (1024K)]
  0x0000029915552140 JavaThread "pool-1152-thread-1"                [_thread_blocked, id=36712, stack(0x000001002ff00000,0x0000010030000000) (1024K)]
  0x000002991554b1b0 JavaThread "Worker-7999: Initialize workspace"        [_thread_blocked, id=13936, stack(0x000001002fd00000,0x000001002fe00000) (1024K)]
  0x0000029915550700 JavaThread "Worker-8003: Initialize workspace"        [_thread_blocked, id=17544, stack(0x0000010030100000,0x0000010030200000) (1024K)]
  0x000002991554f350 JavaThread "Connection worker"                 [_thread_blocked, id=43664, stack(0x0000010030300000,0x0000010030400000) (1024K)]
  0x0000029915550d90 JavaThread "Connection worker"                 [_thread_blocked, id=28072, stack(0x000001002fe00000,0x000001002ff00000) (1024K)]
  0x0000029915551420 JavaThread "pool-1153-thread-1"                [_thread_blocked, id=39552, stack(0x0000010030400000,0x0000010030500000) (1024K)]
  0x000002991554ecc0 JavaThread "Worker-8012: Initialize workspace"        [_thread_blocked, id=36904, stack(0x0000010030500000,0x0000010030600000) (1024K)]
  0x00000299155534f0 JavaThread "pool-1154-thread-1"                [_thread_blocked, id=20388, stack(0x0000010030200000,0x0000010030300000) (1024K)]
  0x0000029915551ab0 JavaThread "Worker-8017: Initialize workspace"        [_thread_blocked, id=40496, stack(0x0000010030600000,0x0000010030700000) (1024K)]
  0x0000029915552e60 JavaThread "Worker-8024: Initialize workspace"        [_thread_blocked, id=25656, stack(0x0000010030800000,0x0000010030900000) (1024K)]
  0x00000299155562e0 JavaThread "Connection worker"                 [_thread_blocked, id=34512, stack(0x0000010030f00000,0x0000010031000000) (1024K)]
  0x00000299155548a0 JavaThread "pool-1155-thread-1"                [_thread_blocked, id=38192, stack(0x0000010010900000,0x0000010010a00000) (1024K)]
  0x0000029915557000 JavaThread "Connection worker"                 [_thread_blocked, id=5056, stack(0x000001002ea00000,0x000001002eb00000) (1024K)]
  0x00000299155476a0 JavaThread "Connection worker"                 [_thread_blocked, id=14896, stack(0x000001002e800000,0x000001002e900000) (1024K)]
  0x0000029915554210 JavaThread "pool-1156-thread-1"                [_thread_blocked, id=18416, stack(0x0000010030a00000,0x0000010030b00000) (1024K)]
  0x0000029915546980 JavaThread "pool-1157-thread-1"                [_thread_blocked, id=32420, stack(0x0000010020100000,0x0000010020200000) (1024K)]
  0x0000029915557690 JavaThread "Worker-8040: Initialize workspace"        [_thread_blocked, id=4344, stack(0x0000010030c00000,0x0000010030d00000) (1024K)]
  0x0000029915557d20 JavaThread "Connection worker"                 [_thread_blocked, id=24444, stack(0x0000010031000000,0x0000010031100000) (1024K)]
  0x0000029915558a40 JavaThread "Worker-8048: Initialize workspace"        [_thread_blocked, id=32708, stack(0x0000010031400000,0x0000010031500000) (1024K)]
  0x0000029915555c50 JavaThread "pool-1158-thread-1"                [_thread_blocked, id=38900, stack(0x0000010031500000,0x0000010031600000) (1024K)]
  0x0000029915559760 JavaThread "Worker-8058: Initialize workspace"        [_thread_blocked, id=19772, stack(0x0000010031100000,0x0000010031200000) (1024K)]
  0x00000299155590d0 JavaThread "Connection worker"                 [_thread_blocked, id=35068, stack(0x0000010031600000,0x0000010031700000) (1024K)]
  0x0000029915559df0 JavaThread "pool-1159-thread-1"                [_thread_blocked, id=29640, stack(0x0000010031800000,0x0000010031900000) (1024K)]
  0x00000299155583b0 JavaThread "Connection worker"                 [_thread_blocked, id=20900, stack(0x0000010031700000,0x0000010031800000) (1024K)]
  0x000002991555d900 JavaThread "Worker-8069: Initialize workspace"        [_thread_blocked, id=42388, stack(0x0000010031900000,0x0000010031a00000) (1024K)]
  0x000002991555b830 JavaThread "pool-1160-thread-1"                [_thread_blocked, id=23344, stack(0x0000010031b00000,0x0000010031c00000) (1024K)]
  0x000002991555a480 JavaThread "Connection worker"                 [_thread_blocked, id=43016, stack(0x0000010031c00000,0x0000010031d00000) (1024K)]
  0x000002991555d270 JavaThread "Worker-8080: Initialize workspace"        [_thread_blocked, id=28380, stack(0x0000010031d00000,0x0000010031e00000) (1024K)]
  0x000002991555c550 JavaThread "pool-1161-thread-1"                [_thread_blocked, id=16464, stack(0x0000010031f00000,0x0000010032000000) (1024K)]
  0x000002991555cbe0 JavaThread "Connection worker"                 [_thread_blocked, id=4992, stack(0x0000010032000000,0x0000010032100000) (1024K)]
  0x0000029915561aa0 JavaThread "pool-1162-thread-1"                [_thread_blocked, id=32424, stack(0x0000010032200000,0x0000010032300000) (1024K)]
  0x000002991555e620 JavaThread "Worker-8091: Initialize workspace"        [_thread_blocked, id=17108, stack(0x0000010032300000,0x0000010032400000) (1024K)]
  0x000002991555f340 JavaThread "Connection worker"                 [_thread_blocked, id=22988, stack(0x0000010032600000,0x0000010032700000) (1024K)]
  0x0000029915562e50 JavaThread "pool-1163-thread-1"                [_thread_blocked, id=16984, stack(0x0000010032800000,0x0000010032900000) (1024K)]
  0x000002991555ecb0 JavaThread "Worker-8102: Initialize workspace"        [_thread_blocked, id=18556, stack(0x000000ffd8000000,0x000000ffd8100000) (1024K)]
  0x000002991555bec0 JavaThread "Worker-8108: Initialize workspace"        [_thread_blocked, id=47996, stack(0x000001001f100000,0x000001001f200000) (1024K)]
  0x0000029915560060 JavaThread "Connection worker"                 [_thread_blocked, id=33916, stack(0x0000010032900000,0x0000010032a00000) (1024K)]
  0x00000299155634e0 JavaThread "pool-1164-thread-1"                [_thread_blocked, id=10280, stack(0x0000010032a00000,0x0000010032b00000) (1024K)]
  0x0000029915562130 JavaThread "Worker-8120: Initialize workspace"        [_thread_blocked, id=37620, stack(0x0000010030900000,0x0000010030a00000) (1024K)]
  0x0000029915563b70 JavaThread "Connection worker"                 [_thread_blocked, id=26552, stack(0x0000010030d00000,0x0000010030e00000) (1024K)]
  0x00000299155606f0 JavaThread "pool-1165-thread-1"                [_thread_blocked, id=41668, stack(0x0000010032700000,0x0000010032800000) (1024K)]
  0x0000029915560d80 JavaThread "Worker-8128: Initialize workspace"        [_thread_blocked, id=12448, stack(0x0000010032b00000,0x0000010032c00000) (1024K)]
  0x0000029915565c40 JavaThread "Connection worker"                 [_thread_blocked, id=41904, stack(0x0000010032c00000,0x0000010032d00000) (1024K)]
  0x0000029915564890 JavaThread "pool-1166-thread-1"                [_thread_blocked, id=43820, stack(0x0000010030b00000,0x0000010030c00000) (1024K)]
  0x0000029915564f20 JavaThread "Worker-8136: Initialize workspace"        [_thread_blocked, id=3016, stack(0x0000010030700000,0x0000010030800000) (1024K)]
  0x00000299155627c0 JavaThread "Connection worker"                 [_thread_blocked, id=34384, stack(0x0000010032f00000,0x0000010033000000) (1024K)]
  0x0000029915569750 JavaThread "Worker-8145: Initialize workspace"        [_thread_blocked, id=36764, stack(0x0000010033200000,0x0000010033300000) (1024K)]
  0x0000029915568a30 JavaThread "pool-1167-thread-1"                [_thread_blocked, id=22876, stack(0x0000010033100000,0x0000010033200000) (1024K)]
  0x00000299155655b0 JavaThread "Connection worker"                 [_thread_blocked, id=24488, stack(0x0000010032d00000,0x0000010032e00000) (1024K)]
  0x00000299155683a0 JavaThread "pool-1168-thread-1"                [_thread_blocked, id=45916, stack(0x0000010033600000,0x0000010033700000) (1024K)]
  0x00000299155662d0 JavaThread "Worker-8150: Initialize workspace"        [_thread_blocked, id=45404, stack(0x0000010032e00000,0x0000010032f00000) (1024K)]
  0x00000299155690c0 JavaThread "Connection worker"                 [_thread_blocked, id=40808, stack(0x0000010033900000,0x0000010033a00000) (1024K)]
  0x0000029915567d10 JavaThread "pool-1169-thread-1"                [_thread_blocked, id=34808, stack(0x0000010033a00000,0x0000010033b00000) (1024K)]
  0x000002991556a470 JavaThread "Connection worker"                 [_thread_blocked, id=35528, stack(0x0000010033d00000,0x0000010033e00000) (1024K)]
  0x0000029915566ff0 JavaThread "pool-1170-thread-1"                [_thread_blocked, id=45112, stack(0x000001001df00000,0x000001001e000000) (1024K)]
  0x000002991556ab00 JavaThread "Worker-8159: Initialize workspace"        [_thread_blocked, id=11452, stack(0x0000010033400000,0x0000010033500000) (1024K)]
  0x000002991556beb0 JavaThread "Worker-8166: Initialize workspace"        [_thread_blocked, id=18040, stack(0x0000010031a00000,0x0000010031b00000) (1024K)]
  0x000002991556d8f0 JavaThread "Connection worker"                 [_thread_blocked, id=12076, stack(0x0000010033b00000,0x0000010033c00000) (1024K)]
  0x000002991556b820 JavaThread "Connection worker"                 [_thread_blocked, id=29212, stack(0x0000010034000000,0x0000010034100000) (1024K)]
  0x000002991556b190 JavaThread "pool-1171-thread-1"                [_thread_blocked, id=28976, stack(0x0000010033f00000,0x0000010034000000) (1024K)]
  0x000002991556eca0 JavaThread "pool-1172-thread-1"                [_thread_blocked, id=37492, stack(0x0000010034200000,0x0000010034300000) (1024K)]
  0x000002991556f330 JavaThread "Worker-8173: Initialize workspace"        [_thread_blocked, id=41312, stack(0x0000010034100000,0x0000010034200000) (1024K)]
  0x000002991556d260 JavaThread "Connection worker"                 [_thread_blocked, id=23060, stack(0x000000ffd8d00000,0x000000ffd8e00000) (1024K)]
  0x000002991555b1a0 JavaThread "pool-1173-thread-1"                [_thread_blocked, id=16140, stack(0x000000fffec00000,0x000000fffed00000) (1024K)]
  0x000002991556f9c0 JavaThread "Worker-8182: Initialize workspace"        [_thread_blocked, id=24944, stack(0x000000ff9fc00000,0x000000ff9fd00000) (1024K)]
  0x000002991556cbd0 JavaThread "Connection worker"                 [_thread_blocked, id=21480, stack(0x0000010005f00000,0x0000010006000000) (1024K)]
  0x000002991556c540 JavaThread "pool-1174-thread-1"                [_thread_blocked, id=39384, stack(0x000000ffd8200000,0x000000ffd8300000) (1024K)]
  0x0000029915573b60 JavaThread "Worker-8190: Initialize workspace"        [_thread_blocked, id=47520, stack(0x0000010030e00000,0x0000010030f00000) (1024K)]
  0x00000299155734d0 JavaThread "Worker-8195: Initialize workspace"        [_thread_blocked, id=24352, stack(0x0000010034400000,0x0000010034500000) (1024K)]
  0x0000029915572e40 JavaThread "Worker-8200: Initialize workspace"        [_thread_blocked, id=41812, stack(0x000000ffffc00000,0x000000ffffd00000) (1024K)]
  0x00000299155706e0 JavaThread "Connection worker"                 [_thread_blocked, id=26112, stack(0x0000010034600000,0x0000010034700000) (1024K)]
  0x00000299155741f0 JavaThread "Connection worker"                 [_thread_blocked, id=21520, stack(0x0000010034700000,0x0000010034800000) (1024K)]
  0x00000299155727b0 JavaThread "pool-1175-thread-1"                [_thread_blocked, id=19436, stack(0x0000010034500000,0x0000010034600000) (1024K)]
  0x0000029915571a90 JavaThread "pool-1176-thread-1"                [_thread_blocked, id=31956, stack(0x0000010034800000,0x0000010034900000) (1024K)]
  0x0000029915572120 JavaThread "Worker-8212: Initialize workspace"        [_thread_blocked, id=2768, stack(0x0000010034300000,0x0000010034400000) (1024K)]
  0x0000029915571400 JavaThread "Connection worker"                 [_thread_blocked, id=31468, stack(0x000001000ce00000,0x000001000cf00000) (1024K)]
  0x0000029915577d00 JavaThread "Connection worker"                 [_thread_blocked, id=17740, stack(0x0000010034b00000,0x0000010034c00000) (1024K)]
  0x0000029915578390 JavaThread "pool-1177-thread-1"                [_thread_blocked, id=34996, stack(0x0000010034d00000,0x0000010034e00000) (1024K)]
  0x0000029915577670 JavaThread "pool-1178-thread-1"                [_thread_blocked, id=45084, stack(0x0000010034900000,0x0000010034a00000) (1024K)]
  0x0000029915574880 JavaThread "Worker-8222: Initialize workspace"        [_thread_blocked, id=35188, stack(0x0000010034a00000,0x0000010034b00000) (1024K)]
  0x0000029915574f10 JavaThread "Worker-8229: Initialize workspace"        [_thread_blocked, id=21120, stack(0x0000010034c00000,0x0000010034d00000) (1024K)]
  0x00000299155755a0 JavaThread "Connection worker"                 [_thread_blocked, id=37432, stack(0x0000010035000000,0x0000010035100000) (1024K)]
  0x0000029915566960 JavaThread "pool-1179-thread-1"                [_thread_blocked, id=41588, stack(0x0000010033000000,0x0000010033100000) (1024K)]
  0x0000029915567680 JavaThread "Worker-8240: Initialize workspace"        [_thread_blocked, id=9380, stack(0x0000010033300000,0x0000010033400000) (1024K)]
  0x0000029915576950 JavaThread "Connection worker"                 [_thread_blocked, id=29164, stack(0x0000010034f00000,0x0000010035000000) (1024K)]
  0x0000029915578a20 JavaThread "pool-1180-thread-1"                [_thread_blocked, id=26516, stack(0x0000010035100000,0x0000010035200000) (1024K)]
  0x00000299155790b0 JavaThread "Worker-8246: Initialize workspace"        [_thread_blocked, id=21796, stack(0x0000010034e00000,0x0000010034f00000) (1024K)]
  0x0000029915575c30 JavaThread "Connection worker"                 [_thread_blocked, id=35844, stack(0x0000010035300000,0x0000010035400000) (1024K)]
  0x0000029915579dd0 JavaThread "pool-1181-thread-1"                [_thread_blocked, id=36972, stack(0x0000010035400000,0x0000010035500000) (1024K)]
  0x0000029915576fe0 JavaThread "Worker-8254: Initialize workspace"        [_thread_blocked, id=4052, stack(0x0000010035700000,0x0000010035800000) (1024K)]
  0x000002991557c530 JavaThread "Connection worker"                 [_thread_blocked, id=13812, stack(0x0000010035600000,0x0000010035700000) (1024K)]
  0x0000029915579740 JavaThread "Worker-8262: Initialize workspace"        [_thread_blocked, id=31732, stack(0x0000010035200000,0x0000010035300000) (1024K)]
  0x000002991557b810 JavaThread "pool-1182-thread-1"                [_thread_blocked, id=27712, stack(0x0000010035800000,0x0000010035900000) (1024K)]
  0x000002991557aaf0 JavaThread "Connection worker"                 [_thread_blocked, id=19476, stack(0x0000010035a00000,0x0000010035b00000) (1024K)]
  0x000002991557cbc0 JavaThread "Connection worker"                 [_thread_blocked, id=33176, stack(0x0000010035900000,0x0000010035a00000) (1024K)]
  0x000002991557d250 JavaThread "pool-1183-thread-1"                [_thread_blocked, id=37760, stack(0x0000010035b00000,0x0000010035c00000) (1024K)]
  0x000002991557d8e0 JavaThread "pool-1184-thread-1"                [_thread_blocked, id=26336, stack(0x0000010035c00000,0x0000010035d00000) (1024K)]
  0x00000299155762c0 JavaThread "Worker-8277: Initialize workspace"        [_thread_blocked, id=4552, stack(0x0000010035500000,0x0000010035600000) (1024K)]
  0x000002991557b180 JavaThread "Connection worker"                 [_thread_blocked, id=20940, stack(0x0000010035f00000,0x0000010036000000) (1024K)]
  0x000002991557f9b0 JavaThread "pool-1185-thread-1"                [_thread_blocked, id=36224, stack(0x0000010036100000,0x0000010036200000) (1024K)]
  0x000002991557bea0 JavaThread "Worker-8285: Initialize workspace"        [_thread_blocked, id=25984, stack(0x0000010035d00000,0x0000010035e00000) (1024K)]
  0x000002991557a460 JavaThread "Worker-8290: Initialize workspace"        [_thread_blocked, id=16416, stack(0x0000010035e00000,0x0000010035f00000) (1024K)]
  0x0000029915580040 JavaThread "Connection worker"                 [_thread_blocked, id=45748, stack(0x0000010036200000,0x0000010036300000) (1024K)]
  0x000002991557df70 JavaThread "Worker-8298: Initialize workspace"        [_thread_blocked, id=17436, stack(0x0000010036400000,0x0000010036500000) (1024K)]
  0x000002991557f320 JavaThread "pool-1186-thread-1"                [_thread_blocked, id=12720, stack(0x0000010036600000,0x0000010036700000) (1024K)]
  0x0000029915554f30 JavaThread "Connection worker"                 [_thread_blocked, id=43288, stack(0x0000010036300000,0x0000010036400000) (1024K)]
  0x00000299155555c0 JavaThread "pool-1187-thread-1"                [_thread_blocked, id=31076, stack(0x0000010036500000,0x0000010036600000) (1024K)]
  0x0000029915564200 JavaThread "Worker-8304: Initialize workspace"        [_thread_blocked, id=46248, stack(0x0000010033500000,0x0000010033600000) (1024K)]
  0x000002991557ec90 JavaThread "Connection worker"                 [_thread_blocked, id=38336, stack(0x0000010036800000,0x0000010036900000) (1024K)]
  0x00000299155527d0 JavaThread "Connection worker"                 [_thread_blocked, id=37092, stack(0x0000010033700000,0x0000010033800000) (1024K)]
  0x0000029915556970 JavaThread "Worker-8316: Initialize workspace"        [_thread_blocked, id=23176, stack(0x0000010036000000,0x0000010036100000) (1024K)]
  0x0000029915553b80 JavaThread "pool-1188-thread-1"                [_thread_blocked, id=27972, stack(0x0000010036700000,0x0000010036800000) (1024K)]
  0x00000299155806d0 JavaThread "pool-1189-thread-1"                [_thread_blocked, id=26640, stack(0x0000010036900000,0x0000010036a00000) (1024K)]
  0x000002990b1d4f50 JavaThread "Worker-8326: Initialize workspace"        [_thread_blocked, id=7380, stack(0x0000010036a00000,0x0000010036b00000) (1024K)]
  0x000002990b1f2140 JavaThread "Connection worker"                 [_thread_blocked, id=27736, stack(0x000000ff99c00000,0x000000ff99d00000) (1024K)]
  0x000002990fca7d60 JavaThread "Worker-8333: Initialize workspace"        [_thread_blocked, id=16616, stack(0x0000010036b00000,0x0000010036c00000) (1024K)]
  0x0000029908f940c0 JavaThread "pool-1190-thread-1"                [_thread_blocked, id=6884, stack(0x0000010036c00000,0x0000010036d00000) (1024K)]
  0x00000298fdd9f660 JavaThread "Connection worker"                 [_thread_blocked, id=21020, stack(0x0000010036e00000,0x0000010036f00000) (1024K)]
  0x00000298f1e6e660 JavaThread "pool-1191-thread-1"                [_thread_blocked, id=28344, stack(0x0000010036f00000,0x0000010037000000) (1024K)]
  0x00000298f1e6b1e0 JavaThread "Worker-8346: Initialize workspace"        [_thread_blocked, id=43980, stack(0x0000010036d00000,0x0000010036e00000) (1024K)]
  0x00000299102dc830 JavaThread "Connection worker"                 [_thread_blocked, id=40060, stack(0x0000010037100000,0x0000010037200000) (1024K)]
  0x000002991557e600 JavaThread "pool-1192-thread-1"                [_thread_blocked, id=6400, stack(0x0000010037000000,0x0000010037100000) (1024K)]
  0x0000029908d15df0 JavaThread "Connection worker"                 [_thread_blocked, id=20236, stack(0x0000010037400000,0x0000010037500000) (1024K)]
  0x000002990fa6cae0 JavaThread "pool-1193-thread-1"                [_thread_blocked, id=39048, stack(0x0000010037200000,0x0000010037300000) (1024K)]
  0x0000029915569de0 JavaThread "Worker-8358: Initialize workspace"        [_thread_blocked, id=19344, stack(0x0000010037300000,0x0000010037400000) (1024K)]
  0x00000298f4887e50 JavaThread "Connection worker"                 [_thread_blocked, id=45316, stack(0x0000010037700000,0x0000010037800000) (1024K)]
  0x000002990fc869d0 JavaThread "Worker-8367: Initialize workspace"        [_thread_blocked, id=28664, stack(0x0000010037500000,0x0000010037600000) (1024K)]
  0x000002990b1c83e0 JavaThread "pool-1194-thread-1"                [_thread_blocked, id=32104, stack(0x0000010037600000,0x0000010037700000) (1024K)]
  0x0000029911237c00 JavaThread "Connection worker"                 [_thread_blocked, id=15176, stack(0x0000010037a00000,0x0000010037b00000) (1024K)]
  0x0000029908fc0580 JavaThread "Worker-8377: Initialize workspace"        [_thread_blocked, id=44768, stack(0x0000010037800000,0x0000010037900000) (1024K)]
  0x00000299102cc1b0 JavaThread "pool-1195-thread-1"                [_thread_blocked, id=1312, stack(0x0000010037b00000,0x0000010037c00000) (1024K)]
  0x00000298fdd87330 JavaThread "Worker-8380: Initialize workspace"        [_thread_blocked, id=30316, stack(0x0000010037900000,0x0000010037a00000) (1024K)]
  0x000002991556e610 JavaThread "Connection worker"                 [_thread_blocked, id=28396, stack(0x0000010033c00000,0x0000010033d00000) (1024K)]
  0x000002991556df80 JavaThread "pool-1196-thread-1"                [_thread_blocked, id=35240, stack(0x0000010033800000,0x0000010033900000) (1024K)]
  0x0000029917791910 JavaThread "Worker-8392: Initialize workspace"        [_thread_blocked, id=4788, stack(0x0000010037d00000,0x0000010037e00000) (1024K)]
  0x0000029917791280 JavaThread "Connection worker"                 [_thread_blocked, id=36988, stack(0x0000010037f00000,0x0000010038000000) (1024K)]
  0x000002991778f1b0 JavaThread "pool-1197-thread-1"                [_thread_blocked, id=38328, stack(0x0000010037c00000,0x0000010037d00000) (1024K)]
  0x000002991778fed0 JavaThread "Connection worker"                 [_thread_blocked, id=25528, stack(0x0000010038100000,0x0000010038200000) (1024K)]
  0x000002991778e490 JavaThread "Worker-8403: Initialize workspace"        [_thread_blocked, id=30232, stack(0x0000010037e00000,0x0000010037f00000) (1024K)]
  0x000002991778f840 JavaThread "pool-1198-thread-1"                [_thread_blocked, id=31892, stack(0x0000010038200000,0x0000010038300000) (1024K)]
  0x0000029917790560 JavaThread "Worker-8411: Initialize workspace"        [_thread_blocked, id=47268, stack(0x0000010038300000,0x0000010038400000) (1024K)]
  0x000002991778eb20 JavaThread "Connection worker"                 [_thread_blocked, id=39392, stack(0x0000010038400000,0x0000010038500000) (1024K)]
  0x0000029917792630 JavaThread "Worker-8423: Initialize workspace"        [_thread_blocked, id=34316, stack(0x0000010038000000,0x0000010038100000) (1024K)]
  0x0000029917794070 JavaThread "Connection worker"                 [_thread_blocked, id=16888, stack(0x0000010038600000,0x0000010038700000) (1024K)]
  0x0000029917791fa0 JavaThread "pool-1199-thread-1"                [_thread_blocked, id=24664, stack(0x0000010038700000,0x0000010038800000) (1024K)]
  0x0000029917790bf0 JavaThread "pool-1200-thread-1"                [_thread_blocked, id=33776, stack(0x000000ffc8600000,0x000000ffc8700000) (1024K)]
  0x0000029917794d90 JavaThread "Worker-8430: Initialize workspace"        [_thread_blocked, id=29220, stack(0x0000010038500000,0x0000010038600000) (1024K)]
  0x0000029917796140 JavaThread "Connection worker"                 [_thread_blocked, id=29056, stack(0x0000010038a00000,0x0000010038b00000) (1024K)]
  0x0000029917795420 JavaThread "Connection worker"                 [_thread_blocked, id=36692, stack(0x0000010038900000,0x0000010038a00000) (1024K)]
  0x0000029917792cc0 JavaThread "pool-1201-thread-1"                [_thread_blocked, id=34076, stack(0x0000010038b00000,0x0000010038c00000) (1024K)]
  0x00000299177967d0 JavaThread "Worker-8445: Initialize workspace"        [_thread_blocked, id=47172, stack(0x0000010038800000,0x0000010038900000) (1024K)]
  0x0000029917794700 JavaThread "pool-1202-thread-1"                [_thread_blocked, id=26444, stack(0x0000010038c00000,0x0000010038d00000) (1024K)]
  0x0000029917796e60 JavaThread "Connection worker"                 [_thread_blocked, id=27876, stack(0x0000010038e00000,0x0000010038f00000) (1024K)]
  0x00000299177939e0 JavaThread "pool-1203-thread-1"                [_thread_blocked, id=34280, stack(0x0000010038f00000,0x0000010039000000) (1024K)]
  0x0000029917795ab0 JavaThread "Worker-8456: Initialize workspace"        [_thread_blocked, id=45196, stack(0x000001001e700000,0x000001001e800000) (1024K)]
  0x0000029917793350 JavaThread "Worker-8463: Initialize workspace"        [_thread_blocked, id=44684, stack(0x0000010038d00000,0x0000010038e00000) (1024K)]
  0x00000299177988a0 JavaThread "Connection worker"                 [_thread_blocked, id=35080, stack(0x0000010039200000,0x0000010039300000) (1024K)]
  0x00000299177974f0 JavaThread "pool-1204-thread-1"                [_thread_blocked, id=42772, stack(0x0000010039300000,0x0000010039400000) (1024K)]
  0x0000029917798f30 JavaThread "Worker-8476: Initialize workspace"        [_thread_blocked, id=1220, stack(0x0000010039000000,0x0000010039100000) (1024K)]
  0x0000029917799c50 JavaThread "Connection worker"                 [_thread_blocked, id=32940, stack(0x0000010039400000,0x0000010039500000) (1024K)]
  0x00000299177995c0 JavaThread "pool-1205-thread-1"                [_thread_blocked, id=26776, stack(0x0000010039100000,0x0000010039200000) (1024K)]
  0x000002991779a2e0 JavaThread "Worker-8483: Initialize workspace"        [_thread_blocked, id=45176, stack(0x0000010039500000,0x0000010039600000) (1024K)]
  0x000002991779a970 JavaThread "Worker-8491: Initialize workspace"        [_thread_blocked, id=29676, stack(0x000000ffd8900000,0x000000ffd8a00000) (1024K)]
  0x000002991779f830 JavaThread "Connection worker"                 [_thread_blocked, id=24984, stack(0x0000010039f00000,0x000001003a000000) (1024K)]
  0x000002991779d760 JavaThread "pool-1206-thread-1"                [_thread_blocked, id=30080, stack(0x0000010039900000,0x0000010039a00000) (1024K)]
  0x000002991779e480 JavaThread "Worker-8501: Initialize workspace"        [_thread_blocked, id=28840, stack(0x0000010039b00000,0x0000010039c00000) (1024K)]
  0x000002991779d0d0 JavaThread "Connection worker"                 [_thread_blocked, id=22792, stack(0x0000010039e00000,0x0000010039f00000) (1024K)]
  0x000002991779ddf0 JavaThread "pool-1207-thread-1"                [_thread_blocked, id=38164, stack(0x000001003a100000,0x000001003a200000) (1024K)]
  0x000002991779bd20 JavaThread "Connection worker"                 [_thread_blocked, id=15492, stack(0x000001003a200000,0x000001003a300000) (1024K)]
  0x000002991779c3b0 JavaThread "pool-1208-thread-1"                [_thread_blocked, id=47596, stack(0x000001003a300000,0x000001003a400000) (1024K)]
  0x000002991779b690 JavaThread "Worker-8508: Initialize workspace"        [_thread_blocked, id=32208, stack(0x000001003a000000,0x000001003a100000) (1024K)]
  0x00000299177a0550 JavaThread "Worker-8515: Initialize workspace"        [_thread_blocked, id=44148, stack(0x000001003a600000,0x000001003a700000) (1024K)]
  0x00000299177a3340 JavaThread "Connection worker"                 [_thread_blocked, id=47788, stack(0x000001003a700000,0x000001003a800000) (1024K)]
  0x000002991779fec0 JavaThread "pool-1209-thread-1"                [_thread_blocked, id=1464, stack(0x000001003a500000,0x000001003a600000) (1024K)]
  0x00000299177a4060 JavaThread "Connection worker"                 [_thread_blocked, id=48100, stack(0x000001003a800000,0x000001003a900000) (1024K)]
  0x00000299177a1f90 JavaThread "Connection worker"                 [_thread_blocked, id=28092, stack(0x000001003aa00000,0x000001003ab00000) (1024K)]
  0x00000299177a39d0 JavaThread "pool-1210-thread-1"                [_thread_blocked, id=16452, stack(0x000001003ab00000,0x000001003ac00000) (1024K)]
  0x00000299177a1270 JavaThread "Worker-8530: Initialize workspace"        [_thread_blocked, id=32972, stack(0x000001003ac00000,0x000001003ad00000) (1024K)]
  0x00000299177a1900 JavaThread "pool-1211-thread-1"                [_thread_blocked, id=24144, stack(0x000001003ad00000,0x000001003ae00000) (1024K)]
  0x00000299177a0be0 JavaThread "Worker-8541: Initialize workspace"        [_thread_blocked, id=26924, stack(0x000001003ae00000,0x000001003af00000) (1024K)]
  0x00000299177a5aa0 JavaThread "Connection worker"                 [_thread_blocked, id=33392, stack(0x000001003af00000,0x000001003b000000) (1024K)]
  0x00000299177a74e0 JavaThread "pool-1212-thread-1"                [_thread_blocked, id=24448, stack(0x000001003b000000,0x000001003b100000) (1024K)]
  0x00000299177a6e50 JavaThread "Connection worker"                 [_thread_blocked, id=17488, stack(0x000001003b300000,0x000001003b400000) (1024K)]
  0x00000299177a7b70 JavaThread "pool-1213-thread-1"                [_thread_blocked, id=28764, stack(0x000001003b100000,0x000001003b200000) (1024K)]
  0x00000299177a5410 JavaThread "Worker-8551: Initialize workspace"        [_thread_blocked, id=23028, stack(0x000001003b200000,0x000001003b300000) (1024K)]
  0x00000299177a6130 JavaThread "Connection worker"                 [_thread_blocked, id=6280, stack(0x000001003b500000,0x000001003b600000) (1024K)]
  0x00000299177a8200 JavaThread "pool-1214-thread-1"                [_thread_blocked, id=46860, stack(0x000001003b400000,0x000001003b500000) (1024K)]
  0x00000299177a46f0 JavaThread "Worker-8560: Initialize workspace"        [_thread_blocked, id=45592, stack(0x000001001ad00000,0x000001001ae00000) (1024K)]
  0x00000299177aa960 JavaThread "Worker-8570: Initialize workspace"        [_thread_blocked, id=19052, stack(0x000000ffbd000000,0x000000ffbd100000) (1024K)]
  0x000002991779eb10 JavaThread "Connection worker"                 [_thread_blocked, id=21304, stack(0x0000010039c00000,0x0000010039d00000) (1024K)]
  0x0000029917797b80 JavaThread "pool-1215-thread-1"                [_thread_blocked, id=10828, stack(0x0000010039600000,0x0000010039700000) (1024K)]
  0x00000299177a4d80 JavaThread "Worker-8582: Initialize workspace"        [_thread_blocked, id=42788, stack(0x000001003b700000,0x000001003b800000) (1024K)]
  0x00000299177ab680 JavaThread "Connection worker"                 [_thread_blocked, id=22200, stack(0x000001003b800000,0x000001003b900000) (1024K)]
  0x00000299177a8f20 JavaThread "pool-1216-thread-1"                [_thread_blocked, id=7876, stack(0x000001003b900000,0x000001003ba00000) (1024K)]
  0x00000299177a95b0 JavaThread "Connection worker"                 [_thread_blocked, id=45016, stack(0x000000ffa7f00000,0x000000ffa8000000) (1024K)]
  0x00000299177a9c40 JavaThread "Worker-8593: Initialize workspace"        [_thread_blocked, id=40640, stack(0x000001003ba00000,0x000001003bb00000) (1024K)]
  0x00000299177abd10 JavaThread "Connection worker"                 [_thread_blocked, id=18396, stack(0x000001003bb00000,0x000001003bc00000) (1024K)]
  0x00000299177aaff0 JavaThread "Worker-8599: Initialize workspace"        [_thread_blocked, id=27904, stack(0x000001003bc00000,0x000001003bd00000) (1024K)]
  0x00000299177a67c0 JavaThread "pool-1217-thread-1"                [_thread_blocked, id=35016, stack(0x000001003bd00000,0x000001003be00000) (1024K)]
  0x00000299177a8890 JavaThread "Connection worker"                 [_thread_blocked, id=37232, stack(0x000001003be00000,0x000001003bf00000) (1024K)]
  0x00000299177ad0c0 JavaThread "pool-1218-thread-1"                [_thread_blocked, id=28320, stack(0x000001003b600000,0x000001003b700000) (1024K)]
  0x00000299177aa2d0 JavaThread "Worker-8605: Initialize workspace"        [_thread_blocked, id=32896, stack(0x0000010039700000,0x0000010039800000) (1024K)]
  0x0000029917798210 JavaThread "pool-1219-thread-1"                [_thread_blocked, id=22600, stack(0x0000010039d00000,0x0000010039e00000) (1024K)]
  0x00000299177ad750 JavaThread "Connection worker"                 [_thread_blocked, id=2128, stack(0x000001003c000000,0x000001003c100000) (1024K)]
  0x00000299177afeb0 JavaThread "Worker-8611: Initialize workspace"        [_thread_blocked, id=11536, stack(0x000001003c300000,0x000001003c400000) (1024K)]
  0x00000299177af820 JavaThread "pool-1220-thread-1"                [_thread_blocked, id=5176, stack(0x000001003c100000,0x000001003c200000) (1024K)]
  0x00000299177adde0 JavaThread "Worker-8618: Initialize workspace"        [_thread_blocked, id=27392, stack(0x000001003bf00000,0x000001003c000000) (1024K)]
  0x00000299177b1260 JavaThread "Connection worker"                 [_thread_blocked, id=28936, stack(0x000001003c600000,0x000001003c700000) (1024K)]
  0x00000299177aeb00 JavaThread "pool-1221-thread-1"                [_thread_blocked, id=33088, stack(0x000001003c500000,0x000001003c600000) (1024K)]
  0x00000299177ae470 JavaThread "Worker-8628: Initialize workspace"        [_thread_blocked, id=15432, stack(0x000001003c200000,0x000001003c300000) (1024K)]
  0x000002991779f1a0 JavaThread "Connection worker"                 [_thread_blocked, id=41288, stack(0x000001003c400000,0x000001003c500000) (1024K)]
  0x00000299177aca30 JavaThread "pool-1222-thread-1"                [_thread_blocked, id=36160, stack(0x000001003c700000,0x000001003c800000) (1024K)]
  0x000002991779ca40 JavaThread "Worker-8641: Initialize workspace"        [_thread_blocked, id=1668, stack(0x0000010039800000,0x0000010039900000) (1024K)]
  0x00000299177af190 JavaThread "Connection worker"                 [_thread_blocked, id=8756, stack(0x0000010039a00000,0x0000010039b00000) (1024K)]
  0x00000299177ac3a0 JavaThread "pool-1223-thread-1"                [_thread_blocked, id=43640, stack(0x000001003c800000,0x000001003c900000) (1024K)]
  0x00000299177b2ca0 JavaThread "Exec process Thread 330"           [_thread_blocked, id=30408, stack(0x000001003cb00000,0x000001003cc00000) (1024K)]
  0x0000029917776160 JavaThread "Exec process Thread 337"    daemon [_thread_blocked, id=17616, stack(0x000001003d300000,0x000001003d400000) (1024K)]
  0x00000299177b18f0 JavaThread "Worker-8652: Initialize workspace"        [_thread_blocked, id=29000, stack(0x000001003c900000,0x000001003ca00000) (1024K)]
  0x0000029917776e80 JavaThread "Connection worker"                 [_thread_blocked, id=18316, stack(0x000001003d500000,0x000001003d600000) (1024K)]
  0x0000029917775ad0 JavaThread "pool-1224-thread-1"                [_thread_blocked, id=33904, stack(0x000001003d900000,0x000001003da00000) (1024K)]
  0x0000029917774090 JavaThread "Exec process Thread 342"    daemon [_thread_in_native, id=14440, stack(0x000001003da00000,0x000001003db00000) (1024K)]
  0x0000029917775440 JavaThread "Exec process Thread 345"    daemon [_thread_blocked, id=29260, stack(0x000001003de00000,0x000001003df00000) (1024K)]
  0x0000029917778f50 JavaThread "Exec process Thread 347"           [_thread_blocked, id=9528, stack(0x000001003df00000,0x000001003e000000) (1024K)]
  0x00000299177795e0 JavaThread "Exec process Thread 348"           [_thread_in_native, id=29800, stack(0x000001003e000000,0x000001003e100000) (1024K)]
  0x000002991777a990 JavaThread "Exec process Thread 349"           [_thread_blocked, id=13988, stack(0x000001003e100000,0x000001003e200000) (1024K)]
  0x0000029917778230 JavaThread "Connection worker"                 [_thread_blocked, id=30848, stack(0x000001001ac00000,0x000001001ad00000) (1024K)]
  0x0000029917777510 JavaThread "Worker-8661: Initialize workspace"        [_thread_blocked, id=41404, stack(0x000001001ae00000,0x000001001af00000) (1024K)]
  0x000002991777b020 JavaThread "Connection worker"                 [_thread_blocked, id=44184, stack(0x000001003e500000,0x000001003e600000) (1024K)]
  0x000002991777f1c0 JavaThread "pool-1225-thread-1"                [_thread_blocked, id=24960, stack(0x000001003e800000,0x000001003e900000) (1024K)]
  0x000002991777fee0 JavaThread "Connection worker"                 [_thread_blocked, id=42168, stack(0x000001003ec00000,0x000001003ed00000) (1024K)]
  0x0000029917780570 JavaThread "pool-1226-thread-1"                [_thread_blocked, id=35040, stack(0x000001003ee00000,0x000001003ef00000) (1024K)]
  0x00000299177839f0 JavaThread "Worker-8670: Initialize workspace"        [_thread_blocked, id=20352, stack(0x000001003e700000,0x000001003e800000) (1024K)]
  0x00000299177867e0 JavaThread "Connection worker"                 [_thread_blocked, id=27984, stack(0x0000010032400000,0x0000010032500000) (1024K)]
  0x0000029917782640 JavaThread "Worker-8679: Initialize workspace"        [_thread_blocked, id=11872, stack(0x000001003fe00000,0x000001003ff00000) (1024K)]
  0x000002991778a2f0 JavaThread "pool-1227-thread-1"                [_thread_blocked, id=19148, stack(0x000001003ff00000,0x0000010040000000) (1024K)]
  0x0000029917787b90 JavaThread "Connection worker"                 [_thread_blocked, id=25584, stack(0x0000010040000000,0x0000010040100000) (1024K)]
  0x0000029917787500 JavaThread "Worker-8686: Initialize workspace"        [_thread_blocked, id=28456, stack(0x0000010040100000,0x0000010040200000) (1024K)]
  0x00000299177895d0 JavaThread "Worker-8690: Initialize workspace"        [_thread_blocked, id=42632, stack(0x0000010040400000,0x0000010040500000) (1024K)]
  0x0000029917785430 JavaThread "pool-1228-thread-1"                [_thread_blocked, id=36184, stack(0x0000010040500000,0x0000010040600000) (1024K)]
  0x000002991778b6a0 JavaThread "Worker-8694: Initialize workspace"        [_thread_blocked, id=7936, stack(0x000001003f700000,0x000001003f800000) (1024K)]
  0x000002991778ca50 JavaThread "Worker-8701: Initialize workspace"        [_thread_blocked, id=6236, stack(0x0000010040900000,0x0000010040a00000) (1024K)]
  0x0000029917789c60 JavaThread "Connection worker"                 [_thread_blocked, id=11068, stack(0x0000010040c00000,0x0000010040d00000) (1024K)]
  0x000002991778d770 JavaThread "pool-1229-thread-1"                [_thread_blocked, id=3308, stack(0x0000010040d00000,0x0000010040e00000) (1024K)]
  0x0000029917788f40 JavaThread "Worker-8707: Initialize workspace"        [_thread_blocked, id=20320, stack(0x0000010040700000,0x0000010040800000) (1024K)]
  0x000002991778d0e0 JavaThread "Connection worker"                 [_thread_blocked, id=19752, stack(0x0000010040f00000,0x0000010041000000) (1024K)]
  0x0000029908d0b9e0 JavaThread "pool-1230-thread-1"                [_thread_blocked, id=38708, stack(0x0000010041000000,0x0000010041100000) (1024K)]
  0x0000029912befa40 JavaThread "Connection worker"                 [_thread_blocked, id=26876, stack(0x0000010041200000,0x0000010041300000) (1024K)]
  0x0000029915561410 JavaThread "Worker-8717: Initialize workspace"        [_thread_blocked, id=46896, stack(0x0000010040e00000,0x0000010040f00000) (1024K)]
  0x00000298fdd9cf00 JavaThread "pool-1231-thread-1"                [_thread_blocked, id=45040, stack(0x0000010041800000,0x0000010041900000) (1024K)]
  0x0000029917552820 JavaThread "Connection worker"                 [_thread_blocked, id=23420, stack(0x0000010041f00000,0x0000010042000000) (1024K)]
  0x0000029917554260 JavaThread "Connection worker"                 [_thread_blocked, id=21812, stack(0x0000010042100000,0x0000010042200000) (1024K)]
  0x0000029917552eb0 JavaThread "pool-1232-thread-1"                [_thread_blocked, id=42280, stack(0x0000010042200000,0x0000010042300000) (1024K)]
  0x00000299175548f0 JavaThread "Worker-8728: Initialize workspace"        [_thread_blocked, id=34988, stack(0x0000010041900000,0x0000010041a00000) (1024K)]
  0x0000029917552190 JavaThread "pool-1233-thread-1"                [_thread_blocked, id=39636, stack(0x0000010042300000,0x0000010042400000) (1024K)]
  0x0000029917556330 JavaThread "Connection worker"                 [_thread_blocked, id=27816, stack(0x0000010042400000,0x0000010042500000) (1024K)]
  0x0000029917557050 JavaThread "pool-1234-thread-1"                [_thread_blocked, id=25260, stack(0x0000010042600000,0x0000010042700000) (1024K)]
  0x00000299175576e0 JavaThread "Connection worker"                 [_thread_blocked, id=36036, stack(0x0000010042700000,0x0000010042800000) (1024K)]
  0x0000029917557d70 JavaThread "Worker-8737: Initialize workspace"        [_thread_blocked, id=26036, stack(0x0000010040600000,0x0000010040700000) (1024K)]
  0x00000299175569c0 JavaThread "pool-1235-thread-1"                [_thread_blocked, id=39632, stack(0x0000010042500000,0x0000010042600000) (1024K)]
  0x0000029917551b00 JavaThread "Worker-8742: Initialize workspace"        [_thread_blocked, id=39764, stack(0x0000010002400000,0x0000010002500000) (1024K)]
  0x0000029917558a90 JavaThread "Connection worker"                 [_thread_blocked, id=45632, stack(0x0000010042900000,0x0000010042a00000) (1024K)]
  0x0000029917555610 JavaThread "pool-1236-thread-1"                [_thread_blocked, id=16400, stack(0x0000010042800000,0x0000010042900000) (1024K)]
  0x0000029917555ca0 JavaThread "Worker-8755: Initialize workspace"        [_thread_blocked, id=25200, stack(0x0000010042a00000,0x0000010042b00000) (1024K)]
  0x000002991755b880 JavaThread "Connection worker"                 [_thread_blocked, id=15124, stack(0x0000010042b00000,0x0000010042c00000) (1024K)]
  0x0000029917558400 JavaThread "pool-1237-thread-1"                [_thread_blocked, id=43052, stack(0x0000010042c00000,0x0000010042d00000) (1024K)]
  0x000002991755c5a0 JavaThread "Connection worker"                 [_thread_blocked, id=23132, stack(0x0000010042e00000,0x0000010042f00000) (1024K)]
  0x0000029917559e40 JavaThread "pool-1238-thread-1"                [_thread_blocked, id=19444, stack(0x0000010042f00000,0x0000010043000000) (1024K)]
  0x00000299175597b0 JavaThread "Worker-8765: Initialize workspace"        [_thread_blocked, id=5408, stack(0x0000010042d00000,0x0000010042e00000) (1024K)]
  0x000002991755bf10 JavaThread "Connection worker"                 [_thread_blocked, id=5620, stack(0x0000010043200000,0x0000010043300000) (1024K)]
  0x0000029917559120 JavaThread "Worker-8774: Initialize workspace"        [_thread_blocked, id=39856, stack(0x000001000d700000,0x000001000d800000) (1024K)]
  0x000002991755d2c0 JavaThread "pool-1239-thread-1"                [_thread_blocked, id=30512, stack(0x0000010043000000,0x0000010043100000) (1024K)]
  0x000002991755d950 JavaThread "Worker-8783: Initialize workspace"        [_thread_blocked, id=22372, stack(0x0000010043100000,0x0000010043200000) (1024K)]
  0x000002991755ab60 JavaThread "Connection worker"                 [_thread_blocked, id=46488, stack(0x0000010043300000,0x0000010043400000) (1024K)]
  0x000002991755a4d0 JavaThread "pool-1240-thread-1"                [_thread_blocked, id=23536, stack(0x0000010032500000,0x0000010032600000) (1024K)]
  0x000002991755e670 JavaThread "Worker-8793: Initialize workspace"        [_thread_blocked, id=33932, stack(0x0000010043400000,0x0000010043500000) (1024K)]
  0x000002991755b1f0 JavaThread "Connection worker"                 [_thread_blocked, id=39448, stack(0x0000010043600000,0x0000010043700000) (1024K)]
  0x000002991755fa20 JavaThread "Worker-8804: Initialize workspace"        [_thread_blocked, id=1768, stack(0x0000010043500000,0x0000010043600000) (1024K)]
  0x000002991755ed00 JavaThread "Connection worker"                 [_thread_blocked, id=28440, stack(0x000000ff92600000,0x000000ff92700000) (1024K)]
  0x000002991755dfe0 JavaThread "pool-1241-thread-1"                [_thread_blocked, id=23796, stack(0x0000010032100000,0x0000010032200000) (1024K)]
  0x000002991755cc30 JavaThread "pool-1242-thread-1"                [_thread_blocked, id=44336, stack(0x0000010043900000,0x0000010043a00000) (1024K)]
  0x0000029917560dd0 JavaThread "Worker-8813: Initialize workspace"        [_thread_blocked, id=37392, stack(0x0000010043700000,0x0000010043800000) (1024K)]
  0x0000029917562810 JavaThread "Worker-8820: Initialize workspace"        [_thread_blocked, id=34840, stack(0x0000010043800000,0x0000010043900000) (1024K)]
  0x000002991755f390 JavaThread "Connection worker"                 [_thread_blocked, id=34936, stack(0x0000010043b00000,0x0000010043c00000) (1024K)]
  0x0000029917563bc0 JavaThread "Connection worker"                 [_thread_blocked, id=41332, stack(0x0000010043d00000,0x0000010043e00000) (1024K)]
  0x0000029917561460 JavaThread "pool-1243-thread-1"                [_thread_blocked, id=1088, stack(0x0000010043f00000,0x0000010044000000) (1024K)]
  0x0000029917563530 JavaThread "Worker-8826: Initialize workspace"        [_thread_blocked, id=23760, stack(0x000001003ea00000,0x000001003eb00000) (1024K)]
  0x00000299175648e0 JavaThread "pool-1244-thread-1"                [_thread_blocked, id=39628, stack(0x0000010043c00000,0x0000010043d00000) (1024K)]
  0x0000029917561af0 JavaThread "Worker-8831: Initialize workspace"        [_thread_blocked, id=912, stack(0x000001003f200000,0x000001003f300000) (1024K)]
  0x0000029917560740 JavaThread "Worker-8839: Initialize workspace"        [_thread_blocked, id=34520, stack(0x000001003f300000,0x000001003f400000) (1024K)]
  0x0000029917562ea0 JavaThread "Connection worker"                 [_thread_blocked, id=47456, stack(0x000001003eb00000,0x000001003ec00000) (1024K)]
  0x00000299175600b0 JavaThread "pool-1245-thread-1"                [_thread_blocked, id=28188, stack(0x0000010042000000,0x0000010042100000) (1024K)]
  0x0000029917564250 JavaThread "Connection worker"                 [_thread_blocked, id=24040, stack(0x0000010043a00000,0x0000010043b00000) (1024K)]
  0x0000029917564f70 JavaThread "Connection worker"                 [_thread_blocked, id=31576, stack(0x0000010043e00000,0x0000010043f00000) (1024K)]
  0x0000029917565600 JavaThread "Worker-8847: Initialize workspace"        [_thread_blocked, id=18640, stack(0x000001003d800000,0x000001003d900000) (1024K)]
  0x0000029917550de0 JavaThread "pool-1246-thread-1"                [_thread_blocked, id=4240, stack(0x000001003ef00000,0x000001003f000000) (1024K)]
  0x0000029917568a80 JavaThread "pool-1247-thread-1"                [_thread_blocked, id=43300, stack(0x0000010044100000,0x0000010044200000) (1024K)]
  0x0000029917565c90 JavaThread "Connection worker"                 [_thread_blocked, id=45620, stack(0x0000010044300000,0x0000010044400000) (1024K)]
  0x0000029917562180 JavaThread "Worker-8854: Initialize workspace"        [_thread_blocked, id=36024, stack(0x0000010041700000,0x0000010041800000) (1024K)]
  0x0000029917567040 JavaThread "pool-1248-thread-1"                [_thread_blocked, id=39704, stack(0x0000010044000000,0x0000010044100000) (1024K)]
  0x0000029917566320 JavaThread "Connection worker"                 [_thread_blocked, id=31700, stack(0x0000010044200000,0x0000010044300000) (1024K)]
  0x0000029917569110 JavaThread "pool-1249-thread-1"                [_thread_blocked, id=39544, stack(0x000000ffe8a00000,0x000000ffe8b00000) (1024K)]
  0x000002991756a4c0 JavaThread "Connection worker"                 [_thread_blocked, id=26688, stack(0x0000010044500000,0x0000010044600000) (1024K)]
  0x0000029917569e30 JavaThread "Worker-8860: Initialize workspace"        [_thread_blocked, id=24820, stack(0x000000ffc1000000,0x000000ffc1100000) (1024K)]
  0x00000299175669b0 JavaThread "Worker-8869: Initialize workspace"        [_thread_blocked, id=40812, stack(0x0000010044400000,0x0000010044500000) (1024K)]
  0x00000299175676d0 JavaThread "Worker-8875: Initialize workspace"        [_thread_blocked, id=42780, stack(0x0000010044900000,0x0000010044a00000) (1024K)]
  0x000002991756c590 JavaThread "Connection worker"                 [_thread_blocked, id=36716, stack(0x0000010044c00000,0x0000010044d00000) (1024K)]
  0x000002991756cc20 JavaThread "pool-1250-thread-1"                [_thread_blocked, id=23612, stack(0x0000010044b00000,0x0000010044c00000) (1024K)]
  0x000002991756b1e0 JavaThread "Connection worker"                 [_thread_blocked, id=46964, stack(0x0000010044a00000,0x0000010044b00000) (1024K)]
  0x0000029917570dc0 JavaThread "Connection worker"                 [_thread_blocked, id=42812, stack(0x0000010045400000,0x0000010045500000) (1024K)]
  0x00000299175748d0 JavaThread "Connection worker"                 [_thread_blocked, id=27564, stack(0x0000010045d00000,0x0000010045e00000) (1024K)]
  0x0000029917575c80 JavaThread "pool-1251-thread-1"                [_thread_blocked, id=47664, stack(0x0000010045e00000,0x0000010045f00000) (1024K)]
  0x0000029917576310 JavaThread "Worker-8895: Initialize workspace"        [_thread_blocked, id=37192, stack(0x0000010045f00000,0x0000010046000000) (1024K)]
  0x0000029917574f60 JavaThread "pool-1252-thread-1"                [_thread_blocked, id=38272, stack(0x0000010045c00000,0x0000010045d00000) (1024K)]
  0x0000029917573bb0 JavaThread "Connection worker"                 [_thread_blocked, id=41552, stack(0x0000010046200000,0x0000010046300000) (1024K)]
  0x0000029917572e90 JavaThread "pool-1253-thread-1"                [_thread_blocked, id=22240, stack(0x0000010046400000,0x0000010046500000) (1024K)]
  0x00000299175755f0 JavaThread "Connection worker"                 [_thread_blocked, id=42004, stack(0x0000010046500000,0x0000010046600000) (1024K)]
  0x0000029917537700 JavaThread "pool-1254-thread-1"                [_thread_blocked, id=36084, stack(0x0000010046600000,0x0000010046700000) (1024K)]
  0x00000299175369e0 JavaThread "Worker-8904: Initialize workspace"        [_thread_blocked, id=37140, stack(0x0000010046900000,0x0000010046a00000) (1024K)]
  0x000002991753d2e0 JavaThread "pool-1255-thread-1"                [_thread_blocked, id=47060, stack(0x0000010047100000,0x0000010047200000) (1024K)]
  0x000002991753d970 JavaThread "Connection worker"                 [_thread_blocked, id=27316, stack(0x0000010046c00000,0x0000010046d00000) (1024K)]
  0x000002991753e690 JavaThread "Worker-8915: Initialize workspace"        [_thread_blocked, id=42912, stack(0x0000010047400000,0x0000010047500000) (1024K)]
  0x000002991753bf30 JavaThread "pool-1256-thread-1"                [_thread_blocked, id=25996, stack(0x0000010046100000,0x0000010046200000) (1024K)]
  0x000002991753c5c0 JavaThread "Worker-8922: Initialize workspace"        [_thread_blocked, id=33652, stack(0x0000010046f00000,0x0000010047000000) (1024K)]
  0x000002991753ab80 JavaThread "Worker-8923: Initialize workspace"        [_thread_blocked, id=28452, stack(0x0000010047500000,0x0000010047600000) (1024K)]
  0x000002991753cc50 JavaThread "Connection worker"                 [_thread_blocked, id=43636, stack(0x0000010033e00000,0x0000010033f00000) (1024K)]
  0x0000029917540760 JavaThread "pool-1257-thread-1"                [_thread_blocked, id=9872, stack(0x0000010047b00000,0x0000010047c00000) (1024K)]
  0x000002991753b8a0 JavaThread "Connection worker"                 [_thread_blocked, id=26668, stack(0x0000010047700000,0x0000010047800000) (1024K)]
  0x0000029917541b10 JavaThread "Worker-8938: Initialize workspace"        [_thread_blocked, id=17988, stack(0x0000010047800000,0x0000010047900000) (1024K)]
  0x00000299175421a0 JavaThread "pool-1258-thread-1"                [_thread_blocked, id=37948, stack(0x0000010047c00000,0x0000010047d00000) (1024K)]
  0x000002991753fa40 JavaThread "Connection worker"                 [_thread_blocked, id=36912, stack(0x0000010047f00000,0x0000010048000000) (1024K)]
  0x000002991753f3b0 JavaThread "Connection worker"                 [_thread_blocked, id=44292, stack(0x0000010047a00000,0x0000010047b00000) (1024K)]
  0x0000029917547060 JavaThread "pool-1259-thread-1"                [_thread_blocked, id=13132, stack(0x0000010048000000,0x0000010048100000) (1024K)]
  0x0000029917542830 JavaThread "pool-1260-thread-1"                [_thread_blocked, id=31856, stack(0x0000010047d00000,0x0000010047e00000) (1024K)]
  0x0000029917544270 JavaThread "Connection worker"                 [_thread_blocked, id=9592, stack(0x0000010048400000,0x0000010048500000) (1024K)]
  0x0000029917544900 JavaThread "Worker-8951: Initialize workspace"        [_thread_blocked, id=21300, stack(0x000000ffb6700000,0x000000ffb6800000) (1024K)]
  0x0000029917547d80 JavaThread "Connection worker"                 [_thread_blocked, id=23828, stack(0x000000ffdbf00000,0x000000ffdc000000) (1024K)]
  0x0000029917545620 JavaThread "Connection worker"                 [_thread_blocked, id=15648, stack(0x000000ffb6600000,0x000000ffb6700000) (1024K)]
  0x0000029917543be0 JavaThread "Worker-8961: Initialize workspace"        [_thread_blocked, id=45516, stack(0x000000ffb4700000,0x000000ffb4800000) (1024K)]
  0x0000029917546340 JavaThread "Connection worker"                 [_thread_blocked, id=22880, stack(0x000000ffd0600000,0x000000ffd0700000) (1024K)]
  0x0000029917545cb0 JavaThread "Connection worker"                 [_thread_blocked, id=23180, stack(0x0000010048900000,0x0000010048a00000) (1024K)]
  0x0000029917549e50 JavaThread "pool-1261-thread-1"                [_thread_blocked, id=42284, stack(0x0000010048a00000,0x0000010048b00000) (1024K)]
  0x00000299175476f0 JavaThread "Worker-8968: Initialize workspace"        [_thread_blocked, id=38624, stack(0x0000010048500000,0x0000010048600000) (1024K)]
  0x000002991754b890 JavaThread "Connection worker"                 [_thread_blocked, id=29700, stack(0x0000010048d00000,0x0000010048e00000) (1024K)]
  0x000002991754b200 JavaThread "pool-1262-thread-1"                [_thread_blocked, id=47452, stack(0x0000010048f00000,0x0000010049000000) (1024K)]
  0x000002991754ab70 JavaThread "pool-1263-thread-1"                [_thread_blocked, id=32248, stack(0x0000010048c00000,0x0000010048d00000) (1024K)]
  0x000002991754bf20 JavaThread "Worker-8974: Initialize workspace"        [_thread_blocked, id=27160, stack(0x0000010048e00000,0x0000010048f00000) (1024K)]
  0x0000029917548aa0 JavaThread "Worker-8981: Initialize workspace"        [_thread_blocked, id=46040, stack(0x0000010049000000,0x0000010049100000) (1024K)]
  0x000002991754e680 JavaThread "Worker-8986: Initialize workspace"        [_thread_blocked, id=46804, stack(0x0000010049100000,0x0000010049200000) (1024K)]
  0x000002991754dff0 JavaThread "Worker-8994: Initialize workspace"        [_thread_blocked, id=7616, stack(0x0000010049200000,0x0000010049300000) (1024K)]
  0x000002991754ed10 JavaThread "Connection worker"                 [_thread_blocked, id=4356, stack(0x0000010049600000,0x0000010049700000) (1024K)]
  0x000002991754fa30 JavaThread "pool-1264-thread-1"                [_thread_blocked, id=45664, stack(0x0000010049400000,0x0000010049500000) (1024K)]
  0x000002991754f3a0 JavaThread "Worker-9001: Initialize workspace"        [_thread_blocked, id=22608, stack(0x0000010049800000,0x0000010049900000) (1024K)]
  0x000002991754c5b0 JavaThread "Connection worker"                 [_thread_blocked, id=13780, stack(0x0000010049500000,0x0000010049600000) (1024K)]
  0x000002991754d2d0 JavaThread "pool-1265-thread-1"                [_thread_blocked, id=46988, stack(0x0000010049700000,0x0000010049800000) (1024K)]
  0x0000029917550750 JavaThread "Connection worker"                 [_thread_blocked, id=23364, stack(0x0000010049b00000,0x0000010049c00000) (1024K)]
  0x000002991754d960 JavaThread "Connection worker"                 [_thread_blocked, id=40544, stack(0x0000010049c00000,0x0000010049d00000) (1024K)]
  0x000002991777ca60 JavaThread "pool-1266-thread-1"                [_thread_blocked, id=43788, stack(0x0000010049f00000,0x000001004a000000) (1024K)]
  0x0000029917783360 JavaThread "pool-1267-thread-1"                [_thread_blocked, id=2468, stack(0x0000010049a00000,0x0000010049b00000) (1024K)]
  0x000002991779b000 JavaThread "Worker-9009: Initialize workspace"        [_thread_blocked, id=26752, stack(0x000001004a100000,0x000001004a200000) (1024K)]
  0x000002991555f9d0 JavaThread "Worker-9012: Initialize workspace"        [_thread_blocked, id=36644, stack(0x000001004a400000,0x000001004a500000) (1024K)]
  0x000002990a7df4c0 JavaThread "Connection worker"                 [_thread_blocked, id=33660, stack(0x000001004a500000,0x000001004a600000) (1024K)]
  0x000002990a7dc6d0 JavaThread "Connection worker"                 [_thread_blocked, id=44296, stack(0x000001004a300000,0x000001004a400000) (1024K)]
  0x000002991754cc40 JavaThread "Connection worker"                 [_thread_blocked, id=13916, stack(0x000000ffb6300000,0x000000ffb6400000) (1024K)]
  0x00000299084bf950 JavaThread "Connection worker"                 [_thread_blocked, id=4048, stack(0x000000ffd9d00000,0x000000ffd9e00000) (1024K)]
  0x00000299084bc4d0 JavaThread "pool-1268-thread-1"                [_thread_blocked, id=31032, stack(0x000000ffe0900000,0x000000ffe0a00000) (1024K)]
  0x00000299084c2740 JavaThread "Connection worker"                 [_thread_blocked, id=40760, stack(0x000001004a800000,0x000001004a900000) (1024K)]
  0x00000299084c20b0 JavaThread "pool-1269-thread-1"                [_thread_blocked, id=36376, stack(0x000001004aa00000,0x000001004ab00000) (1024K)]
  0x000002990cf0f410 JavaThread "pool-1270-thread-1"                [_thread_blocked, id=41388, stack(0x000001004ad00000,0x000001004ae00000) (1024K)]
  0x000002991555ab10 JavaThread "Worker-9029: Initialize workspace"        [_thread_blocked, id=26620, stack(0x000001004ab00000,0x000001004ac00000) (1024K)]
  0x000002990cf107c0 JavaThread "Connection worker"                 [_thread_blocked, id=20696, stack(0x000000ffe0d00000,0x000000ffe0e00000) (1024K)]
  0x00000298f1e71ae0 JavaThread "Connection worker"                 [_thread_blocked, id=22448, stack(0x000001004b200000,0x000001004b300000) (1024K)]
  0x0000029908f94750 JavaThread "pool-1271-thread-1"                [_thread_blocked, id=31656, stack(0x000001004b300000,0x000001004b400000) (1024K)]
  0x000002990b1c1450 JavaThread "Worker-9035: Initialize workspace"        [_thread_blocked, id=15172, stack(0x000001004b400000,0x000001004b500000) (1024K)]
  0x0000029916b221b0 JavaThread "Worker-9041: Initialize workspace"        [_thread_blocked, id=10080, stack(0x000001004af00000,0x000001004b000000) (1024K)]
  0x0000029916b21b20 JavaThread "Exec process"                      [_thread_in_native, id=29372, stack(0x000001004b600000,0x000001004b700000) (1024K)]
  0x0000029916b20770 JavaThread "Worker-9050: Initialize workspace"        [_thread_blocked, id=20296, stack(0x000001004bc00000,0x000001004bd00000) (1024K)]
  0x0000029916b269e0 JavaThread "Connection worker"                 [_thread_blocked, id=26192, stack(0x000001004be00000,0x000001004bf00000) (1024K)]
  0x0000029916b27700 JavaThread "Connection worker"                 [_thread_blocked, id=45776, stack(0x000000ffd1600000,0x000000ffd1700000) (1024K)]
  0x0000029916b20e00 JavaThread "pool-1272-thread-1"                [_thread_blocked, id=31064, stack(0x000000ffd2000000,0x000000ffd2100000) (1024K)]
  0x0000029916b24280 JavaThread "Worker-9061: Initialize workspace"        [_thread_blocked, id=17184, stack(0x000001004c300000,0x000001004c400000) (1024K)]
  0x0000029916b2c5c0 JavaThread "Connection worker"                 [_thread_blocked, id=36928, stack(0x000001004cc00000,0x000001004cd00000) (1024K)]
  0x0000029916b2b8a0 JavaThread "Connection worker"                 [_thread_blocked, id=18216, stack(0x000001004ce00000,0x000001004cf00000) (1024K)]
  0x0000029916b297d0 JavaThread "Connection worker"                 [_thread_blocked, id=32472, stack(0x000001004cf00000,0x000001004d000000) (1024K)]
  0x0000029916b2bf30 JavaThread "Connection worker"                 [_thread_blocked, id=30384, stack(0x000000ffb5f00000,0x000000ffb6000000) (1024K)]
  0x0000029916b2a4f0 JavaThread "pool-1273-thread-1"                [_thread_blocked, id=37468, stack(0x000000ff9e700000,0x000000ff9e800000) (1024K)]
  0x0000029916b2e690 JavaThread "pool-1274-thread-1"                [_thread_blocked, id=39692, stack(0x000000ffa5500000,0x000000ffa5600000) (1024K)]
  0x0000029916b29140 JavaThread "Connection worker"                 [_thread_blocked, id=34792, stack(0x000000ff83a00000,0x000000ff83b00000) (1024K)]
  0x0000029916b2f3b0 JavaThread "pool-1275-thread-1"                [_thread_blocked, id=34008, stack(0x000000ffb5a00000,0x000000ffb5b00000) (1024K)]
  0x0000029916b2d970 JavaThread "Worker-9072: Initialize workspace"        [_thread_blocked, id=24332, stack(0x000000ffb6400000,0x000000ffb6500000) (1024K)]
  0x0000029916b2fa40 JavaThread "Connection worker"                 [_thread_blocked, id=42380, stack(0x000000ff84b00000,0x000000ff84c00000) (1024K)]
  0x0000029916b300d0 JavaThread "Connection worker"                 [_thread_blocked, id=39348, stack(0x000000ff90c00000,0x000000ff90d00000) (1024K)]
  0x0000029916b2ed20 JavaThread "Worker-9078: Initialize workspace"        [_thread_blocked, id=22024, stack(0x000000ffaf400000,0x000000ffaf500000) (1024K)]
  0x0000029916b2cc50 JavaThread "Connection worker"                 [_thread_blocked, id=18196, stack(0x000001004c800000,0x000001004c900000) (1024K)]
  0x0000029916b34f90 JavaThread "Worker-9084: Initialize workspace"        [_thread_blocked, id=22656, stack(0x000000ffd2b00000,0x000000ffd2c00000) (1024K)]
  0x0000029916b32830 JavaThread "Worker-9088: Initialize workspace"        [_thread_blocked, id=3108, stack(0x000000ffe9f00000,0x000000ffea000000) (1024K)]
  0x0000029916b31b10 JavaThread "Connection worker"                 [_thread_blocked, id=37628, stack(0x000001004ca00000,0x000001004cb00000) (1024K)]
  0x0000029916b35cb0 JavaThread "Connection worker"                 [_thread_blocked, id=44492, stack(0x000001004d500000,0x000001004d600000) (1024K)]
  0x0000029916b376f0 JavaThread "Connection worker"                 [_thread_blocked, id=30176, stack(0x000000ffb4d00000,0x000000ffb4e00000) (1024K)]
  0x0000029916b36340 JavaThread "Worker-9100: Initialize workspace"        [_thread_blocked, id=43712, stack(0x000000ffb4f00000,0x000000ffb5000000) (1024K)]
  0x0000029916b321a0 JavaThread "Connection worker"                 [_thread_blocked, id=39212, stack(0x000001004d300000,0x000001004d400000) (1024K)]
  0x0000029916b3bf20 JavaThread "pool-1276-thread-1"                [_thread_blocked, id=44188, stack(0x000001004e000000,0x000001004e100000) (1024K)]
  0x0000029916b3ab70 JavaThread "Connection worker"                 [_thread_blocked, id=41992, stack(0x000001004e200000,0x000001004e300000) (1024K)]
  0x0000029916b3cc40 JavaThread "Worker-9109: Initialize workspace"        [_thread_blocked, id=27804, stack(0x000001004dc00000,0x000001004dd00000) (1024K)]
  0x0000029916b3b890 JavaThread "pool-1277-thread-1"                [_thread_blocked, id=21600, stack(0x000001004e300000,0x000001004e400000) (1024K)]
  0x0000029916b34270 JavaThread "pool-1278-thread-1"                [_thread_blocked, id=35568, stack(0x000001004dd00000,0x000001004de00000) (1024K)]
  0x0000029916b3ed10 JavaThread "Connection worker"                 [_thread_blocked, id=45216, stack(0x000001004e600000,0x000001004e700000) (1024K)]
  0x0000029916b3fa30 JavaThread "Connection worker"                 [_thread_blocked, id=42540, stack(0x000001004e900000,0x000001004ea00000) (1024K)]
  0x0000029916b400c0 JavaThread "pool-1279-thread-1"                [_thread_blocked, id=37252, stack(0x000001003a900000,0x000001003aa00000) (1024K)]
  0x0000029916b3f3a0 JavaThread "Worker-9119: Initialize workspace"        [_thread_blocked, id=47696, stack(0x000001003a400000,0x000001003a500000) (1024K)]
  0x0000029916b3dff0 JavaThread "Exec process"                      [_thread_in_native, id=17124, stack(0x000001004e800000,0x000001004e900000) (1024K)]
  0x0000029916b42190 JavaThread "pool-1280-thread-1"                [_thread_blocked, id=48092, stack(0x000001004e400000,0x000001004e500000) (1024K)]
  0x0000029916b42820 JavaThread "Worker-9122: Initialize workspace"        [_thread_blocked, id=31920, stack(0x000001004eb00000,0x000001004ec00000) (1024K)]
  0x0000029916b43540 JavaThread "Connection worker"                 [_thread_blocked, id=46340, stack(0x000001004f000000,0x000001004f100000) (1024K)]
  0x0000029916b43bd0 JavaThread "Connection worker"                 [_thread_blocked, id=5984, stack(0x000001004f100000,0x000001004f200000) (1024K)]
  0x0000029916b41b00 JavaThread "Connection worker"                 [_thread_blocked, id=25836, stack(0x000001004ef00000,0x000001004f000000) (1024K)]
  0x0000029916b40de0 JavaThread "pool-1281-thread-1"                [_thread_blocked, id=26972, stack(0x000001004f200000,0x000001004f300000) (1024K)]
  0x0000029916b41470 JavaThread "pool-1282-thread-1"                [_thread_blocked, id=20852, stack(0x000001004f400000,0x000001004f500000) (1024K)]
  0x0000029916b448f0 JavaThread "pool-1283-thread-1"                [_thread_blocked, id=37248, stack(0x000001004f300000,0x000001004f400000) (1024K)]
  0x0000029916b47050 JavaThread "Worker-9136: Initialize workspace"        [_thread_blocked, id=44812, stack(0x000001004f500000,0x000001004f600000) (1024K)]
  0x0000029916b45610 JavaThread "Worker-9141: Initialize workspace"        [_thread_blocked, id=22072, stack(0x000001004f700000,0x000001004f800000) (1024K)]
  0x0000029916b48400 JavaThread "Worker-9148: Initialize workspace"        [_thread_blocked, id=45572, stack(0x000001004ec00000,0x000001004ed00000) (1024K)]
  0x0000029916b48a90 JavaThread "Connection worker"                 [_thread_blocked, id=18260, stack(0x000000ffb6100000,0x000000ffb6200000) (1024K)]
  0x0000029916b45ca0 JavaThread "Connection worker"                 [_thread_blocked, id=22364, stack(0x000001004fa00000,0x000001004fb00000) (1024K)]
  0x0000029916b4a4d0 JavaThread "pool-1284-thread-1"                [_thread_blocked, id=27716, stack(0x000001004fb00000,0x000001004fc00000) (1024K)]
  0x0000029916b497b0 JavaThread "Worker-9155: Initialize workspace"        [_thread_blocked, id=39432, stack(0x000001004fc00000,0x000001004fd00000) (1024K)]
  0x0000029916b476e0 JavaThread "Connection worker"                 [_thread_blocked, id=16564, stack(0x000000ffb6000000,0x000000ffb6100000) (1024K)]
  0x0000029916b4b1f0 JavaThread "Connection worker"                 [_thread_blocked, id=29300, stack(0x000000ffd2400000,0x000000ffd2500000) (1024K)]
  0x0000029916b4bf10 JavaThread "Connection worker"                 [_thread_blocked, id=45808, stack(0x0000010050200000,0x0000010050300000) (1024K)]
  0x0000029916b4b880 JavaThread "pool-1285-thread-1"                [_thread_blocked, id=35376, stack(0x000000ffd3800000,0x000000ffd3900000) (1024K)]
  0x0000029916b4f390 JavaThread "Connection worker"                 [_thread_blocked, id=17508, stack(0x0000010050300000,0x0000010050400000) (1024K)]
  0x0000029916b4cc30 JavaThread "Connection worker"                 [_thread_blocked, id=24552, stack(0x000000ffd1800000,0x000000ffd1900000) (1024K)]
  0x0000029916b44f80 JavaThread "Worker-9168: Initialize workspace"        [_thread_blocked, id=20608, stack(0x000001004ff00000,0x0000010050000000) (1024K)]
  0x0000029916b47d70 JavaThread "pool-1286-thread-1"                [_thread_blocked, id=32820, stack(0x0000010050000000,0x0000010050100000) (1024K)]
  0x0000029916b50dd0 JavaThread "pool-1287-thread-1"                [_thread_blocked, id=38472, stack(0x0000010050700000,0x0000010050800000) (1024K)]
  0x0000029916b500b0 JavaThread "Worker-9175: Initialize workspace"        [_thread_blocked, id=45032, stack(0x0000010050400000,0x0000010050500000) (1024K)]
  0x0000029916b49120 JavaThread "Connection worker"                 [_thread_blocked, id=23104, stack(0x0000010050100000,0x0000010050200000) (1024K)]
  0x0000029916b53bc0 JavaThread "Exec process"                      [_thread_in_native, id=31840, stack(0x0000010051000000,0x0000010051100000) (1024K)]
  0x0000029916b54250 JavaThread "pool-1288-thread-1"                [_thread_blocked, id=8244, stack(0x0000010051100000,0x0000010051200000) (1024K)]
  0x0000029916b548e0 JavaThread "Connection worker"                 [_thread_blocked, id=32148, stack(0x0000010007400000,0x0000010007500000) (1024K)]
  0x0000029916b52180 JavaThread "Connection worker"                 [_thread_blocked, id=17308, stack(0x0000010006300000,0x0000010006400000) (1024K)]
  0x0000029916b52ea0 JavaThread "pool-1289-thread-1"                [_thread_blocked, id=27296, stack(0x000001003f100000,0x000001003f200000) (1024K)]
  0x0000029916b55c90 JavaThread "pool-1290-thread-1"                [_thread_blocked, id=29788, stack(0x000001003f400000,0x000001003f500000) (1024K)]
  0x0000029916b583f0 JavaThread "Worker-9195: Initialize workspace"        [_thread_blocked, id=38088, stack(0x000001003f500000,0x000001003f600000) (1024K)]
  0x0000029916b569b0 JavaThread "Connection worker"                 [_thread_blocked, id=16232, stack(0x000001003fa00000,0x000001003fb00000) (1024K)]
  0x0000029916b58a80 JavaThread "pool-1291-thread-1"                [_thread_blocked, id=43924, stack(0x000001003fb00000,0x000001003fc00000) (1024K)]
  0x0000029916b54f70 JavaThread "Worker-9201: Initialize workspace"        [_thread_blocked, id=7924, stack(0x000001003fc00000,0x000001003fd00000) (1024K)]
  0x0000029916b59110 JavaThread "Worker-9208: Initialize workspace"        [_thread_blocked, id=36896, stack(0x0000010040300000,0x0000010040400000) (1024K)]
  0x0000029916b55600 JavaThread "Connection worker"                 [_thread_blocked, id=6688, stack(0x000000fffe200000,0x000000fffe300000) (1024K)]
  0x0000029916b5b870 JavaThread "Connection worker"                 [_thread_blocked, id=13652, stack(0x0000010040800000,0x0000010040900000) (1024K)]
  0x0000029916b59e30 JavaThread "Worker-9213: Initialize workspace"        [_thread_blocked, id=25392, stack(0x0000010041a00000,0x0000010041b00000) (1024K)]
  0x0000029916b5a4c0 JavaThread "pool-1292-thread-1"                [_thread_blocked, id=13400, stack(0x0000010040a00000,0x0000010040b00000) (1024K)]
  0x0000029916b5c590 JavaThread "pool-1293-thread-1"                [_thread_blocked, id=24484, stack(0x0000010041d00000,0x0000010041e00000) (1024K)]
  0x0000029916b5bf00 JavaThread "Connection worker"                 [_thread_blocked, id=43100, stack(0x000001003e900000,0x000001003ea00000) (1024K)]
  0x0000029916b5d2b0 JavaThread "pool-1294-thread-1"                [_thread_blocked, id=45460, stack(0x0000010041e00000,0x0000010041f00000) (1024K)]
  0x0000029916b597a0 JavaThread "Worker-9221: Initialize workspace"        [_thread_blocked, id=27432, stack(0x000001003fd00000,0x000001003fe00000) (1024K)]
  0x0000029916b5e660 JavaThread "Connection worker"                 [_thread_blocked, id=38208, stack(0x0000010045500000,0x0000010045600000) (1024K)]
  0x0000029916b5f380 JavaThread "pool-1295-thread-1"                [_thread_blocked, id=28760, stack(0x0000010041c00000,0x0000010041d00000) (1024K)]
  0x0000029916b5ecf0 JavaThread "Worker-9231: Initialize workspace"        [_thread_blocked, id=36656, stack(0x0000010044e00000,0x0000010044f00000) (1024K)]
  0x0000029916b397c0 JavaThread "Connection worker"                 [_thread_blocked, id=42084, stack(0x0000010045900000,0x0000010045a00000) (1024K)]
  0x0000029916b39e50 JavaThread "Worker-9239: Initialize workspace"        [_thread_blocked, id=24516, stack(0x0000010045300000,0x0000010045400000) (1024K)]
  0x0000029917539140 JavaThread "pool-1296-thread-1"                [_thread_blocked, id=6156, stack(0x0000010045b00000,0x0000010045c00000) (1024K)]
  0x0000029917538420 JavaThread "Connection worker"                 [_thread_blocked, id=42800, stack(0x000001003e600000,0x000001003e700000) (1024K)]
  0x000002991756b870 JavaThread "Worker-9250: Initialize workspace"        [_thread_blocked, id=32340, stack(0x0000010045a00000,0x0000010045b00000) (1024K)]
  0x0000029917538ab0 JavaThread "pool-1297-thread-1"                [_thread_blocked, id=21784, stack(0x0000010045600000,0x0000010045700000) (1024K)]
  0x000002991753b210 JavaThread "Connection worker"                 [_thread_blocked, id=43020, stack(0x0000010044d00000,0x0000010044e00000) (1024K)]
  0x0000029917539e60 JavaThread "pool-1298-thread-1"                [_thread_blocked, id=42576, stack(0x0000010041300000,0x0000010041400000) (1024K)]
  0x000002991753a4f0 JavaThread "Worker-9258: Initialize workspace"        [_thread_blocked, id=2168, stack(0x000000ffe3600000,0x000000ffe3700000) (1024K)]
  0x0000029917541480 JavaThread "Worker-9262: Initialize workspace"        [_thread_blocked, id=10932, stack(0x000001003cc00000,0x000001003cd00000) (1024K)]
  0x0000029917548410 JavaThread "Connection worker"                 [_thread_blocked, id=44300, stack(0x000001003d100000,0x000001003d200000) (1024K)]
  0x00000299175497c0 JavaThread "pool-1299-thread-1"                [_thread_blocked, id=29588, stack(0x000001003d200000,0x000001003d300000) (1024K)]
  0x000002991754a4e0 JavaThread "Connection worker"                 [_thread_blocked, id=20964, stack(0x000001003db00000,0x000001003dc00000) (1024K)]
  0x0000029917540df0 JavaThread "Worker-9272: Initialize workspace"        [_thread_blocked, id=37528, stack(0x000000ff88c00000,0x000000ff88d00000) (1024K)]
  0x0000029917549130 JavaThread "pool-1300-thread-1"                [_thread_blocked, id=35904, stack(0x000001003dd00000,0x000001003de00000) (1024K)]
  0x000002991756bf00 JavaThread "Connection worker"                 [_thread_blocked, id=34032, stack(0x0000010045800000,0x0000010045900000) (1024K)]
  0x000002991756dfd0 JavaThread "pool-1301-thread-1"                [_thread_blocked, id=46872, stack(0x0000010046b00000,0x0000010046c00000) (1024K)]
  0x000002991756d2b0 JavaThread "Worker-9280: Initialize workspace"        [_thread_blocked, id=27596, stack(0x0000010044600000,0x0000010044700000) (1024K)]
  0x00000299175397d0 JavaThread "Worker-9287: Initialize workspace"        [_thread_blocked, id=34432, stack(0x000001003d000000,0x000001003d100000) (1024K)]
  0x000002991756f380 JavaThread "Connection worker"                 [_thread_blocked, id=27628, stack(0x000000fffdc00000,0x000000fffdd00000) (1024K)]
  0x0000029917542ec0 JavaThread "pool-1302-thread-1"                [_thread_blocked, id=35752, stack(0x0000010046700000,0x0000010046800000) (1024K)]
  0x0000029917543550 JavaThread "Worker-9293: Initialize workspace"        [_thread_blocked, id=20008, stack(0x000000ffb6900000,0x000000ffb6a00000) (1024K)]
  0x0000029917553bd0 JavaThread "Connection worker"                 [_thread_blocked, id=30084, stack(0x0000010047600000,0x0000010047700000) (1024K)]
  0x0000029917554f80 JavaThread "pool-1303-thread-1"                [_thread_blocked, id=26524, stack(0x000001003f600000,0x000001003f700000) (1024K)]
  0x00000299175400d0 JavaThread "Worker-9299: Initialize workspace"        [_thread_blocked, id=43028, stack(0x0000010046d00000,0x0000010046e00000) (1024K)]
  0x0000029917553540 JavaThread "Connection worker"                 [_thread_blocked, id=19704, stack(0x0000010047200000,0x0000010047300000) (1024K)]
  0x00000299175500c0 JavaThread "pool-1304-thread-1"                [_thread_blocked, id=47248, stack(0x000001003f800000,0x000001003f900000) (1024K)]
  0x000002991756ab50 JavaThread "Connection worker"                 [_thread_blocked, id=23368, stack(0x0000010047e00000,0x0000010047f00000) (1024K)]
  0x000002991756d940 JavaThread "Worker-9305: Initialize workspace"        [_thread_blocked, id=38748, stack(0x0000010048100000,0x0000010048200000) (1024K)]
  0x00000299175683f0 JavaThread "pool-1305-thread-1"                [_thread_blocked, id=18328, stack(0x0000010047900000,0x0000010047a00000) (1024K)]
  0x0000029917571ae0 JavaThread "Connection worker"                 [_thread_blocked, id=45264, stack(0x0000010048200000,0x0000010048300000) (1024K)]
  0x0000029917572170 JavaThread "pool-1306-thread-1"                [_thread_blocked, id=21620, stack(0x0000010048300000,0x0000010048400000) (1024K)]
  0x0000029917573520 JavaThread "Worker-9311: Initialize workspace"        [_thread_blocked, id=23068, stack(0x0000010044f00000,0x0000010045000000) (1024K)]
  0x0000029917570730 JavaThread "Worker-9316: Initialize workspace"        [_thread_blocked, id=33840, stack(0x0000010046e00000,0x0000010046f00000) (1024K)]
  0x0000029917572800 JavaThread "Connection worker"                 [_thread_blocked, id=19000, stack(0x0000010048800000,0x0000010048900000) (1024K)]
  0x000002991777d0f0 JavaThread "pool-1307-thread-1"                [_thread_blocked, id=18444, stack(0x0000010049300000,0x0000010049400000) (1024K)]
  0x0000029917777ba0 JavaThread "Worker-9323: Initialize workspace"        [_thread_blocked, id=44140, stack(0x000000ffdc300000,0x000000ffdc400000) (1024K)]
  0x000002991777c3d0 JavaThread "Connection worker"                 [_thread_blocked, id=46200, stack(0x0000010048600000,0x0000010048700000) (1024K)]
  0x000002991777d780 JavaThread "pool-1308-thread-1"                [_thread_blocked, id=40068, stack(0x000001004a200000,0x000001004a300000) (1024K)]
  0x000002991777eb30 JavaThread "Connection worker"                 [_thread_blocked, id=40592, stack(0x000001004a000000,0x000001004a100000) (1024K)]
  0x00000299177788c0 JavaThread "Worker-9332: Initialize workspace"        [_thread_blocked, id=24412, stack(0x0000010048b00000,0x0000010048c00000) (1024K)]
  0x0000029917781fb0 JavaThread "Connection worker"                 [_thread_blocked, id=5924, stack(0x000001004a600000,0x000001004a700000) (1024K)]
  0x0000029917774db0 JavaThread "pool-1309-thread-1"                [_thread_blocked, id=34928, stack(0x000001003d700000,0x000001003d800000) (1024K)]
  0x000002991777a300 JavaThread "Worker-9336: Initialize workspace"        [_thread_blocked, id=42036, stack(0x000001003e200000,0x000001003e300000) (1024K)]
  0x000002991777de10 JavaThread "Connection worker"                 [_thread_blocked, id=39668, stack(0x000001003d400000,0x000001003d500000) (1024K)]
  0x000002991777f850 JavaThread "pool-1310-thread-1"                [_thread_blocked, id=30204, stack(0x000000ffebd00000,0x000000ffebe00000) (1024K)]
  0x0000029917774720 JavaThread "Worker-9341: Initialize workspace"        [_thread_blocked, id=39224, stack(0x000000ffe0000000,0x000000ffe0100000) (1024K)]
  0x000002991777bd40 JavaThread "Worker-9344: Initialize workspace"        [_thread_blocked, id=8036, stack(0x000001003e300000,0x000001003e400000) (1024K)]
  0x000002991777e4a0 JavaThread "Worker-9347: Initialize workspace"        [_thread_blocked, id=42532, stack(0x000001003e400000,0x000001003e500000) (1024K)]
  0x0000029917784710 JavaThread "Connection worker"                 [_thread_blocked, id=26952, stack(0x000001003ce00000,0x000001003cf00000) (1024K)]
  0x0000029917780c00 JavaThread "Connection worker"                 [_thread_blocked, id=9080, stack(0x0000010046a00000,0x0000010046b00000) (1024K)]
  0x0000029917785ac0 JavaThread "Connection worker"                 [_thread_blocked, id=45852, stack(0x000001004b100000,0x000001004b200000) (1024K)]
  0x0000029917786150 JavaThread "Connection worker"                 [_thread_blocked, id=16212, stack(0x000001004b500000,0x000001004b600000) (1024K)]
  0x0000029917781290 JavaThread "pool-1311-thread-1"                [_thread_blocked, id=21332, stack(0x0000010049900000,0x0000010049a00000) (1024K)]
  0x0000029917779c70 JavaThread "Worker-9360: Initialize workspace"        [_thread_blocked, id=10092, stack(0x000001004a900000,0x000001004aa00000) (1024K)]
  0x00000299177767f0 JavaThread "pool-1312-thread-1"                [_thread_blocked, id=22728, stack(0x000001003cd00000,0x000001003ce00000) (1024K)]
  0x0000029917788220 JavaThread "pool-1313-thread-1"                [_thread_blocked, id=22156, stack(0x000001003d600000,0x000001003d700000) (1024K)]
  0x00000299177888b0 JavaThread "pool-1314-thread-1"                [_thread_blocked, id=11396, stack(0x000000ff93600000,0x000000ff93700000) (1024K)]
  0x00000299177b1f80 JavaThread "Worker-9366: Initialize workspace"        [_thread_blocked, id=45008, stack(0x000001003cf00000,0x000001003d000000) (1024K)]
  0x00000299177b3330 JavaThread "Connection worker"                 [_thread_blocked, id=19932, stack(0x000001004b000000,0x000001004b100000) (1024K)]
  0x00000299177b4050 JavaThread "pool-1315-thread-1"                [_thread_blocked, id=19820, stack(0x000001004b900000,0x000001004ba00000) (1024K)]
  0x0000029917781920 JavaThread "Worker-9371: Initialize workspace"        [_thread_blocked, id=40728, stack(0x0000010004100000,0x0000010004200000) (1024K)]
  0x0000029917786e70 JavaThread "Connection worker"                 [_thread_blocked, id=27364, stack(0x000001003ca00000,0x000001003cb00000) (1024K)]
  0x000002991778de00 JavaThread "Worker-9376: Initialize workspace"        [_thread_blocked, id=47944, stack(0x000001003dc00000,0x000001003dd00000) (1024K)]
  0x000002991778c3c0 JavaThread "pool-1316-thread-1"                [_thread_blocked, id=42784, stack(0x000001004b700000,0x000001004b800000) (1024K)]
  0x00000299177b2610 JavaThread "Exec process"                      [_thread_in_native, id=37848, stack(0x000001004bf00000,0x000001004c000000) (1024K)]
  0x00000299177b39c0 JavaThread "Exec process Thread 2"             [_thread_blocked, id=32888, stack(0x000001004c000000,0x000001004c100000) (1024K)]
  0x00000299177b0540 JavaThread "Worker-9382: Initialize workspace"        [_thread_blocked, id=27292, stack(0x0000010045100000,0x0000010045200000) (1024K)]
  0x000002991778a980 JavaThread "Connection worker"                 [_thread_blocked, id=17688, stack(0x000001004b800000,0x000001004b900000) (1024K)]
  0x00000299177a2cb0 JavaThread "pool-1317-thread-1"                [_thread_blocked, id=22144, stack(0x000001004bd00000,0x000001004be00000) (1024K)]
  0x00000299177b0bd0 JavaThread "Worker-9389: Initialize workspace"        [_thread_blocked, id=42548, stack(0x000000ffa0500000,0x000000ffa0600000) (1024K)]
  0x000002991778b010 JavaThread "Connection worker"                 [_thread_blocked, id=41292, stack(0x0000010040200000,0x0000010040300000) (1024K)]
  0x00000299177a2620 JavaThread "pool-1318-thread-1"                [_thread_blocked, id=47024, stack(0x000000ffd3900000,0x000000ffd3a00000) (1024K)]
  0x00000299084b5540 JavaThread "Worker-9392: Initialize workspace"        [_thread_blocked, id=22464, stack(0x000001004c200000,0x000001004c300000) (1024K)]
  0x00000299084bdf10 JavaThread "Connection worker"                 [_thread_blocked, id=26852, stack(0x000001004c500000,0x000001004c600000) (1024K)]
  0x00000299084bd1f0 JavaThread "Connection worker"                 [_thread_blocked, id=43632, stack(0x000001004c400000,0x000001004c500000) (1024K)]
  0x00000299084b4190 JavaThread "pool-1319-thread-1"                [_thread_blocked, id=36804, stack(0x000001004c100000,0x000001004c200000) (1024K)]
  0x00000299084bd880 JavaThread "pool-1320-thread-1"                [_thread_blocked, id=24456, stack(0x000001004c600000,0x000001004c700000) (1024K)]
  0x00000299084bec30 JavaThread "Connection worker"                 [_thread_blocked, id=46332, stack(0x000001004cd00000,0x000001004ce00000) (1024K)]
  0x00000299084baa90 JavaThread "Worker-9404: Initialize workspace"        [_thread_blocked, id=17480, stack(0x000001004c900000,0x000001004ca00000) (1024K)]
  0x00000299084c4180 JavaThread "Connection worker"                 [_thread_blocked, id=15948, stack(0x000001004d000000,0x000001004d100000) (1024K)]
  0x00000299084bb120 JavaThread "pool-1321-thread-1"                [_thread_blocked, id=41968, stack(0x000001003ed00000,0x000001003ee00000) (1024K)]
  0x00000299084c5bc0 JavaThread "pool-1322-thread-1"                [_thread_blocked, id=37356, stack(0x000001004d100000,0x000001004d200000) (1024K)]
  0x00000298f80fb6f0 JavaThread "Worker-9409: Initialize workspace"        [_thread_blocked, id=3536, stack(0x000001004d200000,0x000001004d300000) (1024K)]
  0x00000298f810d7b0 JavaThread "Connection worker"                 [_thread_blocked, id=23864, stack(0x000000ffb7000000,0x000000ffb7100000) (1024K)]
  0x00000298f80fcaa0 JavaThread "pool-1323-thread-1"                [_thread_blocked, id=21800, stack(0x000000ff82400000,0x000000ff82500000) (1024K)]
  0x00000298f8118f70 JavaThread "Worker-9416: Initialize workspace"        [_thread_blocked, id=17268, stack(0x000000ff83400000,0x000000ff83500000) (1024K)]
  0x000002990b1b2180 JavaThread "Worker-9422: Initialize workspace"        [_thread_blocked, id=41028, stack(0x000000ffb6d00000,0x000000ffb6e00000) (1024K)]
  0x00000299084bb7b0 JavaThread "Worker-9429: Initialize workspace"        [_thread_blocked, id=46212, stack(0x0000010049d00000,0x0000010049e00000) (1024K)]
  0x00000299084c3460 JavaThread "Connection worker"                 [_thread_blocked, id=44000, stack(0x000000ffe1d00000,0x000000ffe1e00000) (1024K)]
  0x00000299084c5530 JavaThread "Connection worker"                 [_thread_blocked, id=29104, stack(0x000001004d800000,0x000001004d900000) (1024K)]
  0x00000299084ccb50 JavaThread "pool-1324-thread-1"                [_thread_blocked, id=46452, stack(0x000001004d900000,0x000001004da00000) (1024K)]
  0x000002991555df90 JavaThread "pool-1325-thread-1"                [_thread_blocked, id=21956, stack(0x0000010048700000,0x0000010048800000) (1024K)]
  0x0000029915570d70 JavaThread "Worker-9436: Initialize workspace"        [_thread_blocked, id=23064, stack(0x000001004db00000,0x000001004dc00000) (1024K)]
  0x000002990b1ca4b0 JavaThread "Worker-9440: Initialize workspace"        [_thread_blocked, id=22264, stack(0x000000ffb7b00000,0x000000ffb7c00000) (1024K)]
  0x000002990b1e9770 JavaThread "Worker-9444: Initialize workspace"        [_thread_blocked, id=24712, stack(0x000001004df00000,0x000001004e000000) (1024K)]
  0x000002990cf16a30 JavaThread "Worker-9447: Initialize workspace"        [_thread_blocked, id=44340, stack(0x000001004da00000,0x000001004db00000) (1024K)]
  0x000002990cf17750 JavaThread "Connection worker"                 [_thread_blocked, id=40292, stack(0x000001004e700000,0x000001004e800000) (1024K)]
  0x0000029907a27ea0 JavaThread "Connection worker"                 [_thread_blocked, id=4248, stack(0x000001004ed00000,0x000001004ee00000) (1024K)]
  0x00000299079ec080 JavaThread "Connection worker"                 [_thread_blocked, id=23092, stack(0x000001004ee00000,0x000001004ef00000) (1024K)]
  0x000002990a7dee30 JavaThread "Connection worker"                 [_thread_blocked, id=2092, stack(0x000001004d600000,0x000001004d700000) (1024K)]
  0x0000029917537070 JavaThread "pool-1326-thread-1"                [_thread_blocked, id=32136, stack(0x000001004e100000,0x000001004e200000) (1024K)]
  0x00000299175469d0 JavaThread "pool-1327-thread-1"                [_thread_blocked, id=20520, stack(0x000001004ea00000,0x000001004eb00000) (1024K)]
  0x000002991756e660 JavaThread "pool-1328-thread-1"                [_thread_blocked, id=38700, stack(0x000001004f600000,0x000001004f700000) (1024K)]
  0x0000029917567d60 JavaThread "pool-1329-thread-1"                [_thread_blocked, id=17148, stack(0x000001004fd00000,0x000001004fe00000) (1024K)]
  0x0000029917784080 JavaThread "Connection worker"                 [_thread_blocked, id=29176, stack(0x000001004fe00000,0x000001004ff00000) (1024K)]
  0x00000298f67b6000 JavaThread "pool-1330-thread-1"                [_thread_blocked, id=37216, stack(0x0000010050800000,0x0000010050900000) (1024K)]
  0x00000298f67b6d20 JavaThread "Connection worker"                 [_thread_blocked, id=47320, stack(0x000000ffe1500000,0x000000ffe1600000) (1024K)]
  0x0000029908fd1920 JavaThread "Worker-9456: Initialize workspace"        [_thread_blocked, id=43132, stack(0x000000ffde500000,0x000000ffde600000) (1024K)]
  0x00000298f80a64e0 JavaThread "Worker-9460: Initialize workspace"        [_thread_blocked, id=924, stack(0x0000010050900000,0x0000010050a00000) (1024K)]
  0x00000298fd0d3160 JavaThread "Worker-9464: Initialize workspace"        [_thread_blocked, id=39624, stack(0x0000010050500000,0x0000010050600000) (1024K)]
  0x00000298f6f9d0d0 JavaThread "Connection worker"                 [_thread_blocked, id=9264, stack(0x0000010050d00000,0x0000010050e00000) (1024K)]
  0x0000029907a19260 JavaThread "Connection worker"                 [_thread_blocked, id=37896, stack(0x0000010050e00000,0x0000010050f00000) (1024K)]
  0x0000029908faeb50 JavaThread "Worker-9468: Initialize workspace"        [_thread_blocked, id=32084, stack(0x0000010050f00000,0x0000010051000000) (1024K)]
  0x0000029916b22ed0 JavaThread "pool-1331-thread-1"                [_thread_blocked, id=21044, stack(0x000001004f800000,0x000001004f900000) (1024K)]
  0x0000029916b21490 JavaThread "Connection worker"                 [_thread_blocked, id=44264, stack(0x0000010051300000,0x0000010051400000) (1024K)]
  0x0000029916b200e0 JavaThread "pool-1332-thread-1"                [_thread_blocked, id=31496, stack(0x0000010045200000,0x0000010045300000) (1024K)]
  0x0000029916b24fa0 JavaThread "Worker-9472: Initialize workspace"        [_thread_blocked, id=32324, stack(0x0000010050a00000,0x0000010050b00000) (1024K)]
  0x0000029916b25630 JavaThread "pool-1333-thread-1"                [_thread_blocked, id=18500, stack(0x0000010050c00000,0x0000010050d00000) (1024K)]
  0x0000029916b26350 JavaThread "Connection worker"                 [_thread_blocked, id=36268, stack(0x0000010051400000,0x0000010051500000) (1024K)]
  0x0000029916b56320 JavaThread "pool-1334-thread-1"                [_thread_blocked, id=10792, stack(0x0000010041b00000,0x0000010041c00000) (1024K)]
  0x0000029916b5ab50 JavaThread "Worker-9478: Initialize workspace"        [_thread_blocked, id=28632, stack(0x0000010051200000,0x0000010051300000) (1024K)]
  0x0000029916b27d90 JavaThread "Worker-9481: Initialize workspace"        [_thread_blocked, id=17952, stack(0x0000010051500000,0x0000010051600000) (1024K)]
  0x0000029916b25cc0 JavaThread "Worker-9483: Initialize workspace"        [_thread_blocked, id=32608, stack(0x0000010040b00000,0x0000010040c00000) (1024K)]
  0x0000029916b23560 JavaThread "Connection worker"                 [_thread_blocked, id=25516, stack(0x000001004e500000,0x000001004e600000) (1024K)]
  0x0000029916b29e60 JavaThread "Connection worker"                 [_thread_blocked, id=29748, stack(0x0000010051900000,0x0000010051a00000) (1024K)]
  0x0000029916b2ab80 JavaThread "Connection worker"                 [_thread_blocked, id=10684, stack(0x0000010051b00000,0x0000010051c00000) (1024K)]
  0x0000029916b2e000 JavaThread "pool-1335-thread-1"                [_thread_blocked, id=22676, stack(0x0000010051d00000,0x0000010051e00000) (1024K)]
  0x0000029916b30760 JavaThread "pool-1336-thread-1"                [_thread_blocked, id=31944, stack(0x0000010051e00000,0x0000010051f00000) (1024K)]
  0x0000029916b2d2e0 JavaThread "Connection worker"                 [_thread_blocked, id=35504, stack(0x0000010051a00000,0x0000010051b00000) (1024K)]
  0x0000029916b28420 JavaThread "pool-1337-thread-1"                [_thread_blocked, id=26884, stack(0x000000ffe1900000,0x000000ffe1a00000) (1024K)]
  0x0000029916b28ab0 JavaThread "pool-1338-thread-1"                [_thread_blocked, id=23860, stack(0x0000010049e00000,0x0000010049f00000) (1024K)]
  0x0000029916b27070 JavaThread "Worker-9491: Initialize workspace"        [_thread_blocked, id=40596, stack(0x0000010047300000,0x0000010047400000) (1024K)]
  0x0000029916b30df0 JavaThread "Exec process"                      [_thread_in_native, id=38348, stack(0x0000010052000000,0x0000010052100000) (1024K)]
  0x0000029916b33550 JavaThread "Worker-9494: Initialize workspace"        [_thread_blocked, id=27104, stack(0x0000010051f00000,0x0000010052000000) (1024K)]
  0x0000029916b31480 JavaThread "Exec process"                      [_thread_in_native, id=23644, stack(0x0000010052100000,0x0000010052200000) (1024K)]
  0x0000029916b369d0 JavaThread "Exec process Thread 2"             [_thread_blocked, id=22076, stack(0x0000010052400000,0x0000010052500000) (1024K)]
  0x0000029916b57d60 JavaThread "Worker-9498: Initialize workspace"        [_thread_blocked, id=32688, stack(0x0000010051800000,0x0000010051900000) (1024K)]
  0x0000029916b33be0 JavaThread "Exec process Thread 2"             [_thread_blocked, id=18352, stack(0x0000010052300000,0x0000010052400000) (1024K)]
  0x0000029916b37060 JavaThread "Connection worker"                 [_thread_blocked, id=29356, stack(0x0000010052500000,0x0000010052600000) (1024K)]
  0x0000029916b32ec0 JavaThread "Connection worker"                 [_thread_blocked, id=33984, stack(0x0000010052600000,0x0000010052700000) (1024K)]
  0x0000029916b38aa0 JavaThread "Connection worker"                 [_thread_blocked, id=35592, stack(0x0000010052700000,0x0000010052800000) (1024K)]
  0x0000029916b39130 JavaThread "Worker-9505: Initialize workspace"        [_thread_blocked, id=22324, stack(0x0000010052800000,0x0000010052900000) (1024K)]
  0x0000029916b34900 JavaThread "pool-1339-thread-1"                [_thread_blocked, id=25564, stack(0x0000010051c00000,0x0000010051d00000) (1024K)]
  0x0000029916b3a4e0 JavaThread "pool-1340-thread-1"                [_thread_blocked, id=20548, stack(0x0000010052900000,0x0000010052a00000) (1024K)]
  0x0000029916b3c5b0 JavaThread "pool-1341-thread-1"                [_thread_blocked, id=24852, stack(0x0000010052a00000,0x0000010052b00000) (1024K)]
  0x0000029916b3b200 JavaThread "Worker-9508: Initialize workspace"        [_thread_blocked, id=47540, stack(0x0000010052c00000,0x0000010052d00000) (1024K)]
  0x0000029916b3d960 JavaThread "Connection worker"                 [_thread_blocked, id=17592, stack(0x0000010052d00000,0x0000010052e00000) (1024K)]
  0x0000029916b3e680 JavaThread "Connection worker"                 [_thread_blocked, id=2864, stack(0x0000010052e00000,0x0000010052f00000) (1024K)]
  0x0000029916b3d2d0 JavaThread "Worker-9512: Initialize workspace"        [_thread_blocked, id=29320, stack(0x0000010052b00000,0x0000010052c00000) (1024K)]
  0x0000029916b42eb0 JavaThread "pool-1342-thread-1"                [_thread_blocked, id=12748, stack(0x0000010052200000,0x0000010052300000) (1024K)]
  0x0000029916b40750 JavaThread "pool-1343-thread-1"                [_thread_blocked, id=33704, stack(0x0000010052f00000,0x0000010053000000) (1024K)]
  0x0000029916b44260 JavaThread "Worker-9515: Initialize workspace"        [_thread_blocked, id=26656, stack(0x0000010053000000,0x0000010053100000) (1024K)]
  0x0000029916b46330 JavaThread "Connection worker"                 [_thread_blocked, id=22064, stack(0x0000010053100000,0x0000010053200000) (1024K)]
  0x0000029916b4c5a0 JavaThread "pool-1344-thread-1"                [_thread_blocked, id=33276, stack(0x000001004f900000,0x000001004fa00000) (1024K)]
  0x0000029916b49e40 JavaThread "Worker-9522: Initialize workspace"        [_thread_blocked, id=16120, stack(0x0000010050b00000,0x0000010050c00000) (1024K)]
  0x0000029916b5d940 JavaThread "Connection worker"                 [_thread_blocked, id=20524, stack(0x0000010041600000,0x0000010041700000) (1024K)]
  0x0000029916b57040 JavaThread "Worker-9529: Initialize workspace"        [_thread_blocked, id=46172, stack(0x0000010044800000,0x0000010044900000) (1024K)]
  0x0000029916b5dfd0 JavaThread "Connection worker"                 [_thread_blocked, id=23780, stack(0x000001004de00000,0x000001004df00000) (1024K)]
  0x0000029916b5fa10 JavaThread "pool-1345-thread-1"                [_thread_blocked, id=44784, stack(0x0000010053400000,0x0000010053500000) (1024K)]
  0x0000029916b4d950 JavaThread "pool-1346-thread-1"                [_thread_blocked, id=38668, stack(0x0000010053600000,0x0000010053700000) (1024K)]
  0x0000029916b4ab60 JavaThread "Worker-9534: Initialize workspace"        [_thread_blocked, id=35024, stack(0x0000010053700000,0x0000010053800000) (1024K)]
  0x0000029916b4d2c0 JavaThread "Connection worker"                 [_thread_blocked, id=39456, stack(0x0000010053300000,0x0000010053400000) (1024K)]
  0x0000029916b4e670 JavaThread "Connection worker"                 [_thread_blocked, id=36068, stack(0x0000010053800000,0x0000010053900000) (1024K)]
  0x0000029916b469c0 JavaThread "pool-1347-thread-1"                [_thread_blocked, id=24084, stack(0x0000010053200000,0x0000010053300000) (1024K)]
  0x0000029916b51af0 JavaThread "pool-1348-thread-1"                [_thread_blocked, id=27192, stack(0x000001004d400000,0x000001004d500000) (1024K)]
  0x0000029916b50740 JavaThread "Worker-9540: Initialize workspace"        [_thread_blocked, id=31300, stack(0x0000010053a00000,0x0000010053b00000) (1024K)]
  0x0000029916b52810 JavaThread "Worker-9544: Initialize workspace"        [_thread_blocked, id=43532, stack(0x0000010053b00000,0x0000010053c00000) (1024K)]
  0x0000029916b4ed00 JavaThread "Worker-9551: Initialize workspace"        [_thread_blocked, id=29316, stack(0x000001004ac00000,0x000001004ad00000) (1024K)]
  0x0000029916b53530 JavaThread "Connection worker"                 [_thread_blocked, id=29144, stack(0x0000010053900000,0x0000010053a00000) (1024K)]
  0x0000029916b51460 JavaThread "Connection worker"                 [_thread_blocked, id=40056, stack(0x0000010053c00000,0x0000010053d00000) (1024K)]
  0x0000029916b5b1e0 JavaThread "pool-1349-thread-1"                [_thread_blocked, id=40084, stack(0x0000010053d00000,0x0000010053e00000) (1024K)]
  0x0000029916b35620 JavaThread "Worker-9555: Initialize workspace"        [_thread_blocked, id=25096, stack(0x0000010053f00000,0x0000010054000000) (1024K)]
  0x0000029916b4fa20 JavaThread "pool-1350-thread-1"                [_thread_blocked, id=20068, stack(0x0000010053500000,0x0000010053600000) (1024K)]
  0x0000029916b38410 JavaThread "Worker-9559: Initialize workspace"        [_thread_blocked, id=41764, stack(0x0000010054100000,0x0000010054200000) (1024K)]
  0x0000029916b37d80 JavaThread "Connection worker"                 [_thread_blocked, id=27988, stack(0x0000010054000000,0x0000010054100000) (1024K)]
  0x000002990cf08b10 JavaThread "Connection worker"                 [_thread_blocked, id=44136, stack(0x0000010054200000,0x0000010054300000) (1024K)]
  0x000002990cf135b0 JavaThread "Connection worker"                 [_thread_blocked, id=44316, stack(0x0000010054300000,0x0000010054400000) (1024K)]
  0x00000299177b46e0 JavaThread "pool-1351-thread-1"                [_thread_blocked, id=16952, stack(0x0000010045700000,0x0000010045800000) (1024K)]
  0x000002991777b6b0 JavaThread "pool-1352-thread-1"                [_thread_blocked, id=27496, stack(0x0000010031e00000,0x0000010031f00000) (1024K)]
  0x000002991753e000 JavaThread "Worker-9569: Initialize workspace"        [_thread_blocked, id=38508, stack(0x0000010053e00000,0x0000010053f00000) (1024K)]
  0x0000029917551470 JavaThread "pool-1353-thread-1"                [_thread_blocked, id=47436, stack(0x000001004ba00000,0x000001004bb00000) (1024K)]
  0x0000029916b600a0 JavaThread "Worker-9575: Initialize workspace"        [_thread_blocked, id=37692, stack(0x0000010054400000,0x0000010054500000) (1024K)]
  0x0000029916b23bf0 JavaThread "Worker-9578: Initialize workspace"        [_thread_blocked, id=22836, stack(0x0000010054600000,0x0000010054700000) (1024K)]
  0x000002991756ecf0 JavaThread "Worker-9582: Initialize workspace"        [_thread_blocked, id=45224, stack(0x0000010054500000,0x0000010054600000) (1024K)]
  0x000002990b1dd920 JavaThread "Connection worker"                 [_thread_blocked, id=39752, stack(0x000001004cb00000,0x000001004cc00000) (1024K)]
  0x0000029917544f90 JavaThread "pool-1354-thread-1"                [_thread_blocked, id=42404, stack(0x0000010054700000,0x0000010054800000) (1024K)]
  0x0000029916b5cc20 JavaThread "Worker-9592: Initialize workspace"        [_thread_blocked, id=37576, stack(0x000000ffde600000,0x000000ffde700000) (1024K)]
  0x00000298f810eb60 JavaThread "Connection worker"                 [_thread_blocked, id=41136, stack(0x0000010046300000,0x0000010046400000) (1024K)]
  0x00000298fdd90a20 JavaThread "Connection worker"                 [_thread_blocked, id=21768, stack(0x000000ffd3100000,0x000000ffd3200000) (1024K)]
  0x00000298fdd786f0 JavaThread "Connection worker"                 [_thread_blocked, id=32000, stack(0x000001004d700000,0x000001004d800000) (1024K)]
  0x00000298f8113a20 JavaThread "pool-1355-thread-1"                [_thread_blocked, id=41620, stack(0x0000010054800000,0x0000010054900000) (1024K)]
  0x00000299084c1a20 JavaThread "pool-1356-thread-1"                [_thread_blocked, id=27592, stack(0x0000010054900000,0x0000010054a00000) (1024K)]
  0x00000298f77d3750 JavaThread "Connection worker"                 [_thread_blocked, id=44280, stack(0x0000010054c00000,0x0000010054d00000) (1024K)]
  0x000002991778bd30 JavaThread "Worker-9600: Initialize workspace"        [_thread_blocked, id=16948, stack(0x0000010054d00000,0x0000010054e00000) (1024K)]
  0x00000298fd0cae20 JavaThread "Connection worker"                 [_thread_blocked, id=25140, stack(0x000000ffd3300000,0x000000ffd3400000) (1024K)]
  0x00000298ebcfd740 JavaThread "pool-1357-thread-1"                [_thread_blocked, id=42816, stack(0x0000010054b00000,0x0000010054c00000) (1024K)]
  0x0000029915570050 JavaThread "pool-1358-thread-1"                [_thread_blocked, id=27580, stack(0x0000010054a00000,0x0000010054b00000) (1024K)]
  0x00000298f08d6b80 JavaThread "Connection worker"                 [_thread_blocked, id=32172, stack(0x0000010054e00000,0x0000010054f00000) (1024K)]
  0x0000029916025540 JavaThread "pool-1359-thread-1"                [_thread_blocked, id=33048, stack(0x0000010055300000,0x0000010055400000) (1024K)]
  0x000002990b1b7040 JavaThread "Worker-9606: Initialize workspace"        [_thread_blocked, id=47868, stack(0x0000010041100000,0x0000010041200000) (1024K)]
  0x000002990a7c9260 JavaThread "Worker-9609: Initialize workspace"        [_thread_blocked, id=18884, stack(0x000000ffffd00000,0x000000ffffe00000) (1024K)]
  0x000002991753ed20 JavaThread "Worker-9613: Initialize workspace"        [_thread_blocked, id=25280, stack(0x0000010055100000,0x0000010055200000) (1024K)]
  0x0000029908d20f20 JavaThread "Connection worker"                 [_thread_blocked, id=20612, stack(0x0000010055500000,0x0000010055600000) (1024K)]
  0x00000299179a7f10 JavaThread "Connection worker"                 [_thread_blocked, id=10732, stack(0x0000010055800000,0x0000010055900000) (1024K)]
  0x00000299179aa670 JavaThread "pool-1360-thread-1"                [_thread_blocked, id=47168, stack(0x0000010054f00000,0x0000010055000000) (1024K)]
  0x00000299179a9950 JavaThread "Worker-9621: Initialize workspace"        [_thread_blocked, id=31832, stack(0x0000010055700000,0x0000010055800000) (1024K)]
  0x00000299179a85a0 JavaThread "Connection worker"                 [_thread_blocked, id=12204, stack(0x0000010055900000,0x0000010055a00000) (1024K)]
  0x00000299179aad00 JavaThread "pool-1361-thread-1"                [_thread_blocked, id=40888, stack(0x0000010055a00000,0x0000010055b00000) (1024K)]
  0x00000299179ac0b0 JavaThread "pool-1362-thread-1"                [_thread_blocked, id=20516, stack(0x0000010055b00000,0x0000010055c00000) (1024K)]
  0x00000299179a8c30 JavaThread "Worker-9626: Initialize workspace"        [_thread_blocked, id=21376, stack(0x0000010055600000,0x0000010055700000) (1024K)]
  0x00000299179ab390 JavaThread "Worker-9628: Initialize workspace"        [_thread_blocked, id=37708, stack(0x000000ffeb600000,0x000000ffeb700000) (1024K)]
  0x00000299179ac740 JavaThread "Connection worker"                 [_thread_blocked, id=24740, stack(0x0000010055c00000,0x0000010055d00000) (1024K)]
  0x00000299179aba20 JavaThread "Worker-9630: Initialize workspace"        [_thread_blocked, id=47972, stack(0x0000010055400000,0x0000010055500000) (1024K)]
  0x00000299179af530 JavaThread "Connection worker"                 [_thread_blocked, id=20072, stack(0x0000010055f00000,0x0000010056000000) (1024K)]
  0x00000299179afbc0 JavaThread "Connection worker"                 [_thread_blocked, id=35884, stack(0x0000010056000000,0x0000010056100000) (1024K)]
  0x00000299179a7880 JavaThread "Exec process Thread 354"           [_thread_blocked, id=45856, stack(0x0000010055d00000,0x0000010055e00000) (1024K)]
  0x00000299179acdd0 JavaThread "pool-1363-thread-1"                [_thread_blocked, id=31596, stack(0x0000010055e00000,0x0000010055f00000) (1024K)]
  0x00000299179ad460 JavaThread "Exec process Thread 355"           [_thread_in_native, id=27420, stack(0x0000010056100000,0x0000010056200000) (1024K)]
  0x00000299179a92c0 JavaThread "Connection worker"                 [_thread_blocked, id=44632, stack(0x000000ffeb500000,0x000000ffeb600000) (1024K)]
  0x00000299179b0f70 JavaThread "pool-1364-thread-1"                [_thread_blocked, id=43364, stack(0x0000010056300000,0x0000010056400000) (1024K)]
  0x00000299179a9fe0 JavaThread "Exec process Thread 356"           [_thread_in_native, id=24584, stack(0x000000ffeaf00000,0x000000ffeb000000) (1024K)]
  0x00000299179adaf0 JavaThread "Worker-9639: Initialize workspace"        [_thread_blocked, id=26056, stack(0x0000010056200000,0x0000010056300000) (1024K)]
  0x00000299179b08e0 JavaThread "Exec process Thread 358"           [_thread_blocked, id=29620, stack(0x0000010056400000,0x0000010056500000) (1024K)]
  0x00000299179b1600 JavaThread "Exec process Thread 359"           [_thread_blocked, id=31652, stack(0x0000010056700000,0x0000010056800000) (1024K)]
  0x00000299179ae180 JavaThread "Exec process Thread 357"           [_thread_blocked, id=40532, stack(0x0000010056800000,0x0000010056900000) (1024K)]
  0x00000299179b1c90 JavaThread "Exec process Thread 360"           [_thread_blocked, id=13544, stack(0x0000010056900000,0x0000010056a00000) (1024K)]
  0x00000299179b2320 JavaThread "Exec process Thread 361"           [_thread_blocked, id=34100, stack(0x0000010056a00000,0x0000010056b00000) (1024K)]
  0x00000299179aeea0 JavaThread "Exec process Thread 362"           [_thread_blocked, id=22400, stack(0x0000010056b00000,0x0000010056c00000) (1024K)]
  0x00000299179b29b0 JavaThread "pool-1365-thread-1"                [_thread_blocked, id=1672, stack(0x0000010056c00000,0x0000010056d00000) (1024K)]
  0x00000299179b3040 JavaThread "Connection worker"                 [_thread_blocked, id=48052, stack(0x000000ffeb000000,0x000000ffeb100000) (1024K)]
  0x00000299179b36d0 JavaThread "Connection worker"                 [_thread_blocked, id=23116, stack(0x000000fff5c00000,0x000000fff5d00000) (1024K)]
  0x00000299179ae810 JavaThread "Worker-9642: Initialize workspace"        [_thread_blocked, id=2592, stack(0x000000fff6200000,0x000000fff6300000) (1024K)]
  0x0000029917973da0 JavaThread "Worker-9645: Initialize workspace"        [_thread_blocked, id=25716, stack(0x000001003f900000,0x000001003fa00000) (1024K)]
  0x0000029917974430 JavaThread "Connection worker"                 [_thread_blocked, id=29796, stack(0x000000ffe9800000,0x000000ffe9900000) (1024K)]
  0x0000029917975e70 JavaThread "Connection worker"                 [_thread_blocked, id=25324, stack(0x000000ff8f800000,0x000000ff8f900000) (1024K)]
  0x00000299179757e0 JavaThread "Connection worker"                 [_thread_blocked, id=28124, stack(0x000000ffa1700000,0x000000ffa1800000) (1024K)]
  0x0000029917973710 JavaThread "Connection worker"                 [_thread_blocked, id=16192, stack(0x000000ffa4a00000,0x000000ffa4b00000) (1024K)]
  0x0000029917976500 JavaThread "Connection worker"                 [_thread_blocked, id=45908, stack(0x000000ffb8f00000,0x000000ffb9000000) (1024K)]
  0x0000029917974ac0 JavaThread "Connection worker"                 [_thread_blocked, id=21064, stack(0x000000ffc5400000,0x000000ffc5500000) (1024K)]
  0x0000029917973080 JavaThread "Worker-9649: Initialize workspace"        [_thread_blocked, id=46048, stack(0x000000ffcb600000,0x000000ffcb700000) (1024K)]
  0x0000029917975150 JavaThread "Connection worker"                 [_thread_blocked, id=43944, stack(0x000000ffdf800000,0x000000ffdf900000) (1024K)]
  0x00000299179792f0 JavaThread "Worker-9659: Initialize workspace"        [_thread_blocked, id=35708, stack(0x000000ffa1200000,0x000000ffa1300000) (1024K)]
  0x00000299179778b0 JavaThread "pool-1366-thread-1"                [_thread_blocked, id=35300, stack(0x000000ffcbe00000,0x000000ffcbf00000) (1024K)]
  0x0000029917979980 JavaThread "Connection worker"                 [_thread_blocked, id=27992, stack(0x000000ffe8f00000,0x000000ffe9000000) (1024K)]
  0x00000299179785d0 JavaThread "pool-1367-thread-1"                [_thread_blocked, id=38292, stack(0x000000ffa0400000,0x000000ffa0500000) (1024K)]
  0x0000029917978c60 JavaThread "Connection worker"                 [_thread_blocked, id=42204, stack(0x000000ffeac00000,0x000000ffead00000) (1024K)]
  0x0000029917976b90 JavaThread "Connection worker"                 [_thread_blocked, id=7052, stack(0x000000ffeb100000,0x000000ffeb200000) (1024K)]
  0x0000029917977f40 JavaThread "Exec process"                      [_thread_in_native, id=45380, stack(0x000001004bb00000,0x000001004bc00000) (1024K)]
  0x000002991797c770 JavaThread "Exec process Thread 2"             [_thread_blocked, id=35632, stack(0x0000010050600000,0x0000010050700000) (1024K)]
  0x000002991797a6a0 JavaThread "pool-1368-thread-1"                [_thread_blocked, id=27236, stack(0x0000010056500000,0x0000010056600000) (1024K)]
  0x000002991797ce00 JavaThread "Worker-9670: Initialize workspace"        [_thread_blocked, id=26300, stack(0x0000010056600000,0x0000010056700000) (1024K)]
  0x000002991797c0e0 JavaThread "pool-1369-thread-1"                [_thread_blocked, id=33684, stack(0x0000010056d00000,0x0000010056e00000) (1024K)]
  0x000002991797d490 JavaThread "Connection worker"                 [_thread_blocked, id=30012, stack(0x000001004c700000,0x000001004c800000) (1024K)]
  0x000002991797a010 JavaThread "Connection worker"                 [_thread_blocked, id=23492, stack(0x0000010056f00000,0x0000010057000000) (1024K)]
  0x000002991797db20 JavaThread "pool-1370-thread-1"                [_thread_blocked, id=31900, stack(0x0000010057000000,0x0000010057100000) (1024K)]
  0x0000029917981630 JavaThread "Connection worker"                 [_thread_blocked, id=30304, stack(0x0000010057400000,0x0000010057500000) (1024K)]
  0x0000029917977220 JavaThread "Exec process Thread 363"           [_thread_blocked, id=44824, stack(0x000000ffcaa00000,0x000000ffcab00000) (1024K)]
  0x0000029917980280 JavaThread "pool-1371-thread-1"                [_thread_blocked, id=5020, stack(0x000000ffdf200000,0x000000ffdf300000) (1024K)]
  0x000002991797e1b0 JavaThread "Exec process Thread 364"           [_thread_blocked, id=21048, stack(0x0000010057100000,0x0000010057200000) (1024K)]
  0x000002991797f560 JavaThread "Exec process Thread 365"           [_thread_blocked, id=38840, stack(0x0000010057300000,0x0000010057400000) (1024K)]
  0x000002991797e840 JavaThread "pool-1372-thread-1"                [_thread_blocked, id=9976, stack(0x000000ff95e00000,0x000000ff95f00000) (1024K)]
  0x000002991797b3c0 JavaThread "Exec process"                      [_thread_in_native, id=5272, stack(0x0000010046800000,0x0000010046900000) (1024K)]
  0x0000029917981cc0 JavaThread "Worker-9676: Initialize workspace"        [_thread_blocked, id=4588, stack(0x0000010056e00000,0x0000010056f00000) (1024K)]
  0x000002991797eed0 JavaThread "Connection worker"                 [_thread_blocked, id=2340, stack(0x000000ff99800000,0x000000ff99900000) (1024K)]
  0x000002991797ba50 JavaThread "Connection worker"                 [_thread_blocked, id=21868, stack(0x000000ffb4300000,0x000000ffb4400000) (1024K)]
  0x0000029917983700 JavaThread "Worker-9685: Initialize workspace"        [_thread_blocked, id=33332, stack(0x0000010057900000,0x0000010057a00000) (1024K)]
  0x0000029917982350 JavaThread "Exec process Thread 2"             [_thread_blocked, id=33628, stack(0x0000010057b00000,0x0000010057c00000) (1024K)]
  0x0000029917986b80 JavaThread "pool-1373-thread-1"                [_thread_blocked, id=21984, stack(0x0000010058000000,0x0000010058100000) (1024K)]
  0x000002991797fbf0 JavaThread "Worker-9691: Initialize workspace"        [_thread_blocked, id=35900, stack(0x000000ffdaa00000,0x000000ffdab00000) (1024K)]
  0x0000029917983d90 JavaThread "Exec process Thread 366"           [_thread_blocked, id=22596, stack(0x0000010057700000,0x0000010057800000) (1024K)]
  0x00000299179885c0 JavaThread "Exec process Thread 367"           [_thread_blocked, id=9784, stack(0x0000010057800000,0x0000010057900000) (1024K)]
  0x00000299179878a0 JavaThread "Connection worker"                 [_thread_blocked, id=42384, stack(0x0000010057c00000,0x0000010057d00000) (1024K)]
  0x0000029917985e60 JavaThread "Exec process Thread 368"    daemon [_thread_blocked, id=32328, stack(0x0000010057f00000,0x0000010058000000) (1024K)]
  0x0000029917985140 JavaThread "Exec process Thread 369"    daemon [_thread_blocked, id=27632, stack(0x0000010058100000,0x0000010058200000) (1024K)]
  0x000002991798ba40 JavaThread "Connection worker"                 [_thread_blocked, id=26636, stack(0x0000010058300000,0x0000010058400000) (1024K)]
  0x000002991798c0d0 JavaThread "Exec process Thread 370"           [_thread_blocked, id=23496, stack(0x0000010058400000,0x0000010058500000) (1024K)]
  0x0000029917988c50 JavaThread "Exec process Thread 371"           [_thread_blocked, id=20932, stack(0x0000010058600000,0x0000010058700000) (1024K)]
  0x0000029917989970 JavaThread "Exec process Thread 372"           [_thread_blocked, id=29068, stack(0x0000010058700000,0x0000010058800000) (1024K)]
  0x000002991798ad20 JavaThread "Exec process Thread 373"           [_thread_in_native, id=27996, stack(0x0000010058800000,0x0000010058900000) (1024K)]
  0x000002991798a000 JavaThread "Exec process Thread 374"           [_thread_blocked, id=22456, stack(0x0000010058900000,0x0000010058a00000) (1024K)]
  0x000002991798c760 JavaThread "Exec process Thread 375"           [_thread_blocked, id=34860, stack(0x0000010058a00000,0x0000010058b00000) (1024K)]
  0x000002991798a690 JavaThread "Exec process Thread 376"           [_thread_in_native, id=34060, stack(0x0000010058500000,0x0000010058600000) (1024K)]
  0x0000029917980910 JavaThread "Exec process"                      [_thread_in_native, id=38684, stack(0x000000ffba800000,0x000000ffba900000) (1024K)]
  0x00000299179829e0 JavaThread "Exec process"                      [_thread_in_native, id=18712, stack(0x000000ffbe900000,0x000000ffbea00000) (1024K)]
  0x0000029917987f30 JavaThread "Exec process"                      [_thread_in_native, id=23792, stack(0x000000ffca600000,0x000000ffca700000) (1024K)]
  0x00000299179892e0 JavaThread "Exec process"                      [_thread_in_native, id=37836, stack(0x000000ffcbd00000,0x000000ffcbe00000) (1024K)]
  0x00000299179864f0 JavaThread "Exec process"                      [_thread_in_native, id=42932, stack(0x000000ffcdd00000,0x000000ffcde00000) (1024K)]
  0x000002991798b3b0 JavaThread "Exec process"                      [_thread_in_native, id=16680, stack(0x000000ffdee00000,0x000000ffdef00000) (1024K)]
  0x000002991798e1a0 JavaThread "Exec process Thread 2"             [_thread_blocked, id=1760, stack(0x0000010044700000,0x0000010044800000) (1024K)]
  0x0000029917984420 JavaThread "Exec process Thread 2"             [_thread_blocked, id=43844, stack(0x0000010047000000,0x0000010047100000) (1024K)]
  0x0000029917990270 JavaThread "Exec process"                      [_thread_in_native, id=23816, stack(0x0000010057200000,0x0000010057300000) (1024K)]
  0x000002991798d480 JavaThread "Connection worker"                 [_thread_blocked, id=48068, stack(0x0000010057500000,0x0000010057600000) (1024K)]
  0x000002991798f550 JavaThread "Connection worker"                 [_thread_blocked, id=33780, stack(0x0000010057600000,0x0000010057700000) (1024K)]
  0x000002991798db10 JavaThread "Connection worker"                 [_thread_blocked, id=12196, stack(0x0000010057a00000,0x0000010057b00000) (1024K)]
  0x0000029917992340 JavaThread "Connection worker"                 [_thread_blocked, id=30412, stack(0x0000010057d00000,0x0000010057e00000) (1024K)]
  0x0000029917983070 JavaThread "Connection worker"                 [_thread_blocked, id=25640, stack(0x0000010046000000,0x0000010046100000) (1024K)]
  0x000002991798fbe0 JavaThread "Exec process Thread 2"             [_thread_blocked, id=3852, stack(0x0000010058b00000,0x0000010058c00000) (1024K)]
  0x000002991798eec0 JavaThread "pool-1374-thread-1"                [_thread_blocked, id=41200, stack(0x000000ff97e00000,0x000000ff97f00000) (1024K)]
  0x0000029917993d80 JavaThread "Connection worker"                 [_thread_blocked, id=37716, stack(0x000000ffab400000,0x000000ffab500000) (1024K)]
  0x000002991797ad30 JavaThread "Worker-9695: Initialize workspace"        [_thread_blocked, id=17928, stack(0x000000ff8e300000,0x000000ff8e400000) (1024K)]
  0x000002991798cdf0 JavaThread "Exec process"                      [_thread_in_native, id=24060, stack(0x000000ffb3300000,0x000000ffb3400000) (1024K)]
  0x0000029917990900 JavaThread "Exec process Thread 2"             [_thread_blocked, id=34576, stack(0x000000ffe2200000,0x000000ffe2300000) (1024K)]
  0x0000029917993060 JavaThread "Exec process Thread 2"             [_thread_blocked, id=11060, stack(0x000000ffb3400000,0x000000ffb3500000) (1024K)]
  0x0000029917990f90 JavaThread "Exec process Thread 2"             [_thread_blocked, id=30880, stack(0x000000ffd1400000,0x000000ffd1500000) (1024K)]
  0x0000029917995130 JavaThread "Connection worker"                 [_thread_blocked, id=36220, stack(0x0000010055000000,0x0000010055100000) (1024K)]
  0x00000299179957c0 JavaThread "Exec process Thread 2"             [_thread_blocked, id=20084, stack(0x0000010057e00000,0x0000010057f00000) (1024K)]
  0x0000029917994410 JavaThread "Exec process Thread 2"             [_thread_blocked, id=33496, stack(0x000000ffe9a00000,0x000000ffe9b00000) (1024K)]
  0x0000029917991cb0 JavaThread "Connection worker"                 [_thread_blocked, id=5216, stack(0x000000ff8ea00000,0x000000ff8eb00000) (1024K)]
  0x0000029917996b70 JavaThread "Connection worker"                 [_thread_blocked, id=18796, stack(0x0000010058c00000,0x0000010058d00000) (1024K)]
  0x00000299179964e0 JavaThread "pool-1375-thread-1"                [_thread_blocked, id=11336, stack(0x0000010058d00000,0x0000010058e00000) (1024K)]
  0x0000029917994aa0 JavaThread "Worker-9703: Initialize workspace"        [_thread_blocked, id=15556, stack(0x0000010058e00000,0x0000010058f00000) (1024K)]
  0x0000029917987210 JavaThread "pool-1376-thread-1"                [_thread_blocked, id=31224, stack(0x000000ffb9d00000,0x000000ffb9e00000) (1024K)]
  0x0000029917991620 JavaThread "Connection worker"                 [_thread_blocked, id=28624, stack(0x000000ff9da00000,0x000000ff9db00000) (1024K)]
  0x00000299179929d0 JavaThread "Connection worker"                 [_thread_blocked, id=28580, stack(0x000000ffb0500000,0x000000ffb0600000) (1024K)]
  0x000002991798e830 JavaThread "Connection worker"                 [_thread_blocked, id=33964, stack(0x000000ffaea00000,0x000000ffaeb00000) (1024K)]
  0x00000299179936f0 JavaThread "pool-1377-thread-1"                [_thread_blocked, id=45980, stack(0x000000ffbed00000,0x000000ffbee00000) (1024K)]
  0x0000029917997f20 JavaThread "Worker-9709: Initialize Workspace"        [_thread_in_Java, id=25240, stack(0x000000ffbf700000,0x000000ffbf800000) (1024K)]
  0x0000029910331e20 JavaThread "C2 CompilerThread1"         daemon [_thread_blocked, id=13184, stack(0x000001003f000000,0x000001003f100000) (1024K)]
  0x0000029917997200 JavaThread "Worker-9710: Shutdown..."          [_thread_in_vm, id=18664, stack(0x000000ffb2200000,0x000000ffb2300000) (1024K)]
  0x0000029910331e20 JavaThread "C2 CompilerThread1"         daemon [_thread_blocked, id=13184, stack(0x000001003f000000,0x000001003f100000) (1024K)]
Total: 3425

Other Threads:
  0x0000029892800950 VMThread "VM Thread"                           [id=5632, stack(0x000000ffe4400000,0x000000ffe4500000) (1024K)]
  0x00000298927c95a0 WatcherThread "VM Periodic Task Thread"        [id=11192, stack(0x000000ffe4300000,0x000000ffe4400000) (1024K)]
  0x000002989277d810 WorkerThread "GC Thread#0"                     [id=13416, stack(0x000000ffe4200000,0x000000ffe4300000) (1024K)]
  0x00000298f03aade0 WorkerThread "GC Thread#1"                     [id=18988, stack(0x000000ffe5000000,0x000000ffe5100000) (1024K)]
  0x00000298f03aaa30 WorkerThread "GC Thread#2"                     [id=18296, stack(0x000000ffe5100000,0x000000ffe5200000) (1024K)]
  0x00000298f03aa680 WorkerThread "GC Thread#3"                     [id=5740, stack(0x000000ffe5200000,0x000000ffe5300000) (1024K)]
  0x00000298f03ab190 WorkerThread "GC Thread#4"                     [id=14800, stack(0x000000ffe5300000,0x000000ffe5400000) (1024K)]
  0x00000298f03ab540 WorkerThread "GC Thread#5"                     [id=11284, stack(0x000000ffe5400000,0x000000ffe5500000) (1024K)]
  0x00000298f03ab8f0 WorkerThread "GC Thread#6"                     [id=16816, stack(0x000000ffe5500000,0x000000ffe5600000) (1024K)]
  0x00000298f03ac050 WorkerThread "GC Thread#7"                     [id=18028, stack(0x000000ffe5700000,0x000000ffe5800000) (1024K)]
Total: 10

Threads with active compile tasks:
C2 CompilerThread0  1918788 23121   !   4       org.gradle.launcher.daemon.registry.PersistentDaemonRegistry::getDaemonsMatching (104 bytes)
Total: 1

VM state: not at safepoint (normal execution)

VM Mutex/Monitor currently owned by a thread: None

Heap address: 0x0000000080000000, size: 2048 MB, Compressed Oops mode: 32-bit

CDS archive(s) mapped at: [0x00000298aa000000-0x00000298aaba0000-0x00000298aaba0000), size 12189696, SharedBaseAddress: 0x00000298aa000000, ArchiveRelocationMode: 1.
Compressed class space mapped at: 0x00000298ab000000-0x00000298eb000000, reserved size: 1073741824
Narrow klass base: 0x00000298aa000000, Narrow klass shift: 0, Narrow klass range: 0x100000000

GC Precious Log:
 CardTable entry size: 512
 CPUs: 8 total, 8 available
 Memory: 16082M
 Large Page Support: Disabled
 NUMA Support: Disabled
 Compressed Oops: Enabled (32-bit)
 Alignments: Space 512K, Generation 512K, Heap 2M
 Heap Min Capacity: 100M
 Heap Initial Capacity: 100M
 Heap Max Capacity: 2G
 Pre-touch: Disabled
 Parallel Workers: 8

Heap:
 PSYoungGen      total 7680K, used 1036K [0x00000000d5580000, 0x00000000d6280000, 0x0000000100000000)
  eden space 7168K, 9% used [0x00000000d5580000,0x00000000d562b150,0x00000000d5c80000)
  from space 512K, 68% used [0x00000000d6200000,0x00000000d6258000,0x00000000d6280000)
  to   space 1536K, 0% used [0x00000000d5f80000,0x00000000d5f80000,0x00000000d6100000)
 ParOldGen       total 450048K, used 443522K [0x0000000080000000, 0x000000009b780000, 0x00000000d5580000)
  object space 450048K, 98% used [0x0000000080000000,0x000000009b120a18,0x000000009b780000)
 Metaspace       used 93018K, committed 96128K, reserved 1179648K
  class space    used 11024K, committed 12352K, reserved 1048576K

Card table byte_map: [0x0000029892100000,0x0000029892510000] _byte_map_base: 0x0000029891d00000

Marking Bits: (ParMarkBitMap*) 0x00007ffb1d4144a0
 Begin Bits: [0x00000298a4c10000, 0x00000298a6c10000)
 End Bits:   [0x00000298a6c10000, 0x00000298a8c10000)

Polling page: 0x0000029890550000

Metaspace:

Usage:
  Non-class:     80.07 MB used.
      Class:     10.77 MB used.
       Both:     90.84 MB used.

Virtual space:
  Non-class space:      128.00 MB reserved,      81.81 MB ( 64%) committed,  2 nodes.
      Class space:        1.00 GB reserved,      12.06 MB (  1%) committed,  1 nodes.
             Both:        1.12 GB reserved,      93.88 MB (  8%) committed. 

Chunk freelists:
   Non-Class:  14.17 MB
       Class:  4.15 MB
        Both:  18.32 MB

MaxMetaspaceSize: unlimited
CompressedClassSpaceSize: 1.00 GB
Initial GC threshold: 21.00 MB
Current GC threshold: 156.50 MB
CDS: on
 - commit_granule_bytes: 65536.
 - commit_granule_words: 8192.
 - virtual_space_node_default_size: 8388608.
 - enlarge_chunks_in_place: 1.
 - use_allocation_guard: 0.


Internal statistics:

num_allocs_failed_limit: 9.
num_arena_births: 3094.
num_arena_deaths: 704.
num_vsnodes_births: 3.
num_vsnodes_deaths: 0.
num_space_committed: 1502.
num_space_uncommitted: 0.
num_chunks_returned_to_freelist: 854.
num_chunks_taken_from_freelist: 8268.
num_chunk_merges: 247.
num_chunk_splits: 4962.
num_chunks_enlarged: 2641.
num_inconsistent_stats: 0.

CodeHeap 'non-profiled nmethods': size=120000Kb used=13118Kb max_used=20381Kb free=106881Kb
 bounds [0x000002989d430000, 0x000002989e820000, 0x00000298a4960000]
CodeHeap 'profiled nmethods': size=120000Kb used=15618Kb max_used=44827Kb free=104381Kb
 bounds [0x0000029895960000, 0x0000029898530000, 0x000002989ce90000]
CodeHeap 'non-nmethods': size=5760Kb used=1481Kb max_used=1555Kb free=4278Kb
 bounds [0x000002989ce90000, 0x000002989d100000, 0x000002989d430000]
CodeCache: size=245760Kb, used=30217Kb, max_used=66763Kb, free=215540Kb
 total_blobs=8322, nmethods=7536, adapters=691, full_count=0
Compilation: enabled, stopped_count=0, restarted_count=0

Compilation events (20 events):
Event: 1916.692 Thread 0x000002989270e760 nmethod 23112 0x00000298959ea590 code [0x00000298959ea740, 0x00000298959ea968]
Event: 1916.692 Thread 0x00000298926eb600 23114       4       net.rubygrapefruit.platform.MissingRegistryEntryException::<init> (6 bytes)
Event: 1916.694 Thread 0x000002989270e760 23116       3       org.gradle.cache.internal.btree.BTreePersistentIndexedCache$IndexBlock::get (38 bytes)
Event: 1916.695 Thread 0x00000298926eb600 nmethod 23114 0x000002989d727590 code [0x000002989d727740, 0x000002989d727a90]
Event: 1916.695 Thread 0x00000298926eb600 23115       4       org.gradle.cache.internal.btree.BlockPointer::pos (56 bytes)
Event: 1916.696 Thread 0x000002989270e760 nmethod 23116 0x00000298965b4f10 code [0x00000298965b5100, 0x00000298965b5528]
Event: 1916.696 Thread 0x000002989270e760 23117       3       org.gradle.cache.internal.btree.BTreePersistentIndexedCache$IndexBlock::find (18 bytes)
Event: 1916.696 Thread 0x00000298926eb600 nmethod 23115 0x000002989d990010 code [0x000002989d9901a0, 0x000002989d9902c0]
Event: 1916.698 Thread 0x000002989270e760 nmethod 23117 0x000002989686fe90 code [0x0000029896870080, 0x0000029896870420]
Event: 1916.698 Thread 0x000002989270e760 23118       3       org.gradle.cache.internal.btree.KeyHasher::getHashCode (29 bytes)
Event: 1916.699 Thread 0x000002989270e760 nmethod 23118 0x0000029895aa5f90 code [0x0000029895aa6160, 0x0000029895aa6440]
Event: 1916.699 Thread 0x000002989270e760 23119       3       org.gradle.internal.jvm.inspection.PersistentJvmMetadataDetector$FileSerializer::write (10 bytes)
Event: 1916.699 Thread 0x000002989270e760 nmethod 23119 0x0000029896021310 code [0x00000298960214e0, 0x00000298960218b8]
Event: 1916.970 Thread 0x00000298926eb600 23120       4       org.eclipse.buildship.core.internal.configuration.PreferenceStore$ProjectScopeEclipsePreferencesPreferenceStore::readString (12 bytes)
Event: 1917.017 Thread 0x00000298926eb600 nmethod 23120 0x000002989d822e10 code [0x000002989d822fa0, 0x000002989d8230a8]
Event: 1917.111 Thread 0x00000298926eb600 23121   !   4       org.gradle.launcher.daemon.registry.PersistentDaemonRegistry::getDaemonsMatching (104 bytes)
Event: 1918.071 Thread 0x000002989270e760 23124       3       org.gradle.internal.service.scopes.BasicGlobalScopeServices$1::getCommunicationAddress (8 bytes)
Event: 1918.072 Thread 0x000002989270e760 nmethod 23124 0x0000029895960010 code [0x00000298959601c0, 0x0000029895960308]
Event: 1918.295 Thread 0x000002989270e760 23125       3       java.lang.Class::getConstructors (27 bytes)
Event: 1918.296 Thread 0x000002989270e760 nmethod 23125 0x0000029895a1d310 code [0x0000029895a1d4e0, 0x0000029895a1d748]

GC Heap History (20 events):
Event: 1917.859 GC heap before
{Heap before GC invocations=10084 (full 10):
 PSYoungGen      total 8192K, used 7551K [0x00000000d5580000, 0x00000000d6180000, 0x0000000100000000)
  eden space 7168K, 99% used [0x00000000d5580000,0x00000000d5c7fff8,0x00000000d5c80000)
  from space 1024K, 37% used [0x00000000d5f80000,0x00000000d5fe0000,0x00000000d6080000)
  to   space 512K, 0% used [0x00000000d6100000,0x00000000d6100000,0x00000000d6180000)
 ParOldGen       total 450048K, used 420280K [0x0000000080000000, 0x000000009b780000, 0x00000000d5580000)
  object space 450048K, 93% used [0x0000000080000000,0x0000000099a6e350,0x000000009b780000)
 Metaspace       used 93006K, committed 96128K, reserved 1179648K
  class space    used 11020K, committed 12352K, reserved 1048576K
}
Event: 1917.864 GC heap after
{Heap after GC invocations=10084 (full 10):
 PSYoungGen      total 7680K, used 256K [0x00000000d5580000, 0x00000000d6180000, 0x0000000100000000)
  eden space 7168K, 0% used [0x00000000d5580000,0x00000000d5580000,0x00000000d5c80000)
  from space 512K, 50% used [0x00000000d6100000,0x00000000d6140000,0x00000000d6180000)
  to   space 512K, 0% used [0x00000000d6080000,0x00000000d6080000,0x00000000d6100000)
 ParOldGen       total 450048K, used 420497K [0x0000000080000000, 0x000000009b780000, 0x00000000d5580000)
  object space 450048K, 93% used [0x0000000080000000,0x0000000099aa4598,0x000000009b780000)
 Metaspace       used 93006K, committed 96128K, reserved 1179648K
  class space    used 11020K, committed 12352K, reserved 1048576K
}
Event: 1917.937 GC heap before
{Heap before GC invocations=10085 (full 10):
 PSYoungGen      total 7680K, used 7423K [0x00000000d5580000, 0x00000000d6180000, 0x0000000100000000)
  eden space 7168K, 99% used [0x00000000d5580000,0x00000000d5c7fff8,0x00000000d5c80000)
  from space 512K, 50% used [0x00000000d6100000,0x00000000d6140000,0x00000000d6180000)
  to   space 512K, 0% used [0x00000000d6080000,0x00000000d6080000,0x00000000d6100000)
 ParOldGen       total 450048K, used 420497K [0x0000000080000000, 0x000000009b780000, 0x00000000d5580000)
  object space 450048K, 93% used [0x0000000080000000,0x0000000099aa4598,0x000000009b780000)
 Metaspace       used 93006K, committed 96128K, reserved 1179648K
  class space    used 11020K, committed 12352K, reserved 1048576K
}
Event: 1917.943 GC heap after
{Heap after GC invocations=10085 (full 10):
 PSYoungGen      total 7680K, used 384K [0x00000000d5580000, 0x00000000d6180000, 0x0000000100000000)
  eden space 7168K, 0% used [0x00000000d5580000,0x00000000d5580000,0x00000000d5c80000)
  from space 512K, 75% used [0x00000000d6080000,0x00000000d60e0000,0x00000000d6100000)
  to   space 512K, 0% used [0x00000000d6100000,0x00000000d6100000,0x00000000d6180000)
 ParOldGen       total 450048K, used 420613K [0x0000000080000000, 0x000000009b780000, 0x00000000d5580000)
  object space 450048K, 93% used [0x0000000080000000,0x0000000099ac15c8,0x000000009b780000)
 Metaspace       used 93006K, committed 96128K, reserved 1179648K
  class space    used 11020K, committed 12352K, reserved 1048576K
}
Event: 1917.964 GC heap before
{Heap before GC invocations=10086 (full 10):
 PSYoungGen      total 7680K, used 7552K [0x00000000d5580000, 0x00000000d6180000, 0x0000000100000000)
  eden space 7168K, 100% used [0x00000000d5580000,0x00000000d5c80000,0x00000000d5c80000)
  from space 512K, 75% used [0x00000000d6080000,0x00000000d60e0000,0x00000000d6100000)
  to   space 512K, 0% used [0x00000000d6100000,0x00000000d6100000,0x00000000d6180000)
 ParOldGen       total 450048K, used 420613K [0x0000000080000000, 0x000000009b780000, 0x00000000d5580000)
  object space 450048K, 93% used [0x0000000080000000,0x0000000099ac15c8,0x000000009b780000)
 Metaspace       used 93006K, committed 96128K, reserved 1179648K
  class space    used 11020K, committed 12352K, reserved 1048576K
}
Event: 1917.970 GC heap after
{Heap after GC invocations=10086 (full 10):
 PSYoungGen      total 7680K, used 288K [0x00000000d5580000, 0x00000000d6180000, 0x0000000100000000)
  eden space 7168K, 0% used [0x00000000d5580000,0x00000000d5580000,0x00000000d5c80000)
  from space 512K, 56% used [0x00000000d6100000,0x00000000d6148000,0x00000000d6180000)
  to   space 512K, 0% used [0x00000000d6080000,0x00000000d6080000,0x00000000d6100000)
 ParOldGen       total 450048K, used 420868K [0x0000000080000000, 0x000000009b780000, 0x00000000d5580000)
  object space 450048K, 93% used [0x0000000080000000,0x0000000099b01318,0x000000009b780000)
 Metaspace       used 93006K, committed 96128K, reserved 1179648K
  class space    used 11020K, committed 12352K, reserved 1048576K
}
Event: 1918.020 GC heap before
{Heap before GC invocations=10087 (full 10):
 PSYoungGen      total 7680K, used 7456K [0x00000000d5580000, 0x00000000d6180000, 0x0000000100000000)
  eden space 7168K, 100% used [0x00000000d5580000,0x00000000d5c80000,0x00000000d5c80000)
  from space 512K, 56% used [0x00000000d6100000,0x00000000d6148000,0x00000000d6180000)
  to   space 512K, 0% used [0x00000000d6080000,0x00000000d6080000,0x00000000d6100000)
 ParOldGen       total 450048K, used 420868K [0x0000000080000000, 0x000000009b780000, 0x00000000d5580000)
  object space 450048K, 93% used [0x0000000080000000,0x0000000099b01318,0x000000009b780000)
 Metaspace       used 93006K, committed 96128K, reserved 1179648K
  class space    used 11020K, committed 12352K, reserved 1048576K
}
Event: 1918.026 GC heap after
{Heap after GC invocations=10087 (full 10):
 PSYoungGen      total 7680K, used 384K [0x00000000d5580000, 0x00000000d6180000, 0x0000000100000000)
  eden space 7168K, 0% used [0x00000000d5580000,0x00000000d5580000,0x00000000d5c80000)
  from space 512K, 75% used [0x00000000d6080000,0x00000000d60e0000,0x00000000d6100000)
  to   space 512K, 0% used [0x00000000d6100000,0x00000000d6100000,0x00000000d6180000)
 ParOldGen       total 450048K, used 421009K [0x0000000080000000, 0x000000009b780000, 0x00000000d5580000)
  object space 450048K, 93% used [0x0000000080000000,0x0000000099b245d0,0x000000009b780000)
 Metaspace       used 93006K, committed 96128K, reserved 1179648K
  class space    used 11020K, committed 12352K, reserved 1048576K
}
Event: 1918.056 GC heap before
{Heap before GC invocations=10088 (full 10):
 PSYoungGen      total 7680K, used 7551K [0x00000000d5580000, 0x00000000d6180000, 0x0000000100000000)
  eden space 7168K, 99% used [0x00000000d5580000,0x00000000d5c7ffb8,0x00000000d5c80000)
  from space 512K, 75% used [0x00000000d6080000,0x00000000d60e0000,0x00000000d6100000)
  to   space 512K, 0% used [0x00000000d6100000,0x00000000d6100000,0x00000000d6180000)
 ParOldGen       total 450048K, used 421009K [0x0000000080000000, 0x000000009b780000, 0x00000000d5580000)
  object space 450048K, 93% used [0x0000000080000000,0x0000000099b245d0,0x000000009b780000)
 Metaspace       used 93006K, committed 96128K, reserved 1179648K
  class space    used 11020K, committed 12352K, reserved 1048576K
}
Event: 1918.062 GC heap after
{Heap after GC invocations=10088 (full 10):
 PSYoungGen      total 7680K, used 480K [0x00000000d5580000, 0x00000000d6180000, 0x0000000100000000)
  eden space 7168K, 0% used [0x00000000d5580000,0x00000000d5580000,0x00000000d5c80000)
  from space 512K, 93% used [0x00000000d6100000,0x00000000d6178000,0x00000000d6180000)
  to   space 512K, 0% used [0x00000000d6080000,0x00000000d6080000,0x00000000d6100000)
 ParOldGen       total 450048K, used 421245K [0x0000000080000000, 0x000000009b780000, 0x00000000d5580000)
  object space 450048K, 93% used [0x0000000080000000,0x0000000099b5f5f0,0x000000009b780000)
 Metaspace       used 93006K, committed 96128K, reserved 1179648K
  class space    used 11020K, committed 12352K, reserved 1048576K
}
Event: 1918.096 GC heap before
{Heap before GC invocations=10089 (full 10):
 PSYoungGen      total 7680K, used 7647K [0x00000000d5580000, 0x00000000d6180000, 0x0000000100000000)
  eden space 7168K, 99% used [0x00000000d5580000,0x00000000d5c7fff0,0x00000000d5c80000)
  from space 512K, 93% used [0x00000000d6100000,0x00000000d6178000,0x00000000d6180000)
  to   space 512K, 0% used [0x00000000d6080000,0x00000000d6080000,0x00000000d6100000)
 ParOldGen       total 450048K, used 421245K [0x0000000080000000, 0x000000009b780000, 0x00000000d5580000)
  object space 450048K, 93% used [0x0000000080000000,0x0000000099b5f5f0,0x000000009b780000)
 Metaspace       used 93006K, committed 96128K, reserved 1179648K
  class space    used 11020K, committed 12352K, reserved 1048576K
}
Event: 1918.106 GC heap after
{Heap after GC invocations=10089 (full 10):
 PSYoungGen      total 7680K, used 491K [0x00000000d5580000, 0x00000000d6780000, 0x0000000100000000)
  eden space 7168K, 0% used [0x00000000d5580000,0x00000000d5580000,0x00000000d5c80000)
  from space 512K, 95% used [0x00000000d6080000,0x00000000d60faca0,0x00000000d6100000)
  to   space 5632K, 0% used [0x00000000d6200000,0x00000000d6200000,0x00000000d6780000)
 ParOldGen       total 450048K, used 425213K [0x0000000080000000, 0x000000009b780000, 0x00000000d5580000)
  object space 450048K, 94% used [0x0000000080000000,0x0000000099f3f6b8,0x000000009b780000)
 Metaspace       used 93006K, committed 96128K, reserved 1179648K
  class space    used 11020K, committed 12352K, reserved 1048576K
}
Event: 1918.135 GC heap before
{Heap before GC invocations=10090 (full 10):
 PSYoungGen      total 7680K, used 7659K [0x00000000d5580000, 0x00000000d6780000, 0x0000000100000000)
  eden space 7168K, 100% used [0x00000000d5580000,0x00000000d5c80000,0x00000000d5c80000)
  from space 512K, 95% used [0x00000000d6080000,0x00000000d60faca0,0x00000000d6100000)
  to   space 5632K, 0% used [0x00000000d6200000,0x00000000d6200000,0x00000000d6780000)
 ParOldGen       total 450048K, used 425213K [0x0000000080000000, 0x000000009b780000, 0x00000000d5580000)
  object space 450048K, 94% used [0x0000000080000000,0x0000000099f3f6b8,0x000000009b780000)
 Metaspace       used 93006K, committed 96128K, reserved 1179648K
  class space    used 11020K, committed 12352K, reserved 1048576K
}
Event: 1918.143 GC heap after
{Heap after GC invocations=10090 (full 10):
 PSYoungGen      total 10752K, used 3383K [0x00000000d5580000, 0x00000000d6580000, 0x0000000100000000)
  eden space 7168K, 0% used [0x00000000d5580000,0x00000000d5580000,0x00000000d5c80000)
  from space 3584K, 94% used [0x00000000d6200000,0x00000000d654de50,0x00000000d6580000)
  to   space 4096K, 0% used [0x00000000d5d80000,0x00000000d5d80000,0x00000000d6180000)
 ParOldGen       total 450048K, used 425405K [0x0000000080000000, 0x000000009b780000, 0x00000000d5580000)
  object space 450048K, 94% used [0x0000000080000000,0x0000000099f6f708,0x000000009b780000)
 Metaspace       used 93006K, committed 96128K, reserved 1179648K
  class space    used 11020K, committed 12352K, reserved 1048576K
}
Event: 1918.196 GC heap before
{Heap before GC invocations=10091 (full 10):
 PSYoungGen      total 10752K, used 10551K [0x00000000d5580000, 0x00000000d6580000, 0x0000000100000000)
  eden space 7168K, 100% used [0x00000000d5580000,0x00000000d5c80000,0x00000000d5c80000)
  from space 3584K, 94% used [0x00000000d6200000,0x00000000d654de50,0x00000000d6580000)
  to   space 4096K, 0% used [0x00000000d5d80000,0x00000000d5d80000,0x00000000d6180000)
 ParOldGen       total 450048K, used 425405K [0x0000000080000000, 0x000000009b780000, 0x00000000d5580000)
  object space 450048K, 94% used [0x0000000080000000,0x0000000099f6f708,0x000000009b780000)
 Metaspace       used 93006K, committed 96128K, reserved 1179648K
  class space    used 11020K, committed 12352K, reserved 1048576K
}
Event: 1918.208 GC heap after
{Heap after GC invocations=10091 (full 10):
 PSYoungGen      total 11264K, used 4064K [0x00000000d5580000, 0x00000000d6f80000, 0x0000000100000000)
  eden space 7168K, 0% used [0x00000000d5580000,0x00000000d5580000,0x00000000d5c80000)
  from space 4096K, 99% used [0x00000000d5d80000,0x00000000d6178020,0x00000000d6180000)
  to   space 9728K, 0% used [0x00000000d6600000,0x00000000d6600000,0x00000000d6f80000)
 ParOldGen       total 450048K, used 429816K [0x0000000080000000, 0x000000009b780000, 0x00000000d5580000)
  object space 450048K, 95% used [0x0000000080000000,0x000000009a3be138,0x000000009b780000)
 Metaspace       used 93006K, committed 96128K, reserved 1179648K
  class space    used 11020K, committed 12352K, reserved 1048576K
}
Event: 1918.261 GC heap before
{Heap before GC invocations=10092 (full 10):
 PSYoungGen      total 11264K, used 11232K [0x00000000d5580000, 0x00000000d6f80000, 0x0000000100000000)
  eden space 7168K, 100% used [0x00000000d5580000,0x00000000d5c80000,0x00000000d5c80000)
  from space 4096K, 99% used [0x00000000d5d80000,0x00000000d6178020,0x00000000d6180000)
  to   space 9728K, 0% used [0x00000000d6600000,0x00000000d6600000,0x00000000d6f80000)
 ParOldGen       total 450048K, used 429816K [0x0000000080000000, 0x000000009b780000, 0x00000000d5580000)
  object space 450048K, 95% used [0x0000000080000000,0x000000009a3be138,0x000000009b780000)
 Metaspace       used 93006K, committed 96128K, reserved 1179648K
  class space    used 11020K, committed 12352K, reserved 1048576K
}
Event: 1918.272 GC heap after
{Heap after GC invocations=10092 (full 10):
 PSYoungGen      total 8704K, used 1376K [0x00000000d5580000, 0x00000000d6780000, 0x0000000100000000)
  eden space 7168K, 0% used [0x00000000d5580000,0x00000000d5580000,0x00000000d5c80000)
  from space 1536K, 89% used [0x00000000d6600000,0x00000000d6758000,0x00000000d6780000)
  to   space 4096K, 0% used [0x00000000d5f80000,0x00000000d5f80000,0x00000000d6380000)
 ParOldGen       total 450048K, used 433920K [0x0000000080000000, 0x000000009b780000, 0x00000000d5580000)
  object space 450048K, 96% used [0x0000000080000000,0x000000009a7c0178,0x000000009b780000)
 Metaspace       used 93006K, committed 96128K, reserved 1179648K
  class space    used 11020K, committed 12352K, reserved 1048576K
}
Event: 1918.330 GC heap before
{Heap before GC invocations=10093 (full 10):
 PSYoungGen      total 8704K, used 8543K [0x00000000d5580000, 0x00000000d6780000, 0x0000000100000000)
  eden space 7168K, 99% used [0x00000000d5580000,0x00000000d5c7ffd0,0x00000000d5c80000)
  from space 1536K, 89% used [0x00000000d6600000,0x00000000d6758000,0x00000000d6780000)
  to   space 4096K, 0% used [0x00000000d5f80000,0x00000000d5f80000,0x00000000d6380000)
 ParOldGen       total 450048K, used 433920K [0x0000000080000000, 0x000000009b780000, 0x00000000d5580000)
  object space 450048K, 96% used [0x0000000080000000,0x000000009a7c0178,0x000000009b780000)
 Metaspace       used 93007K, committed 96128K, reserved 1179648K
  class space    used 11020K, committed 12352K, reserved 1048576K
}
Event: 1918.337 GC heap after
{Heap after GC invocations=10093 (full 10):
 PSYoungGen      total 11264K, used 288K [0x00000000d5580000, 0x00000000d6680000, 0x0000000100000000)
  eden space 7168K, 0% used [0x00000000d5580000,0x00000000d5580000,0x00000000d5c80000)
  from space 4096K, 7% used [0x00000000d5f80000,0x00000000d5fc8000,0x00000000d6380000)
  to   space 1536K, 0% used [0x00000000d6500000,0x00000000d6500000,0x00000000d6680000)
 ParOldGen       total 450048K, used 435200K [0x0000000080000000, 0x000000009b780000, 0x00000000d5580000)
  object space 450048K, 96% used [0x0000000080000000,0x000000009a9001d8,0x000000009b780000)
 Metaspace       used 93007K, committed 96128K, reserved 1179648K
  class space    used 11020K, committed 12352K, reserved 1048576K
}

Dll operation events (20 events):
Event: 0.200 Attempting to load shared library C:\Users\Cesde\.cursor\extensions\redhat.java-1.56.0-win32-x64\jre\21.0.12.1-win32-x86_64\bin\zip.dll
Event: 0.200 Loaded shared library C:\Users\Cesde\.cursor\extensions\redhat.java-1.56.0-win32-x64\jre\21.0.12.1-win32-x86_64\bin\zip.dll
Event: 0.243 Attempting to load shared library C:\Users\Cesde\.cursor\extensions\redhat.java-1.56.0-win32-x64\jre\21.0.12.1-win32-x86_64\bin\jimage.dll
Event: 0.243 Loaded shared library C:\Users\Cesde\.cursor\extensions\redhat.java-1.56.0-win32-x64\jre\21.0.12.1-win32-x86_64\bin\jimage.dll
Event: 0.329 Attempting to load shared library c:\Users\Cesde\.cursor\extensions\redhat.java-1.56.0-win32-x64\jre\21.0.12.1-win32-x86_64\bin\verify.dll
Event: 0.329 Loaded shared library c:\Users\Cesde\.cursor\extensions\redhat.java-1.56.0-win32-x64\jre\21.0.12.1-win32-x86_64\bin\verify.dll
Event: 3.632 Attempting to load shared library C:\Users\Cesde\AppData\Roaming\Cursor\User\globalStorage\redhat.java\1.56.0\config_win\org.eclipse.equinox.launcher\org.eclipse.equinox.launcher.win32.win32.x86_64_1.3.100.v20260804-1928\eclipse_11924.dll
Event: 3.633 Loaded shared library C:\Users\Cesde\AppData\Roaming\Cursor\User\globalStorage\redhat.java\1.56.0\config_win\org.eclipse.equinox.launcher\org.eclipse.equinox.launcher.win32.win32.x86_64_1.3.100.v20260804-1928\eclipse_11924.dll
Event: 7.109 Attempting to load shared library C:\Users\Cesde\.cursor\extensions\redhat.java-1.56.0-win32-x64\jre\21.0.12.1-win32-x86_64\bin\management.dll
Event: 7.109 Loaded shared library C:\Users\Cesde\.cursor\extensions\redhat.java-1.56.0-win32-x64\jre\21.0.12.1-win32-x86_64\bin\management.dll
Event: 7.111 Attempting to load shared library C:\Users\Cesde\.cursor\extensions\redhat.java-1.56.0-win32-x64\jre\21.0.12.1-win32-x86_64\bin\management_ext.dll
Event: 7.112 Loaded shared library C:\Users\Cesde\.cursor\extensions\redhat.java-1.56.0-win32-x64\jre\21.0.12.1-win32-x86_64\bin\management_ext.dll
Event: 9.916 Attempting to load shared library C:\Users\Cesde\AppData\Local\Temp\jna-64998514\jna18069657567539855597.dll
Event: 10.139 Loaded shared library C:\Users\Cesde\AppData\Local\Temp\jna-64998514\jna18069657567539855597.dll
Event: 10.348 Attempting to load shared library C:\Users\Cesde\.cursor\extensions\redhat.java-1.56.0-win32-x64\jre\21.0.12.1-win32-x86_64\bin\sunmscapi.dll
Event: 10.350 Loaded shared library C:\Users\Cesde\.cursor\extensions\redhat.java-1.56.0-win32-x64\jre\21.0.12.1-win32-x86_64\bin\sunmscapi.dll
Event: 10.767 Attempting to load shared library C:\Users\Cesde\.cursor\extensions\redhat.java-1.56.0-win32-x64\jre\21.0.12.1-win32-x86_64\bin\extnet.dll
Event: 10.776 Loaded shared library C:\Users\Cesde\.cursor\extensions\redhat.java-1.56.0-win32-x64\jre\21.0.12.1-win32-x86_64\bin\extnet.dll
Event: 12.880 Attempting to load shared library C:\Users\Cesde\.gradle\native\660c5614fbf4a5f2a75b1949f50a0caf5cd603558e7d8a26e50b933a0cfb79d1\windows-amd64\native-platform.dll
Event: 12.880 Loaded shared library C:\Users\Cesde\.gradle\native\660c5614fbf4a5f2a75b1949f50a0caf5cd603558e7d8a26e50b933a0cfb79d1\windows-amd64\native-platform.dll

Deoptimization events (20 events):
Event: 1812.349 Thread 0x000002991555f9d0 Uncommon trap: trap_request=0xffffff45 fr.pc=0x000002989e5e3dd0 relative=0x0000000000000130
Event: 1812.349 Thread 0x000002991555f9d0 Uncommon trap: reason=unstable_if action=reinterpret pc=0x000002989e5e3dd0 method=java.lang.ThreadLocal$ThreadLocalMap.expungeStaleEntries()V @ 31 c2
Event: 1812.349 Thread 0x000002991555f9d0 DEOPT PACKING pc=0x000002989e5e3dd0 sp=0x000001004a4fe670
Event: 1812.351 Thread 0x000002991555f9d0 DEOPT UNPACKING pc=0x000002989cee6da2 sp=0x000001004a4fe5f8 mode 2
Event: 1830.166 Thread 0x0000029912c0f390 Uncommon trap: trap_request=0xffffff45 fr.pc=0x000002989d5d6dd0 relative=0x0000000000000550
Event: 1830.166 Thread 0x0000029912c0f390 Uncommon trap: reason=unstable_if action=reinterpret pc=0x000002989d5d6dd0 method=java.util.concurrent.ForkJoinPool.scan(Ljava/util/concurrent/ForkJoinPool$WorkQueue;II)I @ 181 c2
Event: 1830.166 Thread 0x0000029912c0f390 DEOPT PACKING pc=0x000002989d5d6dd0 sp=0x0000010003aff640
Event: 1830.166 Thread 0x0000029912c0f390 DEOPT UNPACKING pc=0x000002989cee6da2 sp=0x0000010003aff598 mode 2
Event: 1872.896 Thread 0x00000298ebca1dc0 Uncommon trap: trap_request=0xffffff45 fr.pc=0x000002989d6a6800 relative=0x0000000000000260
Event: 1872.896 Thread 0x00000298ebca1dc0 Uncommon trap: reason=unstable_if action=reinterpret pc=0x000002989d6a6800 method=jdk.internal.ref.PhantomCleanable.remove()Z @ 12 c2
Event: 1872.896 Thread 0x00000298ebca1dc0 DEOPT PACKING pc=0x000002989d6a6800 sp=0x000000ffe4efef10
Event: 1872.898 Thread 0x00000298ebca1dc0 DEOPT UNPACKING pc=0x000002989cee6da2 sp=0x000000ffe4efeec0 mode 2
Event: 1912.307 Thread 0x00000299179ac740 Uncommon trap: trap_request=0xfffffff4 fr.pc=0x000002989df86530 relative=0x0000000000002450
Event: 1912.307 Thread 0x00000299179ac740 Uncommon trap: reason=null_check action=make_not_entrant pc=0x000002989df86530 method=java.util.jar.JarFile.getManifestFromReference()Ljava/util/jar/Manifest; @ 14 c2
Event: 1912.309 Thread 0x00000299179ac740 DEOPT PACKING pc=0x000002989df86530 sp=0x0000010055cfae40
Event: 1912.312 Thread 0x00000299179ac740 DEOPT UNPACKING pc=0x000002989cee6da2 sp=0x0000010055cfae20 mode 2
Event: 1912.384 Thread 0x0000029908f96190 Uncommon trap: trap_request=0xffffff76 fr.pc=0x000002989da2a430 relative=0x0000000000000a10
Event: 1912.384 Thread 0x0000029908f96190 Uncommon trap: reason=predicate action=maybe_recompile pc=0x000002989da2a430 method=java.util.concurrent.locks.AbstractQueuedSynchronizer$ConditionObject.await()V @ 42 c2
Event: 1912.384 Thread 0x0000029908f96190 DEOPT PACKING pc=0x000002989da2a430 sp=0x000000ffbb2fd180
Event: 1912.385 Thread 0x0000029908f96190 DEOPT UNPACKING pc=0x000002989cee6da2 sp=0x000000ffbb2fd130 mode 2

Classes loaded (20 events):
Event: 89.472 Loading class java/util/stream/Nodes$IntFixedNodeBuilder
Event: 89.472 Loading class java/util/stream/Node$Builder$OfInt
Event: 89.472 Loading class java/util/stream/Node$Builder$OfInt done
Event: 89.472 Loading class java/util/stream/Nodes$IntArrayNode
Event: 89.472 Loading class java/util/stream/Nodes$IntArrayNode done
Event: 89.472 Loading class java/util/stream/Nodes$IntFixedNodeBuilder done
Event: 89.472 Loading class java/util/stream/ReferencePipeline$4$1
Event: 89.472 Loading class java/util/stream/ReferencePipeline$4$1 done
Event: 91.387 Loading class java/util/Hashtable$ValueCollection
Event: 91.387 Loading class java/util/Hashtable$ValueCollection done
Event: 91.440 Loading class java/util/concurrent/ConcurrentHashMap$KeySpliterator
Event: 91.441 Loading class java/util/concurrent/ConcurrentHashMap$KeySpliterator done
Event: 173.850 Loading class java/util/LinkedList$LLSpliterator
Event: 173.850 Loading class java/util/LinkedList$LLSpliterator done
Event: 519.317 Loading class sun/net/ConnectionResetException
Event: 519.321 Loading class sun/net/ConnectionResetException done
Event: 1121.535 Loading class java/lang/ProcessBuilder$Redirect
Event: 1121.565 Loading class java/lang/ProcessBuilder$Redirect done
Event: 1735.749 Loading class com/sun/org/apache/xerces/internal/xni/grammars/XMLGrammarPool
Event: 1735.752 Loading class com/sun/org/apache/xerces/internal/xni/grammars/XMLGrammarPool done

Classes unloaded (20 events):
Event: 1733.877 Thread 0x0000029892800950 Unloading class 0x00000298ab185800 'java/lang/invoke/LambdaForm$MH+0x00000298ab185800'
Event: 1733.877 Thread 0x0000029892800950 Unloading class 0x00000298ab185000 'java/lang/invoke/LambdaForm$MH+0x00000298ab185000'
Event: 1733.877 Thread 0x0000029892800950 Unloading class 0x00000298ab172800 'java/lang/invoke/LambdaForm$MH+0x00000298ab172800'
Event: 1733.877 Thread 0x0000029892800950 Unloading class 0x00000298ab172000 'java/lang/invoke/LambdaForm$MH+0x00000298ab172000'
Event: 1733.877 Thread 0x0000029892800950 Unloading class 0x00000298ab171c00 'java/lang/invoke/LambdaForm$MH+0x00000298ab171c00'
Event: 1733.878 Thread 0x0000029892800950 Unloading class 0x00000298ab170c00 'java/lang/invoke/LambdaForm$MH+0x00000298ab170c00'
Event: 1733.878 Thread 0x0000029892800950 Unloading class 0x00000298ab170800 'java/lang/invoke/LambdaForm$MH+0x00000298ab170800'
Event: 1733.878 Thread 0x0000029892800950 Unloading class 0x00000298ab170000 'java/lang/invoke/LambdaForm$MH+0x00000298ab170000'
Event: 1733.878 Thread 0x0000029892800950 Unloading class 0x00000298ab118000 'java/lang/invoke/LambdaForm$MH+0x00000298ab118000'
Event: 1733.878 Thread 0x0000029892800950 Unloading class 0x00000298ab108c00 'java/lang/invoke/LambdaForm$MH+0x00000298ab108c00'
Event: 1733.878 Thread 0x0000029892800950 Unloading class 0x00000298ab08a400 'java/lang/invoke/LambdaForm$MH+0x00000298ab08a400'
Event: 1733.878 Thread 0x0000029892800950 Unloading class 0x00000298ab08a000 'java/lang/invoke/LambdaForm$MH+0x00000298ab08a000'
Event: 1733.878 Thread 0x0000029892800950 Unloading class 0x00000298ab01f800 'java/lang/invoke/LambdaForm$MH+0x00000298ab01f800'
Event: 1733.878 Thread 0x0000029892800950 Unloading class 0x00000298ab01ec00 'java/lang/invoke/LambdaForm$MH+0x00000298ab01ec00'
Event: 1733.878 Thread 0x0000029892800950 Unloading class 0x00000298ab01e800 'java/lang/invoke/LambdaForm$MH+0x00000298ab01e800'
Event: 1733.878 Thread 0x0000029892800950 Unloading class 0x00000298ab01e400 'java/lang/invoke/LambdaForm$MH+0x00000298ab01e400'
Event: 1733.878 Thread 0x0000029892800950 Unloading class 0x00000298ab018800 'java/lang/invoke/LambdaForm$MH+0x00000298ab018800'
Event: 1733.878 Thread 0x0000029892800950 Unloading class 0x00000298ab016400 'java/lang/invoke/LambdaForm$MH+0x00000298ab016400'
Event: 1733.878 Thread 0x0000029892800950 Unloading class 0x00000298ab002000 'java/lang/invoke/LambdaForm$MH+0x00000298ab002000'
Event: 1733.878 Thread 0x0000029892800950 Unloading class 0x00000298ab001800 'java/lang/invoke/LambdaForm$MH+0x00000298ab001800'

Classes redefined (0 events):
No events

Internal exceptions (20 events):
Event: 1918.222 Thread 0x000002991797fbf0 Exception <a 'sun/nio/fs/WindowsException'{0x00000000d5a312f0}> (0x00000000d5a312f0) 
thrown [s\src\hotspot\share\prims\jni.cpp, line 520]
Event: 1918.222 Thread 0x000002991797fbf0 Exception <a 'sun/nio/fs/WindowsException'{0x00000000d5a754e0}> (0x00000000d5a754e0) 
thrown [s\src\hotspot\share\prims\jni.cpp, line 520]
Event: 1918.223 Thread 0x000002991797fbf0 Exception <a 'sun/nio/fs/WindowsException'{0x00000000d5a76048}> (0x00000000d5a76048) 
thrown [s\src\hotspot\share\prims\jni.cpp, line 520]
Event: 1918.224 Thread 0x0000029917983700 Exception <a 'sun/nio/fs/WindowsException'{0x00000000d5aa5eb8}> (0x00000000d5aa5eb8) 
thrown [s\src\hotspot\share\prims\jni.cpp, line 520]
Event: 1918.224 Thread 0x0000029917983700 Exception <a 'sun/nio/fs/WindowsException'{0x00000000d5aa6338}> (0x00000000d5aa6338) 
thrown [s\src\hotspot\share\prims\jni.cpp, line 520]
Event: 1918.224 Thread 0x000002991797fbf0 Exception <a 'sun/nio/fs/WindowsException'{0x00000000d5a765e8}> (0x00000000d5a765e8) 
thrown [s\src\hotspot\share\prims\jni.cpp, line 520]
Event: 1918.224 Thread 0x0000029917983700 Exception <a 'sun/nio/fs/WindowsException'{0x00000000d5aa6af0}> (0x00000000d5aa6af0) 
thrown [s\src\hotspot\share\prims\jni.cpp, line 520]
Event: 1918.224 Thread 0x0000029917983700 Exception <a 'sun/nio/fs/WindowsException'{0x00000000d5abc268}> (0x00000000d5abc268) 
thrown [s\src\hotspot\share\prims\jni.cpp, line 520]
Event: 1918.225 Thread 0x0000029917983700 Exception <a 'sun/nio/fs/WindowsException'{0x00000000d5abd2e0}> (0x00000000d5abd2e0) 
thrown [s\src\hotspot\share\prims\jni.cpp, line 520]
Event: 1918.225 Thread 0x0000029917983700 Exception <a 'sun/nio/fs/WindowsException'{0x00000000d5abd760}> (0x00000000d5abd760) 
thrown [s\src\hotspot\share\prims\jni.cpp, line 520]
Event: 1918.225 Thread 0x00000298f2cdf940 Exception <a 'sun/nio/fs/WindowsException'{0x00000000d5ac8300}> (0x00000000d5ac8300) 
thrown [s\src\hotspot\share\prims\jni.cpp, line 520]
Event: 1918.225 Thread 0x00000298f2cdf940 Exception <a 'sun/nio/fs/WindowsException'{0x00000000d5ac8d38}> (0x00000000d5ac8d38) 
thrown [s\src\hotspot\share\prims\jni.cpp, line 520]
Event: 1918.228 Thread 0x000002991797fbf0 Exception <a 'sun/nio/fs/WindowsException'{0x00000000d5bcf828}> (0x00000000d5bcf828) 
thrown [s\src\hotspot\share\prims\jni.cpp, line 520]
Event: 1918.228 Thread 0x00000298f2cdf940 Exception <a 'sun/nio/fs/WindowsException'{0x00000000d5be10f8}> (0x00000000d5be10f8) 
thrown [s\src\hotspot\share\prims\jni.cpp, line 520]
Event: 1918.228 Thread 0x000002991797fbf0 Exception <a 'sun/nio/fs/WindowsException'{0x00000000d5bcfca8}> (0x00000000d5bcfca8) 
thrown [s\src\hotspot\share\prims\jni.cpp, line 520]
Event: 1918.228 Thread 0x00000298f2cdf940 Exception <a 'sun/nio/fs/WindowsException'{0x00000000d5be3250}> (0x00000000d5be3250) 
thrown [s\src\hotspot\share\prims\jni.cpp, line 520]
Event: 1918.228 Thread 0x000002991797fbf0 Exception <a 'sun/nio/fs/WindowsException'{0x00000000d5bd0460}> (0x00000000d5bd0460) 
thrown [s\src\hotspot\share\prims\jni.cpp, line 520]
Event: 1918.228 Thread 0x000002991797fbf0 Exception <a 'sun/nio/fs/WindowsException'{0x00000000d5bd08e0}> (0x00000000d5bd08e0) 
thrown [s\src\hotspot\share\prims\jni.cpp, line 520]
Event: 1918.228 Thread 0x000002991797fbf0 Exception <a 'sun/nio/fs/WindowsException'{0x00000000d5bd1958}> (0x00000000d5bd1958) 
thrown [s\src\hotspot\share\prims\jni.cpp, line 520]
Event: 1918.228 Thread 0x000002991797fbf0 Exception <a 'sun/nio/fs/WindowsException'{0x00000000d5be9530}> (0x00000000d5be9530) 
thrown [s\src\hotspot\share\prims\jni.cpp, line 520]

ZGC Phase Switch (0 events):
No events

VM Operations (20 events):
Event: 1917.822 Executing safepoint VM operation: ParallelGCFailedAllocation (Allocation Failure)
Event: 1917.865 Executing safepoint VM operation: ParallelGCFailedAllocation (Allocation Failure) done
Event: 1917.904 Executing safepoint VM operation: ParallelGCFailedAllocation (Allocation Failure)
Event: 1917.944 Executing safepoint VM operation: ParallelGCFailedAllocation (Allocation Failure) done
Event: 1917.961 Executing safepoint VM operation: ParallelGCFailedAllocation (Allocation Failure)
Event: 1917.970 Executing safepoint VM operation: ParallelGCFailedAllocation (Allocation Failure) done
Event: 1917.994 Executing safepoint VM operation: ParallelGCFailedAllocation (Allocation Failure)
Event: 1918.027 Executing safepoint VM operation: ParallelGCFailedAllocation (Allocation Failure) done
Event: 1918.044 Executing safepoint VM operation: ParallelGCFailedAllocation (Allocation Failure)
Event: 1918.063 Executing safepoint VM operation: ParallelGCFailedAllocation (Allocation Failure) done
Event: 1918.076 Executing safepoint VM operation: ParallelGCFailedAllocation (Allocation Failure)
Event: 1918.107 Executing safepoint VM operation: ParallelGCFailedAllocation (Allocation Failure) done
Event: 1918.118 Executing safepoint VM operation: ParallelGCFailedAllocation (Allocation Failure)
Event: 1918.144 Executing safepoint VM operation: ParallelGCFailedAllocation (Allocation Failure) done
Event: 1918.158 Executing safepoint VM operation: ParallelGCFailedAllocation (Allocation Failure)
Event: 1918.209 Executing safepoint VM operation: ParallelGCFailedAllocation (Allocation Failure) done
Event: 1918.231 Executing safepoint VM operation: ParallelGCFailedAllocation (Allocation Failure)
Event: 1918.273 Executing safepoint VM operation: ParallelGCFailedAllocation (Allocation Failure) done
Event: 1918.304 Executing safepoint VM operation: ParallelGCFailedAllocation (Allocation Failure)
Event: 1918.338 Executing safepoint VM operation: ParallelGCFailedAllocation (Allocation Failure) done

Memory protections (0 events):
No events

Nmethod flushes (20 events):
Event: 1917.594 Thread 0x0000029892800950 flushing  nmethod 0x0000029898380c90
Event: 1917.594 Thread 0x0000029892800950 flushing  nmethod 0x0000029898393090
Event: 1917.594 Thread 0x0000029892800950 flushing  nmethod 0x0000029898393710
Event: 1917.594 Thread 0x0000029892800950 flushing  nmethod 0x0000029898393b90
Event: 1917.594 Thread 0x0000029892800950 flushing  nmethod 0x00000298983d9590
Event: 1917.594 Thread 0x0000029892800950 flushing  nmethod 0x00000298983ea510
Event: 1917.594 Thread 0x0000029892800950 flushing  nmethod 0x00000298983ea910
Event: 1917.594 Thread 0x0000029892800950 flushing  nmethod 0x0000029898401610
Event: 1917.594 Thread 0x0000029892800950 flushing  nmethod 0x0000029898408f10
Event: 1917.594 Thread 0x0000029892800950 flushing  nmethod 0x0000029898442a90
Event: 1917.594 Thread 0x0000029892800950 flushing  nmethod 0x0000029898446890
Event: 1917.595 Thread 0x0000029892800950 flushing  nmethod 0x0000029898447a10
Event: 1917.595 Thread 0x0000029892800950 flushing  nmethod 0x000002989845a510
Event: 1917.595 Thread 0x0000029892800950 flushing  nmethod 0x00000298984d1010
Event: 1917.595 Thread 0x0000029892800950 flushing osr nmethod 0x00000298984d6790
Event: 1917.596 Thread 0x0000029892800950 flushing  nmethod 0x00000298984f9610
Event: 1917.596 Thread 0x0000029892800950 flushing  nmethod 0x00000298984fff10
Event: 1917.596 Thread 0x0000029892800950 flushing  nmethod 0x0000029898506090
Event: 1917.596 Thread 0x0000029892800950 flushing  nmethod 0x0000029898514a10
Event: 1917.596 Thread 0x0000029892800950 flushing  nmethod 0x0000029898523810

Events (20 events):
Event: 1918.150 Thread 0x00000299179936f0 Thread exited: 0x00000299179936f0
Event: 1918.151 Thread 0x000002991797fbf0 Thread added: 0x0000029917995e50
Event: 1918.154 Thread 0x0000029917995e50 Thread exited: 0x0000029917995e50
Event: 1918.156 Thread 0x0000029917991cb0 Thread exited: 0x0000029917991cb0
Event: 1918.220 Thread 0x0000029917984ab0 Thread added: 0x0000029917991cb0
Event: 1918.220 Thread 0x0000029917984ab0 Thread added: 0x0000029917995e50
Event: 1918.221 Thread 0x0000029917983700 Thread added: 0x00000299179929d0
Event: 1918.222 Thread 0x0000029917991cb0 Thread exited: 0x0000029917991cb0
Event: 1918.223 Thread 0x0000029917994aa0 Thread exited: 0x0000029917994aa0
Event: 1918.225 Thread 0x0000029917994410 Thread exited: 0x0000029917994410
Event: 1918.274 Thread 0x0000029917990270 Thread added: 0x00000299179936f0
Event: 1918.274 Thread 0x0000029917990270 Thread added: 0x0000029917994410
Event: 1918.275 Thread 0x00000299179929d0 Thread added: 0x0000029917994aa0
Event: 1918.283 Thread 0x00000299179936f0 Thread exited: 0x00000299179936f0
Event: 1918.284 Thread 0x0000029917983700 Thread added: 0x0000029917991cb0
Event: 1918.284 Thread 0x000002991797fbf0 Thread added: 0x0000029917996b70
Event: 1918.298 Thread 0x0000029917996b70 Thread added: 0x00000299179964e0
Event: 1918.339 Thread 0x0000029917994aa0 Thread exited: 0x0000029917994aa0
Event: 1918.344 Thread 0x00000299179929d0 Thread added: 0x00000299179936f0
Event: 1918.350 Thread 0x00000299179929d0 Thread added: 0x0000029917994aa0


Dynamic libraries:
0x00007ff6b38f0000 - 0x00007ff6b38fe000 	c:\Users\Cesde\.cursor\extensions\redhat.java-1.56.0-win32-x64\jre\21.0.12.1-win32-x86_64\bin\java.exe
0x00007ffbd3720000 - 0x00007ffbd3987000 	C:\WINDOWS\SYSTEM32\ntdll.dll
0x00007ffbd2620000 - 0x00007ffbd26eb000 	C:\WINDOWS\System32\KERNEL32.DLL
0x00007ffbd0ea0000 - 0x00007ffbd12a2000 	C:\WINDOWS\System32\KERNELBASE.dll
0x00007ffbd0c10000 - 0x00007ffbd0d5c000 	C:\WINDOWS\System32\ucrtbase.dll
0x00007ffb356f0000 - 0x00007ffb3570e000 	c:\Users\Cesde\.cursor\extensions\redhat.java-1.56.0-win32-x64\jre\21.0.12.1-win32-x86_64\bin\VCRUNTIME140.dll
0x00007ffb35d30000 - 0x00007ffb35d48000 	c:\Users\Cesde\.cursor\extensions\redhat.java-1.56.0-win32-x64\jre\21.0.12.1-win32-x86_64\bin\jli.dll
0x00007ffbd2340000 - 0x00007ffbd250f000 	C:\WINDOWS\System32\USER32.dll
0x00007ffbd0be0000 - 0x00007ffbd0c07000 	C:\WINDOWS\System32\win32u.dll
0x00007ffbd2ab0000 - 0x00007ffbd2adb000 	C:\WINDOWS\System32\GDI32.dll
0x00007ffbd0d70000 - 0x00007ffbd0e99000 	C:\WINDOWS\System32\gdi32full.dll
0x00007ffbd0920000 - 0x00007ffbd09c3000 	C:\WINDOWS\System32\msvcp_win.dll
0x00007ffbb2b40000 - 0x00007ffbb2dd0000 	C:\WINDOWS\WinSxS\amd64_microsoft.windows.common-controls_6595b64144ccf1df_6.0.26100.9278_none_3e0d1ba8e3303201\COMCTL32.dll
0x00007ffbd35a0000 - 0x00007ffbd3649000 	C:\WINDOWS\System32\msvcrt.dll
0x00007ffbd2720000 - 0x00007ffbd2751000 	C:\WINDOWS\System32\IMM32.DLL
0x00007ffbcaf00000 - 0x00007ffbcaf0c000 	c:\Users\Cesde\.cursor\extensions\redhat.java-1.56.0-win32-x64\jre\21.0.12.1-win32-x86_64\bin\vcruntime140_1.dll
0x00007ffb1d500000 - 0x00007ffb1d58d000 	c:\Users\Cesde\.cursor\extensions\redhat.java-1.56.0-win32-x64\jre\21.0.12.1-win32-x86_64\bin\msvcp140.dll
0x00007ffb1c750000 - 0x00007ffb1d4f2000 	c:\Users\Cesde\.cursor\extensions\redhat.java-1.56.0-win32-x64\jre\21.0.12.1-win32-x86_64\bin\server\jvm.dll
0x00007ffbd33a0000 - 0x00007ffbd345c000 	C:\WINDOWS\System32\ADVAPI32.dll
0x00007ffbd18f0000 - 0x00007ffbd1999000 	C:\WINDOWS\System32\sechost.dll
0x00007ffbd3480000 - 0x00007ffbd3598000 	C:\WINDOWS\System32\RPCRT4.dll
0x00007ffbd1a10000 - 0x00007ffbd1a90000 	C:\WINDOWS\System32\WS2_32.dll
0x00007ffbc7380000 - 0x00007ffbc73b6000 	C:\WINDOWS\SYSTEM32\WINMM.dll
0x00007ffbc5b80000 - 0x00007ffbc5b8b000 	C:\WINDOWS\SYSTEM32\VERSION.dll
0x00007ffbd0780000 - 0x00007ffbd07de000 	C:\WINDOWS\SYSTEM32\POWRPROF.dll
0x00007ffbd0760000 - 0x00007ffbd0775000 	C:\WINDOWS\SYSTEM32\UMPDC.dll
0x00007ffbcf5b0000 - 0x00007ffbcf5cb000 	C:\WINDOWS\SYSTEM32\kernel.appcore.dll
0x00007ffba20d0000 - 0x00007ffba20da000 	c:\Users\Cesde\.cursor\extensions\redhat.java-1.56.0-win32-x64\jre\21.0.12.1-win32-x86_64\bin\jimage.dll
0x00007ffbcdfd0000 - 0x00007ffbce21c000 	C:\WINDOWS\SYSTEM32\DBGHELP.DLL
0x00007ffbd2f80000 - 0x00007ffbd3305000 	C:\WINDOWS\System32\combase.dll
0x00007ffbd1810000 - 0x00007ffbd18e9000 	C:\WINDOWS\System32\OLEAUT32.dll
0x00007ffba90c0000 - 0x00007ffba90fb000 	C:\WINDOWS\SYSTEM32\dbgcore.DLL
0x00007ffbd09d0000 - 0x00007ffbd0a7c000 	C:\WINDOWS\System32\bcryptPrimitives.dll
0x00007ffb82b40000 - 0x00007ffb82b4f000 	c:\Users\Cesde\.cursor\extensions\redhat.java-1.56.0-win32-x64\jre\21.0.12.1-win32-x86_64\bin\instrument.dll
0x00007ffb35020000 - 0x00007ffb35040000 	c:\Users\Cesde\.cursor\extensions\redhat.java-1.56.0-win32-x64\jre\21.0.12.1-win32-x86_64\bin\java.dll
0x00007ffbd1aa0000 - 0x00007ffbd2238000 	C:\WINDOWS\System32\SHELL32.dll
0x00007ffbce340000 - 0x00007ffbcebee000 	C:\WINDOWS\SYSTEM32\windows.storage.dll
0x00007ffbd2240000 - 0x00007ffbd233b000 	C:\WINDOWS\System32\SHCORE.dll
0x00007ffbd3310000 - 0x00007ffbd3376000 	C:\WINDOWS\System32\shlwapi.dll
0x00007ffbd0840000 - 0x00007ffbd0869000 	C:\WINDOWS\SYSTEM32\profapi.dll
0x00007ffb32900000 - 0x00007ffb32918000 	c:\Users\Cesde\.cursor\extensions\redhat.java-1.56.0-win32-x64\jre\21.0.12.1-win32-x86_64\bin\zip.dll
0x00007ffb8edf0000 - 0x00007ffb8ee00000 	C:\Users\Cesde\.cursor\extensions\redhat.java-1.56.0-win32-x64\jre\21.0.12.1-win32-x86_64\bin\net.dll
0x00007ffbc8230000 - 0x00007ffbc835a000 	C:\WINDOWS\SYSTEM32\WINHTTP.dll
0x00007ffbcfb50000 - 0x00007ffbcfbbc000 	C:\WINDOWS\system32\mswsock.dll
0x00007ffb21620000 - 0x00007ffb21636000 	C:\Users\Cesde\.cursor\extensions\redhat.java-1.56.0-win32-x64\jre\21.0.12.1-win32-x86_64\bin\nio.dll
0x00007ffb80e80000 - 0x00007ffb80e90000 	c:\Users\Cesde\.cursor\extensions\redhat.java-1.56.0-win32-x64\jre\21.0.12.1-win32-x86_64\bin\verify.dll
0x00007ffb4da00000 - 0x00007ffb4da45000 	C:\Users\Cesde\AppData\Roaming\Cursor\User\globalStorage\redhat.java\1.56.0\config_win\org.eclipse.equinox.launcher\org.eclipse.equinox.launcher.win32.win32.x86_64_1.3.100.v20260804-1928\eclipse_11924.dll
0x00007ffbd2910000 - 0x00007ffbd2aaa000 	C:\WINDOWS\System32\ole32.dll
0x00007ffbbd750000 - 0x00007ffbbd75a000 	C:\Users\Cesde\.cursor\extensions\redhat.java-1.56.0-win32-x64\jre\21.0.12.1-win32-x86_64\bin\management.dll
0x00007ffbb2de0000 - 0x00007ffbb2dec000 	C:\Users\Cesde\.cursor\extensions\redhat.java-1.56.0-win32-x64\jre\21.0.12.1-win32-x86_64\bin\management_ext.dll
0x00007ffbd3470000 - 0x00007ffbd3478000 	C:\WINDOWS\System32\PSAPI.DLL
0x00007ffbcff70000 - 0x00007ffbcff8b000 	C:\WINDOWS\SYSTEM32\CRYPTSP.dll
0x00007ffbcf510000 - 0x00007ffbcf549000 	C:\WINDOWS\system32\rsaenh.dll
0x00007ffbcfc00000 - 0x00007ffbcfc34000 	C:\WINDOWS\SYSTEM32\USERENV.dll
0x00007ffbd0810000 - 0x00007ffbd083a000 	C:\WINDOWS\SYSTEM32\bcrypt.dll
0x00007ffbcfdb0000 - 0x00007ffbcfdbc000 	C:\WINDOWS\SYSTEM32\CRYPTBASE.dll
0x00007ffbcf010000 - 0x00007ffbcf043000 	C:\WINDOWS\SYSTEM32\IPHLPAPI.DLL
0x00007ffbd1a00000 - 0x00007ffbd1a0a000 	C:\WINDOWS\System32\NSI.dll
0x00007ffb4e3e0000 - 0x00007ffb4e429000 	C:\Users\Cesde\AppData\Local\Temp\jna-64998514\jna18069657567539855597.dll
0x00007ffbc8560000 - 0x00007ffbc857d000 	C:\WINDOWS\SYSTEM32\dhcpcsvc6.DLL
0x00007ffbc8440000 - 0x00007ffbc8465000 	C:\WINDOWS\SYSTEM32\dhcpcsvc.DLL
0x00007ffb8da40000 - 0x00007ffb8da4e000 	C:\Users\Cesde\.cursor\extensions\redhat.java-1.56.0-win32-x64\jre\21.0.12.1-win32-x86_64\bin\sunmscapi.dll
0x00007ffbd12b0000 - 0x00007ffbd142e000 	C:\WINDOWS\System32\CRYPT32.dll
0x00007ffbd00e0000 - 0x00007ffbd0110000 	C:\WINDOWS\SYSTEM32\ncrypt.dll
0x00007ffbd0090000 - 0x00007ffbd00cf000 	C:\WINDOWS\SYSTEM32\NTASN1.dll
0x00007ffbcf050000 - 0x00007ffbcf1a8000 	C:\WINDOWS\SYSTEM32\DNSAPI.dll
0x00007ffbcf950000 - 0x00007ffbcf95d000 	C:\WINDOWS\SYSTEM32\DSPARSE.dll
0x00007ffbc5b90000 - 0x00007ffbc5b9b000 	C:\Windows\System32\rasadhlp.dll
0x00007ffbc8600000 - 0x00007ffbc8686000 	C:\WINDOWS\System32\fwpuclnt.dll
0x00007ffbb21c0000 - 0x00007ffbb21c9000 	C:\Users\Cesde\.cursor\extensions\redhat.java-1.56.0-win32-x64\jre\21.0.12.1-win32-x86_64\bin\extnet.dll
0x00007ffb4dc70000 - 0x00007ffb4dc97000 	C:\Users\Cesde\.gradle\native\660c5614fbf4a5f2a75b1949f50a0caf5cd603558e7d8a26e50b933a0cfb79d1\windows-amd64\native-platform.dll
0x00007ffba2190000 - 0x00007ffba2198000 	C:\WINDOWS\system32\wshunix.dll

JVMTI agents:
c:\Users\Cesde\.cursor\extensions\redhat.java-1.56.0-win32-x64\lombok\lombok-1.18.39-4050.jar path:c:\Users\Cesde\.cursor\extensions\redhat.java-1.56.0-win32-x64\jre\21.0.12.1-win32-x86_64\bin\instrument.dll, loaded, initialized, instrumentlib options:none

dbghelp: loaded successfully - version: 4.0.5 - missing functions: none
symbol engine: initialized successfully - sym options: 0x614 - pdb path: .;c:\Users\Cesde\.cursor\extensions\redhat.java-1.56.0-win32-x64\jre\21.0.12.1-win32-x86_64\bin;C:\WINDOWS\SYSTEM32;C:\WINDOWS\WinSxS\amd64_microsoft.windows.common-controls_6595b64144ccf1df_6.0.26100.9278_none_3e0d1ba8e3303201;c:\Users\Cesde\.cursor\extensions\redhat.java-1.56.0-win32-x64\jre\21.0.12.1-win32-x86_64\bin\server;C:\Users\Cesde\AppData\Roaming\Cursor\User\globalStorage\redhat.java\1.56.0\config_win\org.eclipse.equinox.launcher\org.eclipse.equinox.launcher.win32.win32.x86_64_1.3.100.v20260804-1928;C:\Users\Cesde\AppData\Local\Temp\jna-64998514;C:\Users\Cesde\.gradle\native\660c5614fbf4a5f2a75b1949f50a0caf5cd603558e7d8a26e50b933a0cfb79d1\windows-amd64

VM Arguments:
jvm_args: --add-modules=ALL-SYSTEM --add-opens=java.base/java.util=ALL-UNNAMED --add-opens=java.base/java.lang=ALL-UNNAMED --add-opens=java.base/sun.nio.fs=ALL-UNNAMED -Declipse.application=org.eclipse.jdt.ls.core.id1 -Dosgi.bundles.defaultStartLevel=4 -Declipse.product=org.eclipse.jdt.ls.core.product -Djava.import.generatesMetadataFilesAtProjectRoot=false -Dm2e.project.cache.size=50 -DDetectVMInstallationsJob.disabled=true -Dfile.encoding=utf8 -XX:+UseParallelGC -XX:GCTimeRatio=4 -XX:AdaptiveSizePolicyWeight=90 -Dsun.zip.disableMemoryMapping=true -Xmx2G -Xms100m -Xlog:disable -javaagent:c:\Users\Cesde\.cursor\extensions\redhat.java-1.56.0-win32-x64\lombok\lombok-1.18.39-4050.jar -XX:+HeapDumpOnOutOfMemoryError -XX:HeapDumpPath=c:\Users\Cesde\AppData\Roaming\Cursor\User\workspaceStorage\4ef8faa889a9d1ca3221bf840ce08ccb\redhat.java -Daether.dependencyCollector.impl=bf 
java_command: c:\Users\Cesde\.cursor\extensions\redhat.java-1.56.0-win32-x64\server\plugins\org.eclipse.equinox.launcher_1.8.0.v20260804-1928.jar -configuration c:\Users\Cesde\AppData\Roaming\Cursor\User\globalStorage\redhat.java\1.56.0\config_win -data c:\Users\Cesde\AppData\Roaming\Cursor\User\workspaceStorage\4ef8faa889a9d1ca3221bf840ce08ccb\redhat.java\jdt_ws --stdio
java_class_path (initial): c:\Users\Cesde\.cursor\extensions\redhat.java-1.56.0-win32-x64\server\plugins\org.eclipse.equinox.launcher_1.8.0.v20260804-1928.jar
Launcher Type: SUN_STANDARD

[Global flags]
    uintx AdaptiveSizePolicyWeight                 = 90                                        {product} {command line}
     intx CICompilerCount                          = 4                                         {product} {ergonomic}
    uintx GCTimeRatio                              = 4                                         {product} {command line}
     bool HeapDumpOnOutOfMemoryError               = true                                   {manageable} {command line}
    ccstr HeapDumpPath                             = c:\Users\Cesde\AppData\Roaming\Cursor\User\workspaceStorage\4ef8faa889a9d1ca3221bf840ce08ccb\redhat.java         {manageable} {command line}
   size_t InitialHeapSize                          = 104857600                                 {product} {command line}
   size_t MaxHeapSize                              = 2147483648                                {product} {command line}
   size_t MaxNewSize                               = 715653120                                 {product} {ergonomic}
   size_t MinHeapDeltaBytes                        = 524288                                    {product} {ergonomic}
   size_t MinHeapSize                              = 104857600                                 {product} {command line}
   size_t NewSize                                  = 34603008                                  {product} {ergonomic}
    uintx NonNMethodCodeHeapSize                   = 5839372                                {pd product} {ergonomic}
    uintx NonProfiledCodeHeapSize                  = 122909434                              {pd product} {ergonomic}
   size_t OldSize                                  = 70254592                                  {product} {ergonomic}
    uintx ProfiledCodeHeapSize                     = 122909434                              {pd product} {ergonomic}
    uintx ReservedCodeCacheSize                    = 251658240                              {pd product} {ergonomic}
     bool SegmentedCodeCache                       = true                                      {product} {ergonomic}
   size_t SoftMaxHeapSize                          = 2147483648                             {manageable} {ergonomic}
     bool UseCompressedOops                        = true                           {product lp64_product} {ergonomic}
     bool UseLargePagesIndividualAllocation        = false                                  {pd product} {ergonomic}
     bool UseParallelGC                            = true                                      {product} {command line}

Logging:
Log output configuration:
 #0: stdout all=off uptime,level,tags foldmultilines=false
 #1: stderr all=off uptime,level,tags foldmultilines=false

Release file:
JAVA_VERSION="21.0.12.1" 
MODULES="java.base java.compiler java.datatransfer java.xml java.prefs java.desktop java.instrument java.logging java.management java.security.sasl java.naming java.rmi java.management.rmi java.net.http java.scripting java.security.jgss java.transaction.xa java.sql java.sql.rowset java.xml.crypto java.se java.smartcardio jdk.accessibility jdk.internal.jvmstat jdk.attach jdk.charsets jdk.internal.opt jdk.zipfs jdk.compiler jdk.crypto.ec jdk.crypto.cryptoki jdk.crypto.mscapi jdk.dynalink jdk.internal.ed jdk.editpad jdk.hotspot.agent jdk.httpserver jdk.internal.le jdk.internal.vm.ci jdk.internal.vm.compiler jdk.internal.vm.compiler.management jdk.jartool jdk.javadoc jdk.jcmd jdk.management jdk.management.agent jdk.jconsole jdk.jdeps jdk.jdwp.agent jdk.jdi jdk.jfr jdk.jshell jdk.jsobject jdk.jstatd jdk.localedata jdk.management.jfr jdk.naming.dns jdk.naming.rmi jdk.net jdk.nio.mapmode jdk.random jdk.sctp jdk.security.auth jdk.security.jgss jdk.unsupported jdk.unsupported.desktop jdk.xml.dom" 

Environment Variables:
PATH=C:\Program Files\Common Files\Oracle\Java\javapath;C:\WINDOWS\system32;C:\WINDOWS;C:\WINDOWS\System32\Wbem;C:\WINDOWS\System32\WindowsPowerShell\v1.0\;C:\WINDOWS\System32\OpenSSH\;C:\Program Files (x86)\Microsoft SQL Server\160\Tools\Binn\;C:\Program Files\Microsoft SQL Server\160\Tools\Binn\;C:\Program Files\Microsoft SQL Server\Client SDK\ODBC\170\Tools\Binn\;C:\Program Files\Microsoft SQL Server\160\DTS\Binn\;C:\Program Files\Git\cmd;C:\Program Files\Microsoft SQL Server\170\Tools\Binn\;C:\Program Files\dotnet\;C:\xampp\php;C:\ProgramData\ComposerSetup\bin;C:\Program Files\nodejs\;C:\ProgramData\chocolatey\bin;C:\Program Files\Docker\Docker\resources\bin;C:\Users\Cesde\AppData\Local\Microsoft\WindowsApps;C:\Users\Cesde\AppData\Local\GitHubDesktop\bin;C:\Users\Cesde\AppData\Local\Programs\Microsoft VS Code\bin;C:\Users\Cesde\AppData\Roaming\npm;C:\Users\Cesde\AppData\Local\Programs\cursor\resources\app\bin;C:\kotlinc\bin;
USERNAME=Cesde
OS=Windows_NT
PROCESSOR_IDENTIFIER=Intel64 Family 6 Model 140 Stepping 1, GenuineIntel
TMP=C:\Users\Cesde\AppData\Local\Temp
TEMP=C:\Users\Cesde\AppData\Local\Temp




Periodic native trim disabled

---------------  S Y S T E M  ---------------

OS:
 Windows 11 , 64 bit Build 26100 (10.0.26100.9444)
OS uptime: 0 days 0:38 hours
Hyper-V role detected

CPU: total 8 (initial active 8) (4 cores per cpu, 2 threads per core) family 6 model 140 stepping 1 microcode 0x86, cx8, cmov, fxsr, ht, mmx, 3dnowpref, sse, sse2, sse3, ssse3, sse4.1, sse4.2, popcnt, lzcnt, tsc, tscinvbit, avx, avx2, aes, erms, clmul, bmi1, bmi2, adx, avx512f, avx512dq, avx512cd, avx512bw, avx512vl, sha, fma, vzeroupper, avx512_vpopcntdq, avx512_vpclmulqdq, avx512_vaes, avx512_vnni, clflush, clflushopt, clwb, avx512_vbmi2, avx512_vbmi, hv, rdtscp, rdpid, fsrm, gfni, avx512_bitalg, f16c, cet_ibt, cet_ss, avx512_ifma
Processor Information for the first 8 processors :
  Max Mhz: 2803, Current Mhz: 2803, Mhz Limit: 2803

Memory: 4k page, system-wide physical 16082M (455M free)
TotalPageFile size 65234M (AvailPageFile size 1M)
current process WorkingSet (physical memory assigned to process): 585M, peak: 1716M
current process commit charge ("private bytes"): 1412M, peak: 2341M

vm_info: OpenJDK 64-Bit Server VM (21.0.12.1+1-LTS) for windows-amd64 JRE (21.0.12.1+1-LTS), built on 2026-08-18T00:00:00Z by "admin" with MS VC++ 17.12 (VS2022)

END.
